age,sex,education,race,hispanic,enrolled,full_time,school_level,labor_status,weight,usual_hours,female,race_group,employed,college_enrolled
24,1,39,1,0,0,-1,NA,4,34142616,NA,0,White,0,0
20,2,40,1,0,1,1,College,1,27470771,30,1,White,1,1
19,1,39,1,0,0,-1,NA,1,28841199,10,0,White,1,0
23,2,39,1,0,0,-1,NA,1,28202800,35,1,White,1,0
19,1,39,1,0,0,-1,NA,1,26095213,40,0,White,1,0
20,2,40,2,0,1,1,College,7,34524698,NA,1,Black,0,1
19,2,39,2,0,0,-1,NA,7,24875507,NA,1,Black,0,0
23,1,39,1,0,0,-1,NA,1,23180094,40,0,White,1,0
20,1,35,2,0,0,-1,NA,1,45062554,25,0,Black,1,0
21,1,40,2,0,1,1,College,1,45062554,25,0,Black,1,1
22,2,40,6,0,1,1,College,1,32986685,35,1,Other,1,1
19,1,39,1,0,0,-1,NA,1,24351250,60,0,White,1,0
19,2,40,2,0,1,1,College,1,36795359,16,1,Black,1,1
18,2,37,2,0,1,1,High school,7,36795359,NA,1,Black,0,0
21,2,40,1,1,1,1,College,1,34805034,12,1,White,1,1
22,1,40,1,1,1,1,College,1,31508043,28,0,White,1,1
18,1,39,1,1,1,1,College,1,41107305,10,0,White,1,1
23,2,43,1,0,0,-1,NA,1,42867685,40,1,White,1,0
23,2,39,6,1,0,-1,NA,7,14655306,NA,1,Other,0,0
19,1,39,6,1,0,-1,NA,1,12433878,40,0,Other,1,0
19,2,39,1,1,0,-1,NA,4,10836337,NA,1,White,0,0
19,2,40,1,0,1,1,College,7,8053954,NA,1,White,0,1
18,1,37,1,0,1,1,High school,7,9571734,NA,0,White,0,0
18,1,39,1,0,1,1,High school,1,8568378,20,0,White,1,0
22,1,39,1,1,0,-1,NA,1,8095949,40,0,White,1,0
22,2,39,1,1,0,-1,NA,2,7210259,40,1,White,1,0
20,2,43,1,0,1,1,College,1,10196085,40,1,White,1,1
23,1,44,1,0,0,-1,NA,1,3758002,40,0,White,1,0
20,2,40,1,0,1,1,College,7,4689816,NA,1,White,0,1
19,2,38,3,0,0,-1,NA,7,4467618,NA,1,Other,0,0
19,1,40,1,0,1,1,College,7,3500678,NA,0,White,0,1
23,1,39,1,0,1,1,College,7,3578511,NA,0,White,0,1
22,1,39,1,0,1,1,College,7,3578511,NA,0,White,0,1
20,1,39,2,0,0,-1,NA,7,6790095,NA,0,Black,0,0
23,2,43,2,0,0,-1,NA,1,5950126,40,1,Black,1,0
24,1,43,1,0,0,-1,NA,1,5533170,40,0,White,1,0
20,2,39,1,0,1,1,College,1,5417964,16,1,White,1,1
21,2,39,1,1,1,1,College,3,5364129,NA,1,White,0,1
20,2,39,1,0,1,1,College,7,5417964,NA,1,White,0,1
22,2,43,4,0,0,-1,NA,7,5652992,NA,1,Asian,0,0
23,1,43,1,1,1,2,College,1,3386557,40,0,White,1,1
23,1,40,2,0,0,-1,NA,1,56653725,40,0,Black,1,0
22,2,43,1,0,0,-1,NA,1,57329584,30,1,White,1,0
18,2,37,1,0,1,1,High school,1,63100843,15,1,White,1,0
20,2,40,2,0,1,1,College,1,71056947,20,1,Black,1,1
20,2,39,2,0,1,1,College,7,71056947,NA,1,Black,0,1
18,2,37,2,0,1,1,High school,7,100745216,NA,1,Black,0,0
24,2,43,2,0,1,2,College,1,78849459,40,1,Black,1,1
24,2,43,1,0,0,-1,NA,1,58406289,40,1,White,1,0
18,2,37,2,0,1,1,High school,7,64489905,NA,1,Black,0,0
21,1,39,1,0,0,-1,NA,1,54784237,40,0,White,1,0
21,2,39,1,0,0,-1,NA,1,55358163,40,1,White,1,0
20,1,39,1,0,1,1,College,7,53550691,NA,0,White,0,1
19,1,39,1,0,1,1,College,7,44401513,NA,0,White,0,1
20,1,39,1,0,1,1,College,7,53550691,NA,0,White,0,1
21,1,39,1,0,1,1,College,1,53550691,20,0,White,1,1
21,1,39,3,1,0,-1,NA,1,80385575,36,0,Other,1,0
22,1,39,1,0,0,-1,NA,1,58432180,40,0,White,1,0
24,2,43,1,1,0,-1,NA,1,58457637,40,1,White,1,0
21,1,43,1,1,0,-1,NA,1,61256305,30,0,White,1,0
18,2,39,1,1,1,1,College,7,74555247,NA,1,White,0,1
24,1,44,1,1,0,-1,NA,5,53995395,NA,0,White,0,0
20,1,39,1,1,1,1,College,7,42504736,NA,0,White,0,1
20,1,40,1,0,1,1,College,1,56854891,20,0,White,1,1
23,2,40,1,1,1,1,College,7,54213774,NA,1,White,0,1
21,2,40,1,1,1,1,College,7,54213774,NA,1,White,0,1
20,1,39,1,0,0,-1,NA,1,77007291,NA,0,White,1,0
20,2,39,1,0,0,-1,NA,7,64939324,NA,1,White,0,0
22,1,39,1,1,0,-1,NA,1,39851149,40,0,White,1,0
24,1,39,1,0,0,-1,NA,7,56732511,NA,0,White,0,0
23,2,42,1,0,1,1,College,1,61165287,50,1,White,1,1
18,1,39,1,0,1,1,College,1,54282748,18,0,White,1,1
21,2,39,1,0,1,2,College,1,53914041,30,1,White,1,1
23,1,39,2,0,0,-1,NA,6,64345349,NA,0,Black,0,0
18,1,36,1,0,0,-1,NA,7,49171353,NA,0,White,0,0
18,2,39,1,0,1,1,College,7,63040032,NA,1,White,0,1
22,1,39,1,0,0,-1,NA,1,57263309,40,0,White,1,0
24,1,40,1,0,1,1,College,7,50069237,NA,0,White,0,1
22,2,39,2,0,0,-1,NA,1,57123932,40,1,Black,1,0
22,2,39,2,0,0,-1,NA,1,57123932,40,1,Black,1,0
21,1,39,1,1,0,-1,NA,1,44868924,40,0,White,1,0
20,1,37,1,1,1,1,High school,1,44868924,40,0,White,1,0
23,2,40,1,1,1,1,College,1,43983848,9,1,White,1,1
20,2,40,1,0,0,-1,NA,1,49344934,NA,1,White,1,0
21,2,40,1,0,0,-1,NA,1,49344934,NA,1,White,1,0
18,2,39,1,0,1,1,College,7,46927238,NA,1,White,0,1
23,1,39,1,0,0,-1,NA,1,52104559,40,0,White,1,0
20,2,40,2,0,1,1,College,1,48363980,20,1,Black,1,1
18,2,39,2,0,1,1,College,1,60401337,9,1,Black,1,1
23,1,39,4,0,0,-1,NA,1,33953488,40,0,Asian,1,0
21,2,40,1,0,1,1,College,1,20145452,NA,1,White,1,1
23,2,43,1,0,1,1,College,7,21007042,NA,1,White,0,1
23,2,40,2,0,1,2,College,1,32370001,40,1,Black,1,1
23,1,39,1,1,0,-1,NA,1,20614338,70,0,White,1,0
19,2,39,3,1,0,-1,NA,1,23752336,30,1,Other,1,0
21,1,39,2,0,0,-1,NA,7,30708456,NA,0,Black,0,0
24,1,43,1,0,1,1,College,7,22877173,NA,0,White,0,1
24,1,32,1,0,1,1,High school,7,22877173,NA,0,White,0,0
19,1,36,1,0,0,-1,NA,1,24154117,33,0,White,1,0
21,1,40,1,0,1,1,College,7,57553134,NA,0,White,0,1
18,1,40,1,0,1,1,College,7,52253027,NA,0,White,0,1
24,2,43,1,1,0,-1,NA,1,47988441,40,1,White,1,0
23,2,43,1,1,0,-1,NA,1,47988441,40,1,White,1,0
22,1,40,2,0,1,1,College,7,71019465,NA,0,Black,0,1
19,2,38,2,0,0,-1,NA,7,49170457,NA,1,Black,0,0
21,1,41,1,0,0,-1,NA,1,42954661,50,0,White,1,0
24,2,39,1,0,0,-1,NA,1,39745621,40,1,White,1,0
24,2,39,6,1,0,-1,NA,7,42008191,NA,1,Other,0,0
19,2,39,4,0,1,2,High school,7,24893461,NA,1,Asian,0,0
22,1,35,1,1,0,-1,NA,7,27579328,NA,0,White,0,0
23,1,43,1,0,0,-1,NA,1,36010826,40,0,White,1,0
24,1,43,1,0,0,-1,NA,1,36010826,40,0,White,1,0
20,1,40,4,0,1,1,College,7,22753329,NA,0,Asian,0,1
19,2,40,1,0,1,1,College,1,32094448,NA,1,White,1,1
22,2,39,1,0,0,-1,NA,1,29194531,25,1,White,1,0
22,2,34,1,0,1,1,High school,7,29194531,NA,1,White,0,0
24,1,39,1,0,0,-1,NA,4,51698736,NA,0,White,0,0
20,2,40,1,0,1,1,College,7,35641988,NA,1,White,0,1
24,2,43,4,0,1,1,College,7,33527733,NA,1,Asian,0,1
22,1,43,1,1,1,1,College,7,36703078,NA,0,White,0,1
19,2,39,1,1,1,1,College,7,31090656,NA,1,White,0,1
22,2,43,4,0,0,-1,NA,1,33114475,40,1,Asian,1,0
24,1,43,4,0,1,1,College,7,28855800,NA,0,Asian,0,1
22,2,39,4,0,0,-1,NA,1,36321206,25,1,Asian,1,0
21,1,40,4,0,1,1,College,1,27961475,40,0,Asian,1,1
18,1,39,1,0,0,-1,NA,7,23524030,NA,0,White,0,0
20,2,40,2,0,1,1,College,7,42446864,NA,1,Black,0,1
22,2,36,2,0,0,-1,NA,1,26150579,40,1,Black,1,0
23,2,42,7,0,1,1,College,1,29237908,8,1,Other,1,1
18,1,36,2,0,1,1,High school,7,35112211,NA,0,Black,0,0
24,2,42,1,1,1,1,College,1,11405075,40,1,White,1,1
22,2,42,1,1,1,1,College,1,11405075,40,1,White,1,1
22,2,43,1,1,0,-1,NA,1,11405075,40,1,White,1,0
24,2,43,4,0,0,-1,NA,7,18066728,NA,1,Asian,0,0
22,2,43,1,0,0,-1,NA,1,13322889,40,1,White,1,0
21,1,38,1,1,0,-1,NA,1,40660732,40,0,White,1,0
22,1,40,2,0,1,1,College,7,58463724,NA,0,Black,0,1
19,2,40,2,0,1,1,College,7,63137008,NA,1,Black,0,1
21,2,40,1,1,0,-1,NA,6,60378787,NA,1,White,0,0
18,2,39,2,1,1,1,College,1,64708997,25,1,Black,1,1
21,1,40,4,0,1,1,College,7,36640566,NA,0,Asian,0,1
24,1,43,4,0,0,-1,NA,1,36640566,40,0,Asian,1,0
23,2,43,6,0,0,-1,NA,1,68957158,25,1,Other,1,0
24,2,44,1,0,0,-1,NA,1,60326816,40,1,White,1,0
19,1,39,1,0,1,1,College,7,52009459,NA,0,White,0,1
22,1,39,1,0,0,-1,NA,1,61569527,33,0,White,1,0
22,2,43,2,1,0,-1,NA,1,54747065,40,1,Black,1,0
20,2,40,2,0,1,1,College,1,66774711,20,1,Black,1,1
22,1,40,2,0,1,2,College,1,35105364,35,0,Black,1,1
22,1,40,1,1,1,1,College,7,41962198,NA,0,White,0,1
20,1,40,1,1,0,-1,NA,7,40089727,NA,0,White,0,0
18,2,40,2,1,1,1,College,1,50580698,10,1,Black,1,1
22,1,42,1,1,1,1,High school,7,53617650,NA,0,White,0,0
20,1,39,1,0,0,-1,NA,4,58264642,NA,0,White,0,0
20,1,40,1,0,1,1,College,7,52867161,NA,0,White,0,1
23,2,40,1,0,1,1,College,7,59657803,NA,1,White,0,1
21,1,43,1,0,1,1,College,1,53852451,40,0,White,1,1
19,1,40,2,0,1,1,College,7,45694990,NA,0,Black,0,1
20,1,39,2,0,0,-1,NA,1,45772064,40,0,Black,1,0
24,1,34,2,0,0,-1,NA,6,55119236,NA,0,Black,0,0
24,2,42,2,0,0,-1,NA,1,47899730,40,1,Black,1,0
19,1,39,2,0,0,-1,NA,7,46487366,NA,0,Black,0,0
22,1,40,1,0,0,-1,NA,1,57175270,60,0,White,1,0
20,2,40,1,0,0,-1,NA,7,58085073,NA,1,White,0,0
22,1,40,4,0,1,1,College,7,36126017,NA,0,Asian,0,1
18,1,40,4,0,1,1,College,7,32527311,NA,0,Asian,0,1
20,1,40,1,1,1,1,College,7,63666338,NA,0,White,0,1
20,2,39,1,1,0,-1,NA,1,76788603,20,1,White,1,0
24,1,43,4,0,1,1,College,7,43571668,NA,0,Asian,0,1
22,1,43,1,0,0,-1,NA,1,57175270,40,0,White,1,0
23,2,43,1,0,0,-1,NA,1,50189109,45,1,White,1,0
24,2,43,1,0,0,-1,NA,1,50189109,50,1,White,1,0
24,2,43,1,0,0,-1,NA,1,50189109,40,1,White,1,0
22,1,44,4,0,1,1,College,7,41449572,NA,0,Asian,0,1
22,1,44,4,0,1,1,College,7,41449572,NA,0,Asian,0,1
18,1,39,1,0,0,-1,NA,1,50062555,30,0,White,1,0
22,1,35,1,1,0,-1,NA,1,37759858,40,0,White,1,0
24,2,43,1,1,0,-1,NA,1,55903136,40,1,White,1,0
23,2,44,1,0,1,1,College,7,62596534,NA,1,White,0,1
23,2,35,1,1,0,-1,NA,1,76788603,60,1,White,1,0
24,1,42,1,0,0,-1,NA,1,61289852,40,0,White,1,0
20,1,39,2,0,0,-1,NA,1,71753532,NA,0,Black,1,0
19,1,39,1,0,0,-1,NA,6,54815770,NA,0,White,0,0
20,2,40,1,0,1,1,College,7,57038394,NA,1,White,0,1
18,2,37,1,0,1,1,High school,1,55453346,25,1,White,1,0
22,1,42,1,0,0,-1,NA,1,43848608,45,0,White,1,0
21,1,38,1,1,0,-1,NA,1,36530106,40,0,White,1,0
24,2,43,1,0,0,-1,NA,1,56454896,40,1,White,1,0
21,2,39,1,1,0,-1,NA,1,40084119,40,1,White,1,0
24,1,39,1,1,0,-1,NA,1,35636611,40,0,White,1,0
22,1,42,1,0,0,-1,NA,1,51658183,40,0,White,1,0
24,2,38,1,0,0,-1,NA,6,49373541,NA,1,White,0,0
24,2,43,1,0,0,-1,NA,1,57038394,20,1,White,1,0
23,2,43,1,0,0,-1,NA,1,49561088,70,1,White,1,0
19,2,39,1,0,0,-1,NA,1,56541910,70,1,White,1,0
19,2,39,1,0,0,-1,NA,1,56541910,70,1,White,1,0
21,1,40,1,0,1,1,College,1,55277552,20,0,White,1,1
21,1,40,1,0,1,1,College,7,55277552,NA,0,White,0,1
22,1,40,1,0,1,1,College,7,55277552,NA,0,White,0,1
21,1,40,1,0,1,1,College,1,55277552,12,0,White,1,1
19,2,39,1,1,0,-1,NA,7,53539312,NA,1,White,0,0
20,2,39,1,1,0,-1,NA,7,43476520,NA,1,White,0,0
20,1,39,1,1,0,-1,NA,1,38784096,30,0,White,1,0
24,1,39,1,0,0,-1,NA,1,53649663,NA,0,White,1,0
18,1,36,1,0,1,1,High school,7,37267288,NA,0,White,0,0
23,1,43,1,1,0,-1,NA,1,30573355,40,0,White,1,0
21,2,40,1,1,1,1,College,1,43698768,30,1,White,1,1
19,1,40,1,0,1,1,College,7,39105470,NA,0,White,0,1
19,1,40,1,0,1,1,College,7,39105470,NA,0,White,0,1
19,1,40,1,0,1,1,College,7,39105470,NA,0,White,0,1
19,1,39,5,1,0,-1,NA,1,54819995,40,0,Other,1,0
23,2,33,5,1,0,-1,NA,1,51454679,40,1,Other,1,0
21,2,39,2,0,0,-1,NA,1,64682705,40,1,Black,1,0
19,1,39,2,0,0,-1,NA,1,106457804,40,0,Black,1,0
19,2,39,4,0,1,1,College,1,44935177,20,1,Asian,1,1
22,1,39,1,0,0,-1,NA,6,43575498,NA,0,White,0,0
23,2,40,1,0,1,1,College,1,37364653,NA,1,White,1,1
22,2,40,1,0,1,1,College,2,37364653,6,1,White,1,1
20,2,40,1,0,1,1,College,1,45375528,NA,1,White,1,1
20,2,40,1,0,1,1,College,1,45375528,15,1,White,1,1
20,1,40,1,0,1,1,College,2,39439980,NA,0,White,1,1
19,1,40,1,0,1,1,College,2,36111446,NA,0,White,1,1
20,1,40,1,0,1,1,College,7,39439980,NA,0,White,0,1
19,1,40,1,0,1,1,College,2,36111446,NA,0,White,1,1
23,2,39,1,0,0,-1,NA,7,37711014,NA,1,White,0,0
22,2,40,1,0,1,1,College,1,67911388,40,1,White,1,1
21,1,39,1,0,0,-1,NA,1,71178512,55,0,White,1,0
23,1,43,1,0,1,2,College,1,62375808,40,0,White,1,1
23,2,39,3,1,0,-1,NA,1,57351696,40,1,Other,1,0
21,2,39,3,1,0,-1,NA,1,57351696,40,1,Other,1,0
24,2,39,2,0,0,-1,NA,1,110514996,30,1,Black,1,0
21,1,40,1,0,1,1,College,7,54371348,NA,0,White,0,1
19,1,39,1,0,0,-1,NA,7,46860901,NA,0,White,0,0
24,1,39,1,0,0,-1,NA,4,68428577,NA,0,White,0,0
18,2,39,1,1,0,-1,NA,7,46427122,NA,1,White,0,0
22,1,44,4,0,0,-1,NA,4,46441333,NA,0,Asian,0,0
24,2,44,4,0,0,-1,NA,1,45375359,30,1,Asian,1,0
23,2,39,2,0,0,-1,NA,1,87534302,12,1,Black,1,0
19,1,39,1,0,0,-1,NA,1,54444159,40,0,White,1,0
21,1,40,1,0,0,-1,NA,1,42824081,40,0,White,1,0
21,2,40,1,0,0,-1,NA,1,39226504,40,1,White,1,0
24,1,38,1,0,0,-1,NA,7,47902781,NA,0,White,0,0
21,2,39,1,0,0,-1,NA,1,63086020,35,1,White,1,0
23,1,39,1,0,0,-1,NA,1,49232962,NA,0,White,1,0
22,2,39,1,0,0,-1,NA,7,58453142,NA,1,White,0,0
22,1,39,1,0,0,-1,NA,1,49232962,40,0,White,1,0
24,1,39,1,0,0,-1,NA,1,43709859,NA,0,White,1,0
20,1,39,1,0,0,-1,NA,1,43709859,NA,0,White,1,0
19,2,40,1,0,1,1,College,1,42266701,18,1,White,1,1
24,2,41,1,0,0,-1,NA,1,62059834,12,1,White,1,0
18,1,40,4,0,1,1,College,7,35247590,NA,0,Asian,0,1
19,2,40,1,0,1,2,College,7,48375879,NA,1,White,0,1
21,2,40,1,0,1,1,College,1,55305263,10,1,White,1,1
19,2,40,1,0,1,1,College,1,48954957,4,1,White,1,1
20,1,39,1,0,0,-1,NA,1,48766503,40,0,White,1,0
23,1,43,1,0,1,1,College,7,48766503,NA,0,White,0,1
21,2,40,4,0,1,1,College,1,51021974,NA,1,Asian,1,1
20,2,40,4,0,1,1,College,4,51021974,NA,1,Asian,0,1
19,1,40,1,0,1,1,College,7,46164161,NA,0,White,0,1
20,1,39,1,0,0,-1,NA,1,55676542,40,0,White,1,0
19,2,39,1,0,1,1,College,7,52679672,NA,1,White,0,1
22,2,40,1,0,1,1,College,1,59513139,12,1,White,1,1
19,1,39,1,0,0,-1,NA,6,61504407,NA,0,White,0,0
20,1,40,1,0,1,1,College,2,61195595,NA,0,White,1,1
19,2,40,1,0,1,1,College,7,55930128,NA,1,White,0,1
20,1,39,1,0,0,-1,NA,4,48905737,NA,0,White,0,0
19,2,39,1,0,0,-1,NA,1,44697730,NA,1,White,1,0
20,1,39,2,0,0,-1,NA,7,85787557,NA,0,Black,0,0
18,1,37,2,0,1,1,High school,7,85643103,NA,0,Black,0,0
21,2,40,1,0,1,1,College,7,55848384,NA,1,White,0,1
18,2,40,1,0,1,1,College,7,54296407,NA,1,White,0,1
24,2,42,1,0,0,-1,NA,1,42263906,30,1,White,1,0
22,1,40,1,0,1,1,College,1,52926801,40,0,White,1,1
24,2,42,1,0,0,-1,NA,7,47561167,NA,1,White,0,0
21,2,35,1,0,0,-1,NA,7,42248097,NA,1,White,0,0
22,1,35,1,0,0,-1,NA,1,46800004,40,0,White,1,0
21,2,40,1,0,1,1,College,1,55547295,10,1,White,1,1
20,2,40,1,0,1,1,College,7,55547295,NA,1,White,0,1
19,2,39,1,0,1,1,College,7,61306405,NA,1,White,0,1
19,1,40,1,0,1,1,College,7,56103598,NA,0,White,0,1
19,2,39,1,0,1,1,College,7,64737344,NA,1,White,0,1
21,1,39,1,0,0,-1,NA,7,17640687,NA,0,White,0,0
20,1,42,1,0,0,-1,NA,1,17640687,40,0,White,1,0
21,2,42,1,0,1,1,College,1,19416785,NA,1,White,1,1
18,1,36,1,0,1,1,High school,1,16016145,15,0,White,1,0
21,2,39,1,0,0,-1,NA,7,19416785,NA,1,White,0,0
24,1,43,1,0,0,-1,NA,1,33228578,40,0,White,1,0
19,2,38,1,0,0,-1,NA,7,26343561,NA,1,White,0,0
19,1,38,2,0,0,-1,NA,1,26622413,40,0,Black,1,0
23,2,39,1,0,0,-1,NA,1,47265645,40,1,White,1,0
23,1,41,1,0,0,-1,NA,1,50884996,40,0,White,1,0
24,2,43,1,0,1,1,College,7,31560064,NA,1,White,0,1
23,2,44,1,0,1,1,College,7,32073803,NA,1,White,0,1
22,2,40,1,1,1,1,College,7,26138304,NA,1,White,0,1
20,2,40,1,0,1,1,College,7,30114648,NA,1,White,0,1
18,1,37,1,0,1,1,High school,7,38245046,NA,0,White,0,0
24,2,43,1,0,1,1,College,1,33339446,15,1,White,1,1
23,2,40,1,0,1,1,College,1,31974096,15,1,White,1,1
23,2,40,1,0,1,1,College,7,31974096,NA,1,White,0,1
21,2,40,1,0,1,1,College,7,31974096,NA,1,White,0,1
20,2,39,1,0,1,1,College,7,31560064,NA,1,White,0,1
20,2,39,1,0,1,1,College,7,31560064,NA,1,White,0,1
23,1,39,1,0,0,-1,NA,1,32281664,40,0,White,1,0
20,2,39,1,0,0,-1,NA,6,39215054,NA,1,White,0,0
22,1,40,2,0,0,-1,NA,1,46387299,40,0,Black,1,0
20,2,39,2,0,0,-1,NA,1,33244956,40,1,Black,1,0
23,1,40,1,0,1,1,College,1,41622081,32,0,White,1,1
21,1,40,1,0,1,1,College,7,33379114,NA,0,White,0,1
18,1,40,1,0,1,1,College,7,30305208,NA,0,White,0,1
23,2,42,1,0,0,-1,NA,1,41095472,40,1,White,1,0
20,1,39,2,0,0,-1,NA,4,52617238,NA,0,Black,0,0
22,1,39,2,0,0,-1,NA,7,52617238,NA,0,Black,0,0
22,1,34,1,0,0,-1,NA,7,4410878,NA,0,White,0,0
20,1,40,1,1,1,1,College,7,4941241,NA,0,White,0,1
22,2,40,1,0,1,1,College,1,5667084,NA,1,White,1,1
18,2,39,1,0,0,-1,NA,7,5942835,NA,1,White,0,0
19,1,40,1,0,1,1,College,2,6072677,12,0,White,1,1
22,2,43,1,0,0,-1,NA,1,5667084,40,1,White,1,0
19,1,39,1,0,1,1,College,7,6072677,NA,0,White,0,1
24,2,43,1,0,1,1,College,7,6578559,NA,1,White,0,1
23,2,36,1,1,0,-1,NA,1,47820598,40,1,White,1,0
22,2,43,1,0,0,-1,NA,4,53283695,NA,1,White,0,0
19,1,39,1,0,0,-1,NA,1,60205121,2,0,White,1,0
20,1,40,1,0,1,1,College,1,61623545,10,0,White,1,1
21,1,31,1,0,0,-1,NA,7,52180063,NA,0,White,0,0
21,1,39,1,0,0,-1,NA,1,50309649,50,0,White,1,0
20,2,39,1,0,0,-1,NA,7,53994235,NA,1,White,0,0
20,1,39,4,0,0,-1,NA,1,48579569,50,0,Asian,1,0
22,2,35,4,0,1,1,High school,7,37070799,NA,1,Asian,0,0
23,2,32,4,0,1,1,High school,7,37070799,NA,1,Asian,0,0
22,1,31,4,0,1,1,High school,7,59056253,NA,0,Asian,0,0
23,2,39,1,1,0,-1,NA,1,41095500,40,1,White,1,0
19,2,40,2,0,1,1,College,7,45341571,NA,1,Black,0,1
22,2,42,2,0,0,-1,NA,1,69470798,40,1,Black,1,0
21,1,40,4,0,1,1,College,7,46010257,NA,0,Asian,0,1
21,1,40,2,0,1,1,College,1,40910635,15,0,Black,1,1
21,1,40,2,0,1,1,College,1,40910635,15,0,Black,1,1
21,1,40,1,0,1,1,College,7,47648836,NA,0,White,0,1
19,2,40,1,0,0,-1,NA,1,45266676,28,1,White,1,0
19,2,40,1,1,1,1,College,7,47757459,NA,1,White,0,1
20,2,40,4,0,1,1,College,7,48105049,NA,1,Asian,0,1
20,2,40,1,0,1,1,College,7,51138549,NA,1,White,0,1
22,1,39,2,0,0,-1,NA,1,43195173,25,0,Black,1,0
19,2,40,2,0,1,1,College,7,68686433,NA,1,Black,0,1
19,1,39,1,0,0,-1,NA,4,7112237,NA,0,White,0,0
18,1,40,1,0,1,1,College,7,7774201,NA,0,White,0,1
23,1,36,1,0,0,-1,NA,1,7257651,40,0,White,1,0
21,2,37,1,0,0,-1,NA,7,6722604,NA,1,White,0,0
23,2,43,1,0,0,-1,NA,4,13060357,NA,1,White,0,0
23,1,39,1,0,0,-1,NA,1,32798865,48,0,White,1,0
22,2,39,1,0,0,-1,NA,1,26389604,40,1,White,1,0
24,1,39,2,0,0,-1,NA,1,42442533,30,0,Black,1,0
18,2,37,8,0,1,1,High school,7,30541509,NA,1,Other,0,0
20,1,39,1,0,1,2,College,1,39132615,40,0,White,1,1
22,2,42,2,0,0,-1,NA,1,43477840,40,1,Black,1,0
20,2,40,1,0,1,1,College,7,33381147,NA,1,White,0,1
21,2,40,1,0,1,1,College,7,26563037,NA,1,White,0,1
18,2,39,1,0,1,1,High school,7,31165127,NA,1,White,0,0
20,2,40,2,0,1,1,College,7,15525961,NA,1,Black,0,1
21,2,39,1,0,0,-1,NA,1,10439529,40,1,White,1,0
19,1,39,1,1,0,-1,NA,7,8560461,NA,0,White,0,0
22,2,39,1,0,1,1,College,1,8101528,36,1,White,1,1
20,2,43,1,0,1,2,College,1,8101528,25,1,White,1,1
18,2,38,1,0,1,1,College,7,5015611,NA,1,White,0,1
20,1,40,1,0,1,1,College,1,3578511,NA,0,White,1,1
22,1,43,2,0,0,-1,NA,1,7612569,40,0,Black,1,0
23,1,39,1,1,0,-1,NA,1,3751466,35,0,White,1,0
24,1,43,1,0,1,2,College,1,4583388,40,0,White,1,1
22,1,39,1,0,1,2,College,1,3802844,50,0,White,1,1
20,2,39,1,0,1,1,College,7,5417964,NA,1,White,0,1
23,1,38,2,0,0,-1,NA,1,29354487,40,0,Black,1,0
22,2,39,2,0,0,-1,NA,4,27952592,NA,1,Black,0,0
21,2,43,1,0,0,-1,NA,1,19648149,40,1,White,1,0
19,2,43,1,0,0,-1,NA,1,22415648,40,1,White,1,0
18,1,39,2,0,1,1,College,4,22226058,NA,0,Black,0,1
23,1,39,1,0,0,-1,NA,1,21380916,84,0,White,1,0
24,1,43,1,0,0,-1,NA,1,26747231,36,0,White,1,0
22,1,40,1,0,1,1,College,7,26747231,NA,0,White,0,1
20,2,40,2,0,1,1,College,1,28609017,80,1,Black,1,1
23,1,42,1,0,1,1,College,7,22877173,NA,0,White,0,1
23,1,42,1,0,1,1,College,7,22877173,NA,0,White,0,1
23,2,39,1,0,0,-1,NA,1,19648149,40,1,White,1,0
22,2,40,1,0,1,1,College,1,29194531,NA,1,White,1,1
20,2,40,1,0,0,-1,NA,1,35641988,10,1,White,1,0
19,2,40,1,0,1,1,College,7,31549474,NA,1,White,0,1
19,1,41,1,0,1,1,College,1,26148786,20,0,White,1,1
24,2,43,1,0,0,-1,NA,7,29194531,NA,1,White,0,0
24,2,43,1,0,0,-1,NA,1,37842303,40,1,White,1,0
21,1,39,1,0,0,-1,NA,1,28380319,30,0,White,1,0
18,1,37,1,0,1,1,High school,7,30400236,NA,0,White,0,0
18,1,37,2,0,1,1,High school,7,26075697,NA,0,Black,0,0
24,2,40,2,0,0,-1,NA,1,26150579,40,1,Black,1,0
24,1,39,2,0,0,-1,NA,1,35286318,40,0,Black,1,0
24,2,39,1,0,0,-1,NA,1,23956404,8,1,White,1,0
20,1,40,1,0,0,-1,NA,1,21960996,40,0,White,1,0
24,2,44,1,0,0,-1,NA,1,13429868,38,1,White,1,0
20,2,39,1,0,0,-1,NA,1,14098989,40,1,White,1,0
23,1,43,4,0,0,-1,NA,1,7892709,40,0,Asian,1,0
24,1,43,2,0,0,-1,NA,1,27027609,55,0,Black,1,0
19,1,39,2,0,0,-1,NA,1,38255087,60,0,Black,1,0
24,1,43,1,0,0,-1,NA,1,34275182,40,0,White,1,0
18,1,39,2,0,0,-1,NA,7,31391940,NA,0,Black,0,0
23,2,39,4,0,0,-1,NA,7,24686091,NA,1,Asian,0,0
19,2,40,4,0,1,1,College,7,22485295,NA,1,Asian,0,1
23,2,40,1,0,0,-1,NA,1,44868270,40,1,White,1,0
19,1,40,1,0,1,1,College,7,46643114,NA,0,White,0,1
24,2,39,1,0,0,-1,NA,7,47999837,NA,1,White,0,0
20,1,39,1,0,0,-1,NA,7,39513259,NA,0,White,0,0
22,2,40,1,0,0,-1,NA,1,6722604,55,1,White,1,0
23,1,39,1,0,0,-1,NA,4,7668916,NA,0,White,0,0
24,1,39,1,0,0,-1,NA,1,8198760,45,0,White,1,0
18,2,39,1,0,1,1,College,7,9428331,NA,1,White,0,1
20,2,36,1,0,0,-1,NA,7,7074298,NA,1,White,0,0
23,1,39,1,0,0,-1,NA,4,76475461,NA,0,White,0,0
24,1,43,1,0,0,-1,NA,1,22630642,25,0,White,1,0
24,1,43,4,0,0,-1,NA,1,30501210,40,0,Asian,1,0
22,2,34,1,1,0,-1,NA,1,40963681,20,1,White,1,0
18,2,40,1,0,1,1,College,7,49156118,NA,1,White,0,1
23,2,41,18,1,1,1,College,7,55669610,NA,1,Other,0,1
19,2,40,18,1,1,2,College,7,45768449,NA,1,Other,0,1
19,2,40,18,1,1,1,College,7,45768449,NA,1,Other,0,1
19,2,40,18,1,1,1,College,7,45768449,NA,1,Other,0,1
20,2,40,1,0,0,-1,NA,1,51566417,40,1,White,1,0
21,1,40,1,1,0,-1,NA,1,42900688,40,0,White,1,0
19,2,40,1,1,1,1,College,7,58303964,NA,1,White,0,1
20,2,39,1,1,0,-1,NA,2,47303695,40,1,White,1,0
18,1,37,1,1,1,1,High school,7,57014383,NA,0,White,0,0
18,1,39,2,0,1,1,College,7,48626306,NA,0,Black,0,1
22,1,40,1,0,0,-1,NA,1,53804263,30,0,White,1,0
18,2,39,4,0,1,1,College,1,42808448,2,1,Asian,1,1
19,2,40,1,0,1,1,College,7,44229680,NA,1,White,0,1
19,1,39,2,1,1,1,College,1,72693370,8,0,Black,1,1
23,1,43,1,0,0,-1,NA,1,48338519,50,0,White,1,0
24,1,43,1,0,1,1,College,1,62842527,20,0,White,1,1
23,2,43,1,1,1,1,College,7,54948882,NA,1,White,0,1
24,2,37,1,0,1,2,High school,4,47253007,NA,1,White,0,0
20,2,40,4,0,1,1,College,7,49519908,NA,1,Asian,0,1
24,2,39,1,0,1,2,College,1,52182650,38,1,White,1,1
20,1,42,1,0,1,1,College,1,40054114,45,0,White,1,1
23,1,40,1,0,0,-1,NA,1,40054114,40,0,White,1,0
18,2,37,1,0,1,1,High school,1,47978402,NA,1,White,1,0
18,2,38,1,0,1,1,High school,1,9505131,15,1,White,1,0
24,2,39,1,1,0,-1,NA,1,4045007,35,1,White,1,0
18,1,38,1,0,1,1,High school,7,55799744,NA,0,White,0,0
19,2,40,1,0,1,1,College,4,65497215,NA,1,White,0,1
23,2,42,1,1,1,1,College,1,73433555,15,1,White,1,1
22,1,42,1,1,0,-1,NA,1,46124607,40,0,White,1,0
20,1,39,1,0,1,2,College,1,55105965,40,0,White,1,1
23,2,39,1,0,0,-1,NA,6,54739239,NA,1,White,0,0
19,2,39,1,0,1,2,College,1,57786468,20,1,White,1,1
23,2,40,1,0,1,1,College,1,70618277,30,1,White,1,1
19,2,39,1,0,1,2,College,4,67040149,NA,1,White,0,1
19,1,40,1,0,1,1,College,1,46774011,30,0,White,1,1
20,2,40,4,0,1,1,College,7,9388455,NA,1,Asian,0,1
18,2,40,4,0,1,1,College,7,7493370,NA,1,Asian,0,1
21,1,39,17,1,0,-1,NA,1,12757856,40,0,Other,1,0
21,1,40,1,0,0,-1,NA,1,10793390,40,0,White,1,0
20,1,40,15,0,1,1,College,7,12045899,NA,0,Other,0,1
24,1,39,1,0,0,-1,NA,1,10904292,50,0,White,1,0
24,2,43,1,0,1,2,College,1,13507433,40,1,White,1,1
23,2,39,2,0,0,-1,NA,1,8393309,19,1,Black,1,0
21,2,39,1,1,0,-1,NA,1,10319947,25,1,White,1,0
19,2,39,1,0,0,-1,NA,1,11299661,28,1,White,1,0
23,1,39,1,0,0,-1,NA,4,9719514,NA,0,White,0,0
21,2,39,8,1,0,-1,NA,1,14740151,20,1,Other,1,0
19,2,39,8,1,0,-1,NA,1,12170103,20,1,Other,1,0
19,1,39,1,1,1,1,High school,7,36370999,NA,0,White,0,0
23,2,40,4,0,1,1,College,7,40140109,NA,1,Asian,0,1
21,1,39,1,0,0,-1,NA,1,41572467,40,0,White,1,0
24,1,39,1,0,0,-1,NA,1,41572467,46,0,White,1,0
24,2,39,1,0,0,-1,NA,1,50635833,44,1,White,1,0
20,2,40,1,0,1,1,College,7,47772850,NA,1,White,0,1
22,2,43,1,0,0,-1,NA,1,38529457,40,1,White,1,0
23,1,43,1,0,0,-1,NA,4,22898235,NA,0,White,0,0
19,1,39,1,0,0,-1,NA,4,15648189,NA,0,White,0,0
21,1,37,1,0,0,-1,NA,4,18872585,NA,0,White,0,0
22,2,39,2,0,0,-1,NA,1,26470698,40,1,Black,1,0
18,1,39,1,1,1,1,College,4,19080478,NA,0,White,0,1
18,1,37,1,0,1,1,High school,7,22667814,NA,0,White,0,0
20,2,40,1,0,1,1,College,7,23667097,NA,1,White,0,1
18,1,40,1,0,1,1,College,7,49704859,NA,0,White,0,1
20,1,36,1,0,1,1,High school,6,56936655,NA,0,White,0,0
19,2,40,1,0,1,1,College,1,43786235,32,1,White,1,1
21,2,39,2,0,1,1,College,1,27486335,15,1,Black,1,1
21,2,40,1,0,1,1,College,7,17723743,NA,1,White,0,1
20,2,40,2,0,0,-1,NA,1,16321068,24,1,Black,1,0
18,2,37,1,1,1,1,High school,7,87900427,NA,1,White,0,0
21,1,39,1,1,0,-1,NA,1,42314477,48,0,White,1,0
22,1,39,2,0,0,-1,NA,1,91943990,40,0,Black,1,0
23,1,43,1,0,0,-1,NA,1,39167859,38,0,White,1,0
23,2,43,1,0,0,-1,NA,1,36688775,40,1,White,1,0
18,1,39,2,0,1,1,College,7,31919180,NA,0,Black,0,1
21,2,39,1,0,0,-1,NA,1,78685653,40,1,White,1,0
23,1,39,1,0,0,-1,NA,1,59408857,45,0,White,1,0
24,2,39,1,0,0,-1,NA,1,78685653,45,1,White,1,0
23,2,40,1,0,1,2,College,4,52899531,NA,1,White,0,1
20,1,39,9,0,1,1,College,7,68452604,NA,0,Other,0,1
22,1,42,1,0,0,-1,NA,1,55209702,20,0,White,1,0
23,1,43,1,0,0,-1,NA,1,47298656,40,0,White,1,0
22,2,40,1,0,1,1,College,1,61480814,32,1,White,1,1
18,2,37,2,0,1,1,High school,7,17912539,NA,1,Black,0,0
19,1,38,1,0,0,-1,NA,6,15440222,NA,0,White,0,0
21,1,40,1,0,0,-1,NA,1,19752105,40,0,White,1,0
21,2,35,1,1,0,-1,NA,7,14650482,NA,1,White,0,0
24,1,39,1,0,0,-1,NA,1,20118086,50,0,White,1,0
19,1,39,1,0,0,-1,NA,4,64266683,NA,0,White,0,0
18,2,37,7,0,1,2,High school,1,44190520,20,1,Other,1,0
20,1,41,1,0,0,-1,NA,1,37242645,40,0,White,1,0
21,2,39,1,1,0,-1,NA,1,24539396,35,1,White,1,0
24,1,43,1,0,0,-1,NA,1,14662409,40,0,White,1,0
20,2,40,1,0,1,1,College,7,70964420,NA,1,White,0,1
24,1,39,1,0,0,-1,NA,1,65985207,40,0,White,1,0
23,2,43,1,0,0,-1,NA,1,59483799,40,1,White,1,0
19,2,40,1,1,1,1,College,7,58819017,NA,1,White,0,1
20,1,39,1,1,0,-1,NA,1,51955602,40,0,White,1,0
24,1,44,1,0,0,-1,NA,1,67598025,35,0,White,1,0
20,2,39,1,0,1,1,High school,7,60937709,NA,1,White,0,0
23,2,39,1,0,0,-1,NA,4,64879532,NA,1,White,0,0
23,2,40,1,1,1,2,College,1,38658724,40,1,White,1,1
24,1,40,1,0,0,-1,NA,1,40667859,35,0,White,1,0
23,1,39,2,0,0,-1,NA,4,108315784,NA,0,Black,0,0
24,1,43,1,0,0,-1,NA,1,58688303,40,0,White,1,0
18,2,37,2,0,1,1,High school,1,43880290,10,1,Black,1,0
20,2,39,1,0,0,-1,NA,4,47701808,NA,1,White,0,0
22,1,39,1,0,0,-1,NA,1,48636046,16,0,White,1,0
24,2,33,1,1,0,-1,NA,7,40335347,NA,1,White,0,0
23,1,39,1,0,0,-1,NA,6,43709859,NA,0,White,0,0
21,2,39,1,0,0,-1,NA,7,40037869,NA,1,White,0,0
22,1,39,1,0,1,1,College,1,38239986,40,0,White,1,1
22,1,40,4,0,1,1,College,7,24201179,NA,0,Asian,0,1
19,1,39,8,0,1,1,College,7,58036244,NA,0,Other,0,1
20,1,39,1,0,1,1,College,7,63982835,NA,0,White,0,1
21,2,40,1,0,1,1,College,1,57759674,3,1,White,1,1
21,2,41,1,0,1,1,College,7,32073803,NA,1,White,0,1
21,2,40,1,0,1,1,College,1,5784818,45,1,White,1,1
20,2,40,1,0,1,1,College,7,5784818,NA,1,White,0,1
23,2,40,1,1,0,-1,NA,1,31226327,40,1,White,1,0
20,2,40,1,0,0,-1,NA,1,38317217,40,1,White,1,0
22,2,42,1,0,0,-1,NA,1,41095472,24,1,White,1,0
19,1,41,1,0,0,-1,NA,1,29385383,24,0,White,1,0
24,2,44,1,1,0,-1,NA,1,59121407,6,1,White,1,0
23,2,43,1,1,0,-1,NA,1,59121407,45,1,White,1,0
20,1,39,1,1,1,1,College,1,53384231,8,0,White,1,1
24,2,39,1,1,0,-1,NA,7,51484904,NA,1,White,0,0
21,1,40,1,1,1,1,College,1,42949173,20,0,White,1,1
19,1,39,1,0,1,2,College,1,20276096,30,0,White,1,1
23,1,39,1,0,0,-1,NA,1,24454098,40,0,White,1,0
24,2,39,2,0,0,-1,NA,4,18829351,NA,1,Black,0,0
24,1,43,1,0,0,-1,NA,1,4792304,44,0,White,1,0
23,2,43,1,0,0,-1,NA,1,5503283,40,1,White,1,0
24,2,39,17,1,0,-1,NA,1,73979687,40,1,Other,1,0
24,1,43,1,0,0,-1,NA,1,58274613,40,0,White,1,0
21,2,41,1,0,1,1,College,1,56608266,10,1,White,1,1
19,2,39,1,1,0,-1,NA,1,47560162,40,1,White,1,0
23,1,43,1,0,0,-1,NA,1,66018388,50,0,White,1,0
22,2,43,1,0,0,-1,NA,1,62011022,24,1,White,1,0
24,2,39,1,1,0,-1,NA,1,40650068,28,1,White,1,0
24,1,39,1,1,0,-1,NA,1,32987812,40,0,White,1,0
19,2,39,1,1,1,1,High school,1,34862052,16,1,White,1,0
18,1,38,1,1,1,1,High school,1,38475012,20,0,White,1,0
20,1,39,1,1,0,-1,NA,1,18883058,NA,0,White,1,0
22,2,39,1,1,0,-1,NA,7,28966422,NA,1,White,0,0
20,1,42,1,0,1,1,College,1,24027041,7,0,White,1,1
19,2,40,1,0,1,1,College,1,9132246,20,1,White,1,1
24,1,39,10,0,0,-1,NA,3,6175262,NA,0,Other,0,0
24,2,43,5,0,0,-1,NA,7,14961813,NA,1,Other,0,0
24,1,39,1,0,0,-1,NA,1,11385220,40,0,White,1,0
18,1,38,1,0,1,1,High school,7,10530954,NA,0,White,0,0
21,1,39,6,1,0,-1,NA,7,59491367,NA,0,Other,0,0
18,1,39,2,0,0,-1,NA,7,21959680,NA,0,Black,0,0
18,1,39,1,0,1,1,College,2,43393568,8,0,White,1,1
22,2,39,2,0,0,-1,NA,4,22579305,NA,1,Black,0,0
22,1,39,1,0,1,1,College,1,41659004,20,0,White,1,1
21,1,39,4,0,1,1,College,7,29457306,NA,0,Asian,0,1
21,1,39,4,0,1,1,College,7,29457306,NA,0,Asian,0,1
21,1,39,4,0,1,1,College,7,29457306,NA,0,Asian,0,1
21,1,39,1,0,1,1,College,7,41659004,NA,0,White,0,1
22,2,35,1,0,1,2,High school,1,15048570,40,1,White,1,0
20,1,35,1,0,1,2,High school,1,17044321,20,0,White,1,0
19,2,36,1,1,1,1,High school,7,48627020,NA,1,White,0,0
24,1,40,1,1,0,-1,NA,1,28881227,40,0,White,1,0
18,1,39,1,1,0,-1,NA,1,36324977,40,0,White,1,0
24,1,33,1,1,0,-1,NA,1,24704049,45,0,White,1,0
20,1,40,1,0,1,1,College,7,7814945,NA,0,White,0,1
23,2,43,1,0,0,-1,NA,1,8102068,45,1,White,1,0
21,1,39,1,0,0,-1,NA,3,10589520,NA,0,White,0,0
22,1,40,1,0,1,1,College,7,7523509,NA,0,White,0,1
19,1,39,1,0,0,-1,NA,1,7159975,40,0,White,1,0
21,2,40,3,0,1,1,College,1,11801986,40,1,Other,1,1
24,2,39,1,0,0,-1,NA,1,4912901,50,1,White,1,0
19,2,39,1,0,0,-1,NA,1,5828442,40,1,White,1,0
20,1,39,1,0,0,-1,NA,1,6473281,22,0,White,1,0
24,1,40,1,0,0,-1,NA,1,6905510,4,0,White,1,0
22,1,40,3,0,1,1,College,7,7323288,NA,0,Other,0,1
21,1,39,3,0,0,-1,NA,1,7810447,40,0,Other,1,0
21,2,39,3,0,0,-1,NA,4,9938614,NA,1,Other,0,0
19,2,39,3,0,0,-1,NA,7,6213772,NA,1,Other,0,0
22,1,43,1,1,0,-1,NA,6,53012963,NA,0,White,0,0
23,2,40,1,0,1,1,College,7,46841062,NA,1,White,0,1
23,1,40,1,0,1,1,College,7,45193083,NA,0,White,0,1
22,2,40,4,0,1,1,College,1,34462347,20,1,Asian,1,1
21,1,40,4,0,1,1,College,1,35082248,20,0,Asian,1,1
18,2,40,4,0,1,1,College,1,33171971,24,1,Asian,1,1
18,2,40,4,0,1,1,College,1,33171971,24,1,Asian,1,1
21,2,39,1,0,0,-1,NA,1,59091857,25,1,White,1,0
24,1,40,1,1,0,-1,NA,1,71595433,46,0,White,1,0
23,2,40,1,1,0,-1,NA,7,58779255,NA,1,White,0,0
23,2,43,1,0,0,-1,NA,1,61259493,36,1,White,1,0
19,1,39,1,1,0,-1,NA,1,68216759,20,0,White,1,0
23,1,41,1,0,0,-1,NA,1,47758660,24,0,White,1,0
19,2,39,1,1,1,1,College,7,37251283,NA,1,White,0,1
21,1,40,1,0,1,1,College,1,46558623,15,0,White,1,1
19,1,39,7,0,0,-1,NA,1,20845154,40,0,Other,1,0
23,2,40,2,0,1,1,College,1,44911766,40,1,Black,1,1
18,1,37,2,0,1,1,High school,7,31396608,NA,0,Black,0,0
23,1,39,1,0,0,-1,NA,1,23839992,40,0,White,1,0
24,1,39,1,0,0,-1,NA,1,21262013,40,0,White,1,0
18,2,39,1,0,0,-1,NA,1,17620503,30,1,White,1,0
21,1,39,1,0,0,-1,NA,1,21723969,40,0,White,1,0
21,2,42,1,0,1,1,College,7,14199062,NA,1,White,0,1
19,2,40,1,0,1,1,College,1,16199041,4,1,White,1,1
19,2,40,1,0,1,1,College,1,16199041,4,1,White,1,1
24,2,43,1,0,0,-1,NA,7,18803402,NA,1,White,0,0
18,1,38,1,1,0,-1,NA,1,46787398,NA,0,White,1,0
24,1,34,1,0,0,-1,NA,1,49055016,45,0,White,1,0
24,2,34,1,0,0,-1,NA,7,59797330,NA,1,White,0,0
21,2,39,1,0,0,-1,NA,1,59797330,12,1,White,1,0
22,1,40,4,0,1,1,College,7,37924146,NA,0,Asian,0,1
24,1,43,4,0,0,-1,NA,1,37924146,40,0,Asian,1,0
21,2,39,18,1,0,-1,NA,1,55669610,38,1,Other,1,0
24,1,43,4,0,0,-1,NA,1,30501210,20,0,Asian,1,0
18,1,39,8,1,0,-1,NA,4,58107125,NA,0,Other,0,0
23,1,40,1,1,0,-1,NA,1,36578680,40,0,White,1,0
20,1,40,1,1,0,-1,NA,1,36578680,40,0,White,1,0
23,1,39,1,0,0,-1,NA,1,59870945,60,0,White,1,0
22,2,43,1,0,0,-1,NA,1,35943075,45,1,White,1,0
19,1,40,1,0,1,1,College,7,36845546,NA,0,White,0,1
21,2,40,2,1,1,1,College,7,34795355,NA,1,Black,0,1
18,2,40,2,1,1,1,College,1,36393334,8,1,Black,1,1
22,2,40,2,1,1,1,College,1,34795355,8,1,Black,1,1
20,1,39,1,1,0,-1,NA,6,40854917,NA,0,White,0,0
18,2,39,1,1,0,-1,NA,7,42540970,NA,1,White,0,0
24,2,39,1,1,1,2,College,1,33969129,40,1,White,1,1
18,2,38,1,1,1,1,College,1,52527086,4,1,White,1,1
20,2,40,1,1,1,1,College,7,48373627,NA,1,White,0,1
23,1,39,1,1,0,-1,NA,1,44688981,40,0,White,1,0
18,2,39,2,1,1,1,College,7,28642327,NA,1,Black,0,1
22,1,39,2,0,0,-1,NA,4,62646899,NA,0,Black,0,0
19,1,40,1,0,1,1,College,7,50000287,NA,0,White,0,1
24,2,43,1,0,1,1,College,1,51753568,11,1,White,1,1
24,1,36,1,1,0,-1,NA,1,36230528,25,0,White,1,0
21,1,39,4,0,0,-1,NA,1,38222623,NA,0,Asian,1,0
21,1,39,1,0,0,-1,NA,1,55493092,50,0,White,1,0
24,2,43,2,0,1,1,College,1,45685785,20,1,Black,1,1
24,1,39,4,0,1,1,College,7,39087156,NA,0,Asian,0,1
21,1,39,1,1,0,-1,NA,1,43375759,40,0,White,1,0
19,2,42,1,1,1,1,College,1,43337874,14,1,White,1,1
18,2,40,1,1,1,2,College,1,48164979,12,1,White,1,1
18,1,39,1,1,0,-1,NA,4,50065242,NA,0,White,0,0
21,2,40,1,0,1,1,College,1,53731562,12,1,White,1,1
22,1,40,5,0,1,1,College,7,50673553,NA,0,Other,0,1
20,2,40,5,0,1,1,College,7,54400168,NA,1,Other,0,1
22,1,39,1,1,0,-1,NA,1,58175166,40,0,White,1,0
20,2,39,1,1,0,-1,NA,1,53197665,40,1,White,1,0
21,2,40,4,0,0,-1,NA,1,43284693,26,1,Asian,1,0
24,1,39,1,1,1,1,High school,7,45892977,NA,0,White,0,0
19,2,40,1,1,0,-1,NA,7,55390378,NA,1,White,0,0
22,1,43,1,1,0,-1,NA,1,41317950,32,0,White,1,0
24,2,43,4,0,0,-1,NA,1,32325185,40,1,Asian,1,0
23,1,40,4,0,1,1,College,7,41953784,NA,0,Asian,0,1
20,1,42,4,0,1,1,College,7,32408937,NA,0,Asian,0,1
21,1,40,1,0,1,1,College,1,55267430,5,0,White,1,1
24,2,39,1,1,0,-1,NA,1,49515544,40,1,White,1,0
22,2,39,2,0,1,1,College,1,73973943,40,1,Black,1,1
20,1,39,2,0,0,-1,NA,4,77022713,NA,0,Black,0,0
24,1,40,2,0,1,1,College,4,77022713,NA,0,Black,0,1
24,1,44,4,0,0,-1,NA,1,39404874,40,0,Asian,1,0
24,2,44,4,0,0,-1,NA,7,46498152,NA,1,Asian,0,0
22,2,43,1,0,0,-1,NA,1,50538560,40,1,White,1,0
18,2,39,1,0,1,1,College,4,59294449,NA,1,White,0,1
18,1,37,4,0,1,1,High school,7,34284900,NA,0,Asian,0,0
21,1,39,1,1,0,-1,NA,7,43728336,NA,0,White,0,0
19,1,39,1,1,0,-1,NA,7,46331764,NA,0,White,0,0
23,1,40,1,1,0,-1,NA,1,51728181,40,0,White,1,0
21,2,39,1,1,0,-1,NA,7,59551126,NA,1,White,0,0
19,2,40,1,1,1,1,College,1,44432748,15,1,White,1,1
18,1,40,1,0,1,1,College,1,50416856,8,0,White,1,1
19,2,39,6,0,0,-1,NA,1,59424094,NA,1,Other,1,0
18,2,39,6,0,0,-1,NA,4,59424094,NA,1,Other,0,0
20,2,39,1,1,0,-1,NA,1,65390113,40,1,White,1,0
22,1,39,1,1,0,-1,NA,1,56800128,40,0,White,1,0
20,1,40,1,1,0,-1,NA,7,41043910,NA,0,White,0,0
22,2,40,1,0,0,-1,NA,1,50561169,65,1,White,1,0
23,2,40,8,0,0,-1,NA,1,49963692,30,1,Other,1,0
20,1,37,1,0,1,1,High school,6,45796857,NA,0,White,0,0
18,2,40,1,0,1,1,College,7,55804129,NA,1,White,0,1
20,2,40,1,1,0,-1,NA,7,38809791,NA,1,White,0,0
19,2,40,1,0,1,1,College,7,41659212,NA,1,White,0,1
18,2,40,1,0,1,1,College,7,46299343,NA,1,White,0,1
21,2,39,1,1,0,-1,NA,2,44688859,35,1,White,1,0
19,1,39,1,1,1,1,High school,6,41981052,NA,0,White,0,0
24,1,39,1,0,0,-1,NA,6,55223548,NA,0,White,0,0
18,1,38,1,0,1,1,High school,7,48463114,NA,0,White,0,0
21,1,39,1,1,0,-1,NA,1,41043910,40,0,White,1,0
21,1,40,7,1,0,-1,NA,1,64839354,30,0,Other,1,0
20,1,40,4,0,1,1,College,1,44883782,15,0,Asian,1,1
20,1,40,8,0,1,1,College,4,64529063,NA,0,Other,0,1
21,1,41,1,1,1,1,College,7,43225844,NA,0,White,0,1
22,1,41,1,0,0,-1,NA,7,57819455,NA,0,White,0,0
20,2,42,1,0,1,1,College,7,52948421,NA,1,White,0,1
20,1,40,4,0,1,1,College,7,47368081,NA,0,Asian,0,1
19,2,40,1,1,0,-1,NA,7,58812463,NA,1,White,0,0
18,1,40,1,1,1,1,College,7,58855574,NA,0,White,0,1
21,2,40,1,1,1,1,College,1,61589878,3,1,White,1,1
24,2,39,1,1,0,-1,NA,1,42615090,40,1,White,1,0
20,1,40,1,0,1,1,College,1,50677355,16,0,White,1,1
19,1,39,1,0,0,-1,NA,1,46400443,40,0,White,1,0
18,2,40,1,0,1,1,College,7,61275722,NA,1,White,0,1
20,1,39,1,0,0,-1,NA,4,56827975,NA,0,White,0,0
19,1,40,1,0,1,1,College,7,50493784,NA,0,White,0,1
24,1,39,1,1,0,-1,NA,1,42900688,40,0,White,1,0
23,2,43,1,0,0,-1,NA,1,58198482,40,1,White,1,0
21,1,39,1,0,0,-1,NA,7,62369809,NA,0,White,0,0
19,1,39,1,0,0,-1,NA,7,52685480,NA,0,White,0,0
20,2,39,1,1,0,-1,NA,7,40935335,NA,1,White,0,0
20,2,39,1,0,0,-1,NA,7,51071576,NA,1,White,0,0
22,1,39,1,0,0,-1,NA,1,63308351,50,0,White,1,0
23,1,39,1,1,0,-1,NA,1,43225844,40,0,White,1,0
23,1,43,1,1,0,-1,NA,1,53278900,40,0,White,1,0
23,1,39,1,1,0,-1,NA,1,53278900,40,0,White,1,0
24,2,43,1,0,0,-1,NA,1,48875466,40,1,White,1,0
19,1,40,1,0,1,1,College,7,40088875,NA,0,White,0,1
22,1,40,1,0,1,2,College,7,43784023,NA,0,White,0,1
19,2,39,1,1,1,1,College,7,57826649,NA,1,White,0,1
22,1,39,1,0,0,-1,NA,1,37515600,40,0,White,1,0
22,2,39,1,1,0,-1,NA,1,33749295,30,1,White,1,0
20,1,39,1,0,0,-1,NA,1,37515600,40,0,White,1,0
24,1,43,1,0,0,-1,NA,1,37515600,50,0,White,1,0
21,2,40,1,0,1,1,College,1,38126835,NA,1,White,1,1
21,2,40,1,0,1,1,College,1,38126835,NA,1,White,1,1
22,2,40,1,0,1,1,College,1,38126835,NA,1,White,1,1
21,2,40,1,0,1,1,College,1,38126835,NA,1,White,1,1
22,1,40,1,0,1,1,College,1,40054114,NA,0,White,1,1
21,2,40,1,0,1,1,College,1,38126835,NA,1,White,1,1
21,2,40,1,0,1,1,College,1,38126835,NA,1,White,1,1
21,2,40,4,0,1,1,College,1,43246117,NA,1,Asian,1,1
21,2,40,4,0,1,1,College,1,43246117,NA,1,Asian,1,1
21,2,40,1,1,1,1,College,1,36032959,NA,1,White,1,1
21,1,40,1,0,1,1,College,1,49965031,20,0,White,1,1
21,1,40,1,0,1,1,College,1,49965031,8,0,White,1,1
21,1,40,1,0,1,1,College,1,49965031,15,0,White,1,1
23,1,40,1,0,0,-1,NA,1,39689131,40,0,White,1,0
23,1,40,1,0,1,2,College,7,39689131,NA,0,White,0,1
19,2,40,1,1,1,1,College,1,43103167,10,1,White,1,1
22,1,39,1,1,0,-1,NA,1,6114042,40,0,White,1,0
24,2,39,21,0,0,-1,NA,2,10487627,32,1,Other,1,0
18,2,39,4,0,0,-1,NA,1,8268070,30,1,Asian,1,0
24,2,39,4,1,0,-1,NA,6,10597978,NA,1,Asian,0,0
21,2,40,1,1,1,1,College,1,9325280,30,1,White,1,1
18,1,39,1,1,0,-1,NA,1,15433640,25,0,White,1,0
20,2,43,1,1,1,1,College,7,7365138,NA,1,White,0,1
24,2,41,19,0,0,-1,NA,1,11671899,40,1,Other,1,0
19,2,40,1,0,0,-1,NA,1,8737862,45,1,White,1,0
22,1,39,21,0,0,-1,NA,1,15442585,40,0,Other,1,0
20,2,39,15,0,0,-1,NA,7,15890965,NA,1,Other,0,0
19,1,40,7,0,1,2,College,1,13269356,24,0,Other,1,1
21,2,40,1,0,1,1,College,1,12315268,20,1,White,1,1
19,1,39,1,0,0,-1,NA,1,9240628,46,0,White,1,0
19,1,37,1,0,1,2,High school,1,9240628,50,0,White,1,0
23,1,39,1,0,0,-1,NA,1,11479604,40,0,White,1,0
21,1,40,1,0,1,2,College,1,11479604,40,0,White,1,1
20,2,39,1,1,0,-1,NA,1,13846331,40,1,White,1,0
21,1,39,1,0,0,-1,NA,1,9338736,40,0,White,1,0
18,2,39,1,0,0,-1,NA,1,12011351,20,1,White,1,0
20,2,40,1,1,0,-1,NA,1,9776272,36,1,White,1,0
19,2,39,1,1,0,-1,NA,1,12103002,40,1,White,1,0
18,2,37,1,0,1,1,High school,7,38005977,NA,1,White,0,0
24,2,40,1,0,0,-1,NA,1,41016695,20,1,White,1,0
18,2,40,1,0,1,1,College,1,52014967,9,1,White,1,1
19,2,39,1,0,1,1,College,1,47396080,20,1,White,1,1
21,2,40,1,0,1,1,College,1,45436993,10,1,White,1,1
23,1,40,1,0,1,1,College,7,40831746,NA,0,White,0,1
22,2,40,1,0,1,1,College,7,62834707,NA,1,White,0,1
24,2,43,4,0,0,-1,NA,1,52549496,40,1,Asian,1,0
21,2,40,1,1,1,2,College,1,54366239,25,1,White,1,1
22,2,43,1,0,0,-1,NA,4,66711752,NA,1,White,0,0
24,1,43,1,0,0,-1,NA,1,49903566,40,0,White,1,0
23,1,43,4,0,0,-1,NA,1,36559132,40,0,Asian,1,0
18,1,39,2,1,0,-1,NA,1,109121060,40,0,Black,1,0
22,1,40,1,0,1,1,College,7,40831746,NA,0,White,0,1
22,1,39,1,0,0,-1,NA,1,40831746,40,0,White,1,0
20,2,39,1,0,0,-1,NA,1,42796360,40,1,White,1,0
18,2,39,1,1,1,1,College,7,47442289,NA,1,White,0,1
21,1,40,1,0,1,1,College,1,44137582,4,0,White,1,1
18,2,39,1,0,1,1,College,7,47742568,NA,1,White,0,1
24,1,39,1,0,0,-1,NA,7,42333266,NA,0,White,0,0
24,2,40,6,0,1,1,College,2,45990804,NA,1,Other,1,1
22,1,40,6,0,1,1,College,7,70094328,NA,0,Other,0,1
22,1,40,1,0,1,1,College,7,44713974,NA,0,White,0,1
19,1,40,1,0,1,1,College,7,37771114,NA,0,White,0,1
24,1,43,1,0,0,-1,NA,1,47477057,35,0,White,1,0
21,1,40,1,0,1,1,College,4,47477057,NA,0,White,0,1
22,2,39,1,0,0,-1,NA,4,46469242,NA,1,White,0,0
20,2,40,1,1,1,1,College,1,48843828,16,1,White,1,1
19,2,40,1,1,1,1,College,1,46072248,12,1,White,1,1
22,2,39,1,0,0,-1,NA,1,45085486,40,1,White,1,0
22,1,39,1,1,0,-1,NA,1,48992551,40,0,White,1,0
21,2,39,1,1,0,-1,NA,1,50803122,25,1,White,1,0
24,2,39,1,1,0,-1,NA,1,69116022,6,1,White,1,0
21,1,43,1,0,0,-1,NA,1,51117468,40,0,White,1,0
22,1,42,1,0,1,2,College,1,39281865,25,0,White,1,1
18,2,37,1,0,1,1,High school,7,40388678,NA,1,White,0,0
21,1,43,1,0,0,-1,NA,1,35319740,40,0,White,1,0
19,1,40,1,0,1,1,College,1,34578571,20,0,White,1,1
21,1,39,1,0,0,-1,NA,1,25935692,55,0,White,1,0
20,2,40,1,0,0,-1,NA,1,28492641,40,1,White,1,0
23,1,41,1,0,0,-1,NA,2,33427389,39,0,White,1,0
18,1,39,1,0,0,-1,NA,1,24499722,50,0,White,1,0
22,1,43,1,0,1,1,College,1,22910898,20,0,White,1,1
23,1,44,4,0,1,1,College,1,27290667,20,0,Asian,1,1
23,2,45,2,0,1,1,College,1,26278295,20,1,Black,1,1
21,2,40,1,0,1,1,College,1,22841071,10,1,White,1,1
22,1,39,1,0,0,-1,NA,7,18879637,NA,0,White,0,0
18,1,40,6,1,1,1,College,7,27229088,NA,0,Other,0,1
20,2,40,6,1,0,-1,NA,1,30186485,40,1,Other,1,0
22,1,40,8,0,1,1,College,1,21210900,36,0,Other,1,1
22,2,43,1,0,0,-1,NA,1,23113076,40,1,White,1,0
24,1,39,1,0,0,-1,NA,1,42762253,40,0,White,1,0
24,1,39,1,0,0,-1,NA,1,53177228,45,0,White,1,0
19,2,38,1,0,0,-1,NA,6,49667779,NA,1,White,0,0
22,1,43,4,0,0,-1,NA,1,41677615,40,0,Asian,1,0
24,1,39,1,0,0,-1,NA,1,50357963,NA,0,White,1,0
24,2,41,2,0,0,-1,NA,1,62434185,NA,1,Black,1,0
18,2,39,1,0,1,2,College,1,58457502,24,1,White,1,1
20,2,40,1,0,1,1,College,1,49825203,24,1,White,1,1
24,2,43,1,0,1,1,College,1,56906224,40,1,White,1,1
19,1,39,1,0,1,1,College,4,47034330,NA,0,White,0,1
22,1,40,1,0,0,-1,NA,1,48080066,40,0,White,1,0
22,1,43,1,0,0,-1,NA,1,48080066,40,0,White,1,0
18,1,39,4,0,1,1,College,7,43840388,NA,0,Asian,0,1
23,2,39,1,1,0,-1,NA,4,53987084,NA,1,White,0,0
19,1,39,1,1,0,-1,NA,4,45704531,NA,0,White,0,0
20,2,39,1,0,1,1,College,1,55652788,20,1,White,1,1
24,1,40,1,1,0,-1,NA,1,37286410,60,0,White,1,0
23,1,43,4,0,0,-1,NA,1,35673055,40,0,Asian,1,0
22,2,43,4,0,1,1,College,7,52195732,NA,1,Asian,0,1
23,1,43,4,0,1,1,College,7,35673055,NA,0,Asian,0,1
22,2,39,1,1,0,-1,NA,1,59817137,40,1,White,1,0
23,1,39,1,0,0,-1,NA,1,52564877,45,0,White,1,0
21,2,39,1,0,0,-1,NA,1,46049617,3,1,White,1,0
21,1,40,1,0,1,1,College,7,42712934,NA,0,White,0,1
21,1,35,2,0,0,-1,NA,1,38195781,32,0,Black,1,0
18,1,35,2,0,1,1,High school,7,55624774,NA,0,Black,0,0
24,2,43,1,0,0,-1,NA,1,43444237,40,1,White,1,0
24,1,43,1,0,1,1,College,1,41659004,40,0,White,1,1
23,2,39,1,0,0,-1,NA,5,54786197,NA,1,White,0,0
24,2,43,1,0,0,-1,NA,1,42799741,36,1,White,1,0
21,1,41,1,0,0,-1,NA,1,41659004,50,0,White,1,0
21,1,39,1,0,0,-1,NA,1,41659004,60,0,White,1,0
19,1,40,1,0,1,1,College,7,33628363,NA,0,White,0,1
24,2,40,1,0,0,-1,NA,1,41232571,40,1,White,1,0
19,1,40,1,0,1,1,College,7,33505277,NA,0,White,0,1
23,2,41,1,0,0,-1,NA,1,40620886,40,1,White,1,0
20,1,39,1,0,1,2,College,7,41636555,NA,0,White,0,1
18,2,37,1,0,1,1,High school,7,48376182,NA,1,White,0,0
19,1,36,1,0,0,-1,NA,1,9073497,25,0,White,1,0
21,1,40,3,0,1,1,College,7,10068561,NA,0,Other,0,1
24,1,39,1,0,0,-1,NA,1,9792409,2,0,White,1,0
23,1,39,1,1,0,-1,NA,1,11356947,40,0,White,1,0
20,2,40,4,0,1,1,College,7,12194354,NA,1,Asian,0,1
24,2,39,1,0,0,-1,NA,1,15710730,20,1,White,1,0
21,1,40,1,0,1,1,College,1,12895420,NA,0,White,1,1
20,1,40,1,0,1,1,College,1,12895420,NA,0,White,1,1
21,1,40,1,0,1,1,College,7,12895420,NA,0,White,0,1
20,1,40,1,0,1,1,College,7,12895420,NA,0,White,0,1
20,1,40,4,0,1,1,College,7,9118421,NA,0,Asian,0,1
23,1,39,1,0,1,2,College,1,12895420,30,0,White,1,1
23,1,43,1,0,0,-1,NA,1,19018998,40,0,White,1,0
23,1,40,1,0,1,1,College,1,19018998,20,0,White,1,1
22,2,43,1,0,0,-1,NA,1,16112849,40,1,White,1,0
22,1,40,1,1,0,-1,NA,1,14883716,50,0,White,1,0
22,2,40,1,0,1,1,College,7,16411624,NA,1,White,0,1
23,1,39,1,0,0,-1,NA,1,15868917,40,0,White,1,0
24,1,43,1,0,1,2,College,1,34592086,35,0,White,1,1
19,1,40,1,1,0,-1,NA,1,21204243,40,0,White,1,0
20,2,39,1,1,0,-1,NA,1,26422798,37,1,White,1,0
23,2,43,1,0,0,-1,NA,1,31793836,40,1,White,1,0
22,2,43,1,0,0,-1,NA,4,33753355,NA,1,White,0,0
20,1,40,1,1,0,-1,NA,1,38499003,32,0,White,1,0
20,1,39,1,1,0,-1,NA,1,20883524,40,0,White,1,0
22,2,42,1,0,1,1,College,1,32399250,40,1,White,1,1
19,1,39,1,1,0,-1,NA,6,22640503,NA,0,White,0,0
22,1,39,1,1,0,-1,NA,6,20821809,NA,0,White,0,0
22,2,43,1,1,1,1,College,4,28051290,NA,1,White,0,1
23,2,39,2,0,0,-1,NA,1,28388948,40,1,Black,1,0
19,2,39,1,0,1,2,College,1,26412457,10,1,White,1,1
23,2,42,4,0,1,1,College,7,17070862,NA,1,Asian,0,1
24,2,39,1,1,0,-1,NA,7,14223558,NA,1,White,0,0
24,2,40,1,0,0,-1,NA,1,16669952,45,1,White,1,0
24,1,38,1,1,0,-1,NA,6,11647732,NA,0,White,0,0
20,1,39,1,1,0,-1,NA,1,14858064,40,0,White,1,0
21,1,37,1,0,0,-1,NA,1,13735556,40,0,White,1,0
22,1,41,1,0,0,-1,NA,1,13735556,45,0,White,1,0
24,1,37,1,1,0,-1,NA,1,15555126,40,0,White,1,0
21,1,40,1,1,0,-1,NA,7,14093619,NA,0,White,0,0
21,2,39,1,1,0,-1,NA,1,13351724,20,1,White,1,0
19,1,39,1,0,0,-1,NA,1,15276555,40,0,White,1,0
20,2,41,1,1,0,-1,NA,1,15885225,40,1,White,1,0
20,1,39,1,1,0,-1,NA,7,13462050,NA,0,White,0,0
19,2,39,1,0,1,1,College,1,6098068,8,1,White,1,1
23,1,40,1,0,0,-1,NA,1,7362136,45,0,White,1,0
23,2,40,2,0,0,-1,NA,7,10598653,NA,1,Black,0,0
20,2,39,1,0,0,-1,NA,1,6751813,40,1,White,1,0
18,1,39,1,0,0,-1,NA,4,6952985,NA,0,White,0,0
24,1,39,1,0,0,-1,NA,1,5896425,50,0,White,1,0
24,1,39,1,0,0,-1,NA,1,5896425,40,0,White,1,0
20,1,40,8,0,0,-1,NA,1,6738886,45,0,Other,1,0
21,1,39,1,0,0,-1,NA,1,6031302,40,0,White,1,0
22,1,39,1,1,0,-1,NA,1,26175235,50,0,White,1,0
20,1,40,3,0,1,1,College,7,35105070,NA,0,Other,0,1
22,2,39,1,0,0,-1,NA,1,24571006,40,1,White,1,0
18,1,39,1,1,0,-1,NA,1,28590201,40,0,White,1,0
18,1,36,1,1,1,1,High school,7,28590201,NA,0,White,0,0
23,1,40,1,1,0,-1,NA,6,24222245,NA,0,White,0,0
20,1,39,1,0,0,-1,NA,1,27855439,40,0,White,1,0
20,2,39,1,0,0,-1,NA,1,26297825,16,1,White,1,0
23,1,39,1,0,0,-1,NA,6,24765682,NA,0,White,0,0
24,2,36,1,0,0,-1,NA,7,22759506,NA,1,White,0,0
22,1,40,1,0,1,2,College,1,32825236,20,0,White,1,1
23,1,39,1,0,0,-1,NA,1,35306197,40,0,White,1,0
19,2,39,1,1,0,-1,NA,1,31405639,20,1,White,1,0
18,2,39,1,0,1,1,College,1,38254497,10,1,White,1,1
21,1,40,1,0,1,1,College,1,38302283,40,0,White,1,1
18,2,37,1,0,1,1,High school,1,44628123,12,1,White,1,0
21,1,38,1,0,0,-1,NA,4,35306197,NA,0,White,0,0
20,2,40,1,0,1,1,College,1,5784818,32,1,White,1,1
20,2,40,1,0,1,1,College,1,5784818,NA,1,White,1,1
22,1,40,1,0,1,1,College,1,6195896,NA,0,White,1,1
22,1,40,1,0,0,-1,NA,1,6195896,40,0,White,1,0
19,2,40,1,0,1,1,College,7,7125566,NA,1,White,0,1
21,1,40,1,0,1,1,College,7,7377173,NA,0,White,0,1
20,1,40,1,0,1,1,College,7,7377173,NA,0,White,0,1
23,2,43,1,0,0,-1,NA,1,9300881,40,1,White,1,0
20,1,35,1,1,0,-1,NA,7,5346160,NA,0,White,0,0
24,1,39,2,0,0,-1,NA,1,14625499,40,0,Black,1,0
24,1,39,2,1,0,-1,NA,1,11960748,40,0,Black,1,0
18,1,39,1,0,0,-1,NA,1,7095167,30,0,White,1,0
23,1,39,1,0,0,-1,NA,1,9566647,20,0,White,1,0
18,1,37,6,0,1,1,High school,2,9445704,8,0,Other,1,0
23,2,40,1,0,1,2,College,1,6044625,16,1,White,1,1
23,1,39,1,0,0,-1,NA,1,6474165,40,0,White,1,0
22,1,40,1,0,1,1,College,7,7716783,NA,0,White,0,1
20,2,39,1,0,1,1,College,7,7343138,NA,1,White,0,1
20,1,40,1,0,1,1,College,7,7716783,NA,0,White,0,1
21,2,40,3,0,0,-1,NA,1,7241631,25,1,Other,1,0
18,2,39,3,0,0,-1,NA,7,6596030,NA,1,Other,0,0
20,2,37,1,1,0,-1,NA,7,9715007,NA,1,White,0,0
19,1,39,1,0,0,-1,NA,1,8479513,4,0,White,1,0
22,1,43,4,0,1,1,College,7,59283929,NA,0,Asian,0,1
23,2,39,1,1,0,-1,NA,1,47816574,35,1,White,1,0
22,1,39,1,1,1,1,College,4,45133412,NA,0,White,0,1
20,2,36,1,1,0,-1,NA,6,49776110,NA,1,White,0,0
18,1,35,1,1,0,-1,NA,4,53737266,NA,0,White,0,0
22,2,39,1,1,0,-1,NA,1,49776110,40,1,White,1,0
23,2,39,1,1,0,-1,NA,1,69901488,40,1,White,1,0
23,1,39,1,1,0,-1,NA,1,76331957,50,0,White,1,0
20,1,40,1,0,1,1,College,7,63196001,NA,0,White,0,1
24,1,39,1,1,0,-1,NA,1,52031329,NA,0,White,1,0
19,2,39,1,1,0,-1,NA,4,65001492,NA,1,White,0,0
20,1,39,1,1,0,-1,NA,1,76331957,40,0,White,1,0
24,2,39,1,1,0,-1,NA,7,60950099,NA,1,White,0,0
22,1,43,4,0,0,-1,NA,1,46275879,40,0,Asian,1,0
20,1,40,4,0,1,1,College,1,39756084,35,0,Asian,1,1
20,2,40,4,0,1,1,College,1,63108017,35,1,Asian,1,1
20,2,40,4,0,1,1,College,1,63108017,20,1,Asian,1,1
21,1,40,4,0,0,-1,NA,2,61617303,NA,0,Asian,1,0
20,1,40,1,0,0,-1,NA,1,81826266,25,0,White,1,0
19,1,40,1,0,1,1,College,3,69120880,NA,0,White,0,1
23,2,40,2,0,1,1,College,1,86002120,20,1,Black,1,1
21,2,40,2,0,1,1,College,7,86002120,NA,1,Black,0,1
18,1,39,2,0,1,1,College,7,65357878,NA,0,Black,0,1
19,1,39,1,1,0,-1,NA,3,51173201,NA,0,White,0,0
21,1,39,1,1,0,-1,NA,1,45599234,40,0,White,1,0
20,2,39,1,1,0,-1,NA,1,52509775,40,1,White,1,0
20,1,42,1,1,1,1,College,7,49563260,NA,0,White,0,1
20,1,42,1,0,1,1,College,7,58447341,NA,0,White,0,1
20,2,43,4,0,1,1,College,7,48450881,NA,1,Asian,0,1
19,2,39,1,0,0,-1,NA,1,55321355,40,1,White,1,0
21,1,39,1,1,0,-1,NA,4,42534769,NA,0,White,0,0
24,2,39,2,0,0,-1,NA,1,86270438,42,1,Black,1,0
21,1,39,1,1,0,-1,NA,1,43321159,50,0,White,1,0
18,2,38,1,0,1,1,High school,7,62038738,NA,1,White,0,0
22,1,43,1,1,0,-1,NA,1,66101621,40,0,White,1,0
21,1,37,2,0,1,1,High school,6,65468117,NA,0,Black,0,0
24,2,43,1,1,1,1,College,1,47576458,18,1,White,1,1
21,1,43,4,0,1,1,College,1,45546835,40,0,Asian,1,1
24,1,40,1,1,0,-1,NA,1,47677619,50,0,White,1,0
22,2,40,1,1,0,-1,NA,1,52582030,30,1,White,1,0
23,1,43,4,0,1,1,College,7,42899819,NA,0,Asian,0,1
24,2,39,1,0,1,1,College,7,56061910,NA,1,White,0,1
22,2,43,4,0,1,1,College,7,51440411,NA,1,Asian,0,1
21,2,40,1,0,1,1,College,1,53970558,20,1,White,1,1
19,1,40,1,0,1,1,College,1,59991700,5,0,White,1,1
18,1,39,1,0,1,1,College,1,53092684,30,0,White,1,1
22,1,39,2,0,0,-1,NA,1,71905877,40,0,Black,1,0
18,1,40,1,1,1,1,College,1,66679450,20,0,White,1,1
23,2,43,1,0,1,1,College,7,52404119,NA,1,White,0,1
18,1,38,1,1,0,-1,NA,4,56034096,NA,0,White,0,0
19,1,39,1,1,1,1,College,1,51173201,30,0,White,1,1
24,1,34,1,1,0,-1,NA,1,60610934,40,0,White,1,0
18,1,39,1,0,0,-1,NA,1,55192491,24,0,White,1,0
19,1,33,1,1,0,-1,NA,1,54330704,40,0,White,1,0
18,2,38,1,1,1,1,High school,6,65850690,NA,1,White,0,0
24,2,39,3,0,0,-1,NA,6,68431372,NA,1,Other,0,0
24,1,43,1,1,0,-1,NA,7,35435450,NA,0,White,0,0
19,2,39,1,1,0,-1,NA,7,55585748,NA,1,White,0,0
20,2,40,1,0,1,1,College,7,71820793,NA,1,White,0,1
19,2,40,6,0,1,1,College,7,80234170,NA,1,Other,0,1
20,1,40,1,0,1,1,College,7,63675134,NA,0,White,0,1
21,1,39,4,0,1,1,College,7,45310331,NA,0,Asian,0,1
20,1,39,4,0,1,1,College,7,45310331,NA,0,Asian,0,1
21,1,39,2,0,1,1,College,1,57024445,32,0,Black,1,1
24,1,39,1,0,0,-1,NA,1,54932777,40,0,White,1,0
18,2,39,1,0,1,1,College,7,61483218,NA,1,White,0,1
19,2,40,2,0,1,1,College,7,70176156,NA,1,Black,0,1
24,2,43,1,1,0,-1,NA,1,53566924,25,1,White,1,0
19,2,40,2,0,1,1,College,1,58351059,15,1,Black,1,1
21,1,40,1,0,1,1,College,7,58673602,NA,0,White,0,1
21,2,40,1,1,1,1,College,1,52509775,15,1,White,1,1
19,1,40,1,1,1,1,College,1,54330704,30,0,White,1,1
23,1,40,2,0,1,1,College,1,69507649,20,0,Black,1,1
24,1,33,1,1,0,-1,NA,1,53384231,48,0,White,1,0
24,1,46,1,0,1,1,College,1,56223704,10,0,White,1,1
22,1,40,1,0,1,1,College,1,56223704,16,0,White,1,1
19,1,40,1,0,1,1,College,7,51478710,NA,0,White,0,1
18,1,39,1,0,0,-1,NA,7,56368624,NA,0,White,0,0
20,1,39,2,1,0,-1,NA,1,80138319,40,0,Black,1,0
21,2,39,2,0,0,-1,NA,7,72797033,NA,1,Black,0,0
20,2,40,1,0,1,1,College,1,52668600,8,1,White,1,1
21,2,40,1,0,1,1,College,1,52668600,NA,1,White,1,1
21,2,40,1,1,1,1,College,1,49776110,10,1,White,1,1
20,2,40,1,0,1,1,College,7,52668600,NA,1,White,0,1
19,2,40,1,0,1,1,College,7,60108838,NA,1,White,0,1
19,1,40,1,0,0,-1,NA,1,58565647,40,0,White,1,0
23,2,43,1,0,0,-1,NA,1,52687632,40,1,White,1,0
24,2,43,1,0,0,-1,NA,1,52687632,40,1,White,1,0
21,2,40,2,0,1,1,College,7,89582839,NA,1,Black,0,1
20,2,39,1,0,0,-1,NA,1,50211479,38,1,White,1,0
18,1,35,1,1,0,-1,NA,1,55045750,40,0,White,1,0
23,1,39,1,1,0,-1,NA,7,49085039,NA,0,White,0,0
19,2,39,1,1,0,-1,NA,7,61000181,NA,1,White,0,0
21,1,39,1,1,0,-1,NA,1,52869142,40,0,White,1,0
20,2,39,1,1,0,-1,NA,1,58550962,40,1,White,1,0
20,2,39,4,0,0,-1,NA,7,44238132,NA,1,Asian,0,0
19,2,40,1,0,1,1,College,7,64315740,NA,1,White,0,1
19,1,39,4,1,0,-1,NA,1,89294285,30,0,Asian,1,0
19,2,40,1,0,1,1,College,1,30131293,15,1,White,1,1
18,1,37,2,0,1,1,High school,7,27621874,NA,0,Black,0,0
24,1,40,1,0,1,1,College,1,22988269,30,0,White,1,1
24,1,39,1,0,0,-1,NA,7,22988269,NA,0,White,0,0
24,1,37,1,1,0,-1,NA,1,17766285,12,0,White,1,0
20,2,39,1,1,0,-1,NA,1,21379254,32,1,White,1,0
18,1,39,1,1,0,-1,NA,1,21153100,20,0,White,1,0
22,2,42,1,0,1,1,College,1,32068220,10,1,White,1,1
23,1,39,1,1,0,-1,NA,1,18281892,45,0,White,1,0
22,2,39,1,0,0,-1,NA,1,25673802,20,1,White,1,0
18,2,40,5,0,1,1,College,7,23108612,NA,1,Other,0,1
23,1,40,1,0,0,-1,NA,1,24545758,40,0,White,1,0
24,2,39,1,0,0,-1,NA,7,50667594,NA,1,White,0,0
19,1,39,1,1,0,-1,NA,1,32244222,40,0,White,1,0
20,2,40,1,1,1,1,College,7,33586300,NA,1,White,0,1
21,2,39,1,1,0,-1,NA,7,52981618,NA,1,White,0,0
21,1,39,1,1,0,-1,NA,1,33779453,40,0,White,1,0
23,1,40,1,0,0,-1,NA,1,34706570,20,0,White,1,0
22,1,39,3,0,0,-1,NA,1,55059890,32,0,Other,1,0
18,1,40,2,0,1,2,College,1,39631058,10,0,Black,1,1
23,1,39,1,0,0,-1,NA,1,34969480,34,0,White,1,0
22,1,40,1,0,1,1,College,7,37127822,NA,0,White,0,1
19,1,37,1,1,1,1,High school,7,51586772,NA,0,White,0,0
18,2,39,1,1,1,1,College,7,53450476,NA,1,White,0,1
24,1,43,1,0,0,-1,NA,1,44176836,30,0,White,1,0
20,1,43,1,0,0,-1,NA,1,44176836,35,0,White,1,0
20,1,43,1,0,0,-1,NA,1,44176836,35,0,White,1,0
24,2,44,4,0,1,1,College,1,33343014,20,1,Asian,1,1
21,1,41,1,0,0,-1,NA,1,44533690,47,0,White,1,0
23,2,39,1,0,0,-1,NA,6,60063580,NA,1,White,0,0
21,1,39,1,0,0,-1,NA,1,33778542,35,0,White,1,0
18,2,40,1,1,1,1,College,7,37519560,NA,1,White,0,1
18,2,39,1,0,1,1,College,1,67729535,16,1,White,1,1
24,1,40,1,0,0,-1,NA,1,41484773,40,0,White,1,0
24,1,43,1,0,0,-1,NA,1,41484773,30,0,White,1,0
18,1,39,1,0,1,1,College,7,30667853,NA,0,White,0,1
24,2,39,1,0,0,-1,NA,1,63764871,40,1,White,1,0
19,2,40,1,0,1,1,College,1,41519381,32,1,White,1,1
18,2,37,1,0,1,1,High school,1,46143938,10,1,White,1,0
18,2,39,8,0,1,1,College,7,57473121,NA,1,Other,0,1
23,1,39,1,0,0,-1,NA,1,5372493,40,0,White,1,0
23,2,42,1,0,1,1,College,7,4868043,NA,1,White,0,1
24,1,43,1,0,0,-1,NA,1,5337177,40,0,White,1,0
21,1,39,1,0,0,-1,NA,3,5821924,NA,0,White,0,0
22,1,37,1,0,0,-1,NA,1,5566557,50,0,White,1,0
24,2,38,1,0,0,-1,NA,7,4660338,NA,1,White,0,0
20,1,40,1,1,0,-1,NA,1,5881559,40,0,White,1,0
22,1,43,4,0,1,1,College,1,5529520,15,0,Asian,1,1
19,1,39,3,0,0,-1,NA,7,6593776,NA,0,Other,0,0
18,2,39,3,0,0,-1,NA,4,9242212,NA,1,Other,0,0
21,1,43,4,0,1,1,College,1,50958413,19,0,Asian,1,1
22,1,43,4,0,0,-1,NA,4,50958413,NA,0,Asian,0,0
23,1,43,4,0,1,1,College,1,50958413,20,0,Asian,1,1
24,1,43,4,0,1,1,College,7,50958413,NA,0,Asian,0,1
21,1,42,1,0,1,1,College,7,19530713,NA,0,White,0,1
24,1,44,1,0,0,-1,NA,1,25860939,50,0,White,1,0
19,1,39,2,0,0,-1,NA,6,26944462,NA,0,Black,0,0
21,1,39,1,0,0,-1,NA,1,22322629,40,0,White,1,0
22,1,40,1,0,1,1,College,7,21428295,NA,0,White,0,1
23,2,40,1,0,0,-1,NA,1,14005806,40,1,White,1,0
22,1,42,1,0,1,1,College,1,21723969,11,0,White,1,1
21,2,40,1,0,0,-1,NA,1,14199062,9,1,White,1,0
20,2,40,1,0,1,1,College,1,14199062,9,1,White,1,1
18,1,40,4,0,1,1,College,1,5322933,30,0,Asian,1,1
23,1,41,4,0,0,-1,NA,1,5095762,40,0,Asian,1,0
22,1,42,1,0,0,-1,NA,1,11577750,40,0,White,1,0
23,1,39,1,0,0,-1,NA,1,11577750,40,0,White,1,0
19,1,39,1,0,0,-1,NA,1,11687814,40,0,White,1,0
21,2,39,1,1,0,-1,NA,1,9393271,40,1,White,1,0
18,2,39,1,1,0,-1,NA,7,9847144,NA,1,White,0,0
24,2,39,1,1,0,-1,NA,1,10319947,29,1,White,1,0
19,1,39,1,0,0,-1,NA,1,9240628,40,0,White,1,0
22,2,39,1,0,0,-1,NA,7,13550656,NA,1,White,0,0
18,2,37,1,0,1,1,High school,1,22470783,2,1,White,1,0
22,1,39,1,0,0,-1,NA,6,18879637,NA,0,White,0,0
24,1,40,1,0,0,-1,NA,1,19700105,47,0,White,1,0
19,1,41,1,0,1,2,College,1,16334327,47,0,White,1,1
22,2,39,1,0,0,-1,NA,1,7261960,40,1,White,1,0
20,1,39,1,0,0,-1,NA,1,9586573,40,0,White,1,0
18,1,37,1,0,1,1,High school,7,8703739,NA,0,White,0,0
23,2,43,1,0,0,-1,NA,1,10234300,40,1,White,1,0
19,2,39,1,0,0,-1,NA,1,9487453,35,1,White,1,0
21,2,42,16,0,1,1,College,1,31104874,15,1,Other,1,1
24,2,43,1,0,0,-1,NA,1,16411624,40,1,White,1,0
23,1,40,1,0,1,1,College,7,28054652,NA,0,White,0,1
22,2,37,1,1,1,1,High school,7,14223558,NA,1,White,0,0
19,2,40,4,0,1,1,College,1,7260078,20,1,Asian,1,1
21,2,40,1,0,0,-1,NA,1,7377173,44,1,White,1,0
23,1,39,1,0,0,-1,NA,1,8355437,65,0,White,1,0
21,2,39,1,0,0,-1,NA,1,6751813,33,1,White,1,0
19,2,40,7,0,1,1,College,1,24806904,5,1,Other,1,1
18,1,39,3,1,1,1,College,7,35010619,NA,0,Other,0,1
22,1,40,1,1,0,-1,NA,1,26175235,40,0,White,1,0
23,2,40,1,0,0,-1,NA,1,23572287,16,1,White,1,0
18,1,39,1,0,0,-1,NA,1,24829517,40,0,White,1,0
19,2,39,3,0,0,-1,NA,1,25895728,40,1,Other,1,0
20,1,40,1,0,0,-1,NA,4,36376411,NA,0,White,0,0
18,1,39,4,0,1,1,College,7,4508012,NA,0,Asian,0,1
20,1,41,1,0,0,-1,NA,1,9596394,45,0,White,1,0
22,1,42,1,0,1,1,College,7,9596394,NA,0,White,0,1
24,1,42,1,0,1,1,College,7,5372493,NA,0,White,0,1
20,2,39,3,0,0,-1,NA,4,5921707,NA,1,Other,0,0
18,2,39,1,0,1,1,College,3,32453514,NA,1,White,0,1
22,2,39,1,1,1,2,College,7,24054292,NA,1,White,0,1
18,2,39,1,0,0,-1,NA,4,34253665,NA,1,White,0,0
24,2,39,1,0,0,-1,NA,1,24993824,40,1,White,1,0
24,2,43,1,0,0,-1,NA,1,25583010,40,1,White,1,0
24,1,43,4,0,1,1,College,7,31890706,NA,0,Asian,0,1
19,1,40,1,0,1,1,College,1,20620069,40,0,White,1,1
23,1,41,1,0,0,-1,NA,1,27054809,40,0,White,1,0
24,2,43,1,0,0,-1,NA,1,23427647,13,1,White,1,0
18,1,39,1,0,0,-1,NA,1,20542899,40,0,White,1,0
20,2,39,1,0,0,-1,NA,7,28202800,NA,1,White,0,0
20,2,40,1,0,1,1,College,7,33910687,NA,1,White,0,1
18,2,40,1,0,1,1,College,7,31058819,NA,1,White,0,1
18,2,40,2,1,1,1,College,7,46001493,NA,1,Black,0,1
23,2,43,2,0,0,-1,NA,1,29462428,20,1,Black,1,0
20,2,39,1,0,0,-1,NA,1,44423057,40,1,White,1,0
22,1,39,1,0,0,-1,NA,7,55117942,NA,0,White,0,0
22,2,40,1,0,1,1,College,7,33910687,NA,1,White,0,1
21,2,40,1,0,1,1,College,1,38072287,18,1,White,1,1
23,2,37,2,0,1,1,High school,6,45763032,NA,1,Black,0,0
22,2,41,2,0,1,1,College,7,45763032,NA,1,Black,0,1
18,1,37,1,1,1,1,High school,7,46370373,NA,0,White,0,0
18,2,37,1,0,1,1,High school,4,43526225,NA,1,White,0,0
24,2,44,1,0,0,-1,NA,1,53989406,45,1,White,1,0
18,2,39,1,0,1,1,College,7,41706446,NA,1,White,0,1
18,2,40,6,0,0,-1,NA,7,40297138,NA,1,Other,0,0
18,2,39,1,0,1,1,College,1,8951028,NA,1,White,1,1
18,1,39,1,0,0,-1,NA,7,10476242,NA,0,White,0,0
24,1,43,4,0,0,-1,NA,1,6739161,40,0,Asian,1,0
19,1,39,1,0,0,-1,NA,7,7368915,NA,0,White,0,0
24,2,35,1,1,1,1,High school,6,7210259,NA,1,White,0,0
23,1,39,1,0,0,-1,NA,1,9547126,40,0,White,1,0
21,1,40,2,1,1,2,College,1,13535950,24,0,Black,1,1
23,1,39,1,0,0,-1,NA,1,11326069,NA,0,White,1,0
22,1,40,1,0,1,2,College,1,9753314,40,0,White,1,1
19,2,40,1,1,1,1,College,1,8627706,20,1,White,1,1
18,1,37,1,1,1,1,High school,7,11248431,NA,0,White,0,0
23,2,39,1,0,0,-1,NA,7,10196085,NA,1,White,0,0
23,1,39,1,1,0,-1,NA,1,8095949,40,0,White,1,0
21,1,39,1,1,0,-1,NA,1,8095949,40,0,White,1,0
21,1,40,2,0,1,1,College,1,9539162,25,0,Black,1,1
18,2,40,2,0,1,1,College,7,14872768,NA,1,Black,0,1
21,2,40,2,0,0,-1,NA,7,9499942,NA,1,Black,0,0
18,1,39,2,0,1,1,College,7,6426380,NA,0,Black,0,1
18,2,40,1,0,1,1,College,7,5877097,NA,1,White,0,1
24,1,43,2,0,0,-1,NA,1,3981213,40,0,Black,1,0
22,1,43,1,1,0,-1,NA,1,3386557,50,0,White,1,0
23,1,43,1,0,0,-1,NA,1,3802844,40,0,White,1,0
24,2,44,1,0,0,-1,NA,1,5417964,40,1,White,1,0
22,1,32,1,1,0,-1,NA,1,55004544,40,0,White,1,0
24,2,41,2,0,1,1,College,1,66883690,40,1,Black,1,1
24,2,40,1,0,0,-1,NA,6,61165287,NA,1,White,0,0
24,2,39,1,0,0,-1,NA,1,61165287,NA,1,White,1,0
18,1,39,1,0,1,1,College,1,45583858,NA,0,White,1,1
23,1,40,4,0,0,-1,NA,1,37344131,40,0,Asian,1,0
20,1,39,1,0,0,-1,NA,1,58164549,40,0,White,1,0
20,1,40,1,0,0,-1,NA,1,62037578,18,0,White,1,0
21,1,39,1,1,0,-1,NA,1,62041132,40,0,White,1,0
22,1,36,1,0,0,-1,NA,1,55105965,40,0,White,1,0
19,2,39,1,0,1,1,College,7,61657656,NA,1,White,0,1
24,2,37,1,0,0,-1,NA,1,60147834,30,1,White,1,0
24,1,39,2,0,0,-1,NA,6,60149388,NA,0,Black,0,0
21,1,40,1,0,1,1,College,1,77085711,40,0,White,1,1
23,1,45,1,1,0,-1,NA,1,53995395,40,0,White,1,0
22,1,40,1,1,1,1,College,7,71416594,NA,0,White,0,1
20,2,40,1,1,1,1,College,7,68153725,NA,1,White,0,1
20,1,39,1,1,1,1,College,7,42504736,NA,0,White,0,1
24,2,39,1,1,1,1,College,7,56445742,NA,1,White,0,1
20,1,36,2,0,0,-1,NA,1,64154583,25,0,Black,1,0
19,1,39,1,1,1,1,College,7,61794881,NA,0,White,0,1
24,1,44,1,1,0,-1,NA,1,48970600,40,0,White,1,0
22,1,33,1,1,0,-1,NA,1,65035958,40,0,White,1,0
24,2,33,1,1,0,-1,NA,1,62064606,40,1,White,1,0
18,2,38,2,0,1,1,High school,7,56939734,NA,1,Black,0,0
21,1,38,1,1,1,1,High school,6,43062413,NA,0,White,0,0
22,1,40,2,0,1,2,College,2,43268429,NA,0,Black,1,1
23,2,39,21,0,0,-1,NA,6,55954802,NA,1,Other,0,0
20,2,40,1,1,1,1,College,1,51063066,34,1,White,1,1
20,2,40,1,0,0,-1,NA,1,69263469,30,1,White,1,0
18,2,37,1,0,1,1,High school,7,91119977,NA,1,White,0,0
24,2,40,1,0,0,-1,NA,2,55358163,40,1,White,1,0
23,1,39,1,0,0,-1,NA,1,62851534,45,0,White,1,0
22,1,43,1,0,1,1,College,7,50996585,NA,0,White,0,1
23,1,43,1,0,1,1,College,1,50996585,10,0,White,1,1
24,2,37,1,0,0,-1,NA,7,69346682,NA,1,White,0,0
20,1,39,2,0,0,-1,NA,7,74112963,NA,0,Black,0,0
21,2,39,1,1,0,-1,NA,1,60450528,40,1,White,1,0
24,1,39,1,0,0,-1,NA,6,44993911,NA,0,White,0,0
20,2,40,1,0,1,1,College,1,63504950,20,1,White,1,1
18,1,38,1,0,1,1,High school,7,61395190,NA,0,White,0,0
20,1,39,1,0,1,1,College,7,55931049,NA,0,White,0,1
19,2,37,1,0,0,-1,NA,4,72189718,NA,1,White,0,0
18,2,39,1,0,0,-1,NA,1,80230431,NA,1,White,1,0
21,1,40,1,0,1,1,College,1,50069237,NA,0,White,1,1
23,2,40,1,1,0,-1,NA,7,76051099,NA,1,White,0,0
24,1,35,1,1,0,-1,NA,1,56542160,NA,0,White,1,0
19,2,40,1,0,1,1,College,7,55524213,NA,1,White,0,1
19,1,40,1,0,1,1,College,7,52762285,NA,0,White,0,1
20,2,40,1,0,0,-1,NA,1,66514199,35,1,White,1,0
18,2,40,1,0,1,1,College,1,84334990,20,1,White,1,1
21,1,38,2,0,1,1,High school,7,98137702,NA,0,Black,0,0
24,1,37,1,1,0,-1,NA,1,50078948,40,0,White,1,0
21,2,40,1,0,0,-1,NA,7,70618277,NA,1,White,0,0
18,2,37,1,0,1,1,High school,7,67035122,NA,1,White,0,0
19,1,39,1,0,1,1,College,7,44015298,NA,0,White,0,1
18,1,39,1,0,1,1,High school,7,52318338,NA,0,White,0,0
24,2,36,1,1,1,1,High school,7,67965536,NA,1,White,0,0
21,1,40,1,0,0,-1,NA,1,57678455,40,0,White,1,0
18,1,37,1,0,1,1,High school,1,52313815,25,0,White,1,0
22,2,39,2,0,0,-1,NA,1,53804097,30,1,Black,1,0
23,2,40,1,0,0,-1,NA,1,38697757,40,1,White,1,0
20,1,40,1,0,1,1,College,2,40008279,0,0,White,1,1
18,1,39,2,0,1,1,College,7,40838288,NA,0,Black,0,1
24,1,40,1,0,0,-1,NA,1,47025419,40,0,White,1,0
24,1,43,2,0,0,-1,NA,1,54270807,40,0,Black,1,0
24,1,39,1,0,0,-1,NA,7,51312273,NA,0,White,0,0
21,1,42,1,0,0,-1,NA,7,45031631,NA,0,White,0,0
18,1,40,1,0,0,-1,NA,1,22624936,35,0,White,1,0
18,2,40,1,0,0,-1,NA,1,20794412,25,1,White,1,0
18,1,37,1,0,0,-1,NA,1,22624936,25,0,White,1,0
23,2,43,1,0,0,-1,NA,1,21007042,80,1,White,1,0
21,1,39,2,0,1,1,College,7,38014728,NA,0,Black,0,1
21,2,40,1,0,1,1,College,1,25955032,20,1,White,1,1
18,1,40,1,0,1,1,College,1,22055774,15,0,White,1,1
20,2,41,1,0,0,-1,NA,1,24442414,NA,1,White,1,0
19,2,39,1,1,1,1,College,7,20042935,NA,1,White,0,1
20,1,39,1,1,1,1,College,7,20320853,NA,0,White,0,1
20,1,40,1,0,1,1,College,1,19125760,35,0,White,1,1
23,1,39,1,0,0,-1,NA,1,24292926,40,0,White,1,0
19,1,39,1,0,1,1,College,1,20142461,35,0,White,1,1
24,1,39,1,0,0,-1,NA,1,22877173,40,0,White,1,0
18,1,39,1,0,0,-1,NA,1,20181884,40,0,White,1,0
23,1,39,1,0,0,-1,NA,1,20365392,40,0,White,1,0
24,2,41,2,0,1,1,College,6,32431535,NA,1,Black,0,1
24,1,39,1,0,1,1,College,6,24890854,NA,0,White,0,1
21,1,40,1,0,0,-1,NA,1,26202961,NA,0,White,1,0
22,1,39,1,0,0,-1,NA,1,24855531,40,0,White,1,0
18,1,39,1,0,1,2,College,1,23901054,40,0,White,1,1
18,1,39,8,0,0,-1,NA,1,68439163,24,0,Other,1,0
20,1,39,8,0,0,-1,NA,1,72476584,24,0,Other,1,0
19,1,39,1,0,0,-1,NA,4,50477324,NA,0,White,0,0
19,2,37,1,0,0,-1,NA,7,69936475,NA,1,White,0,0
22,2,43,1,0,1,1,College,7,52048908,NA,1,White,0,1
24,1,40,1,0,0,-1,NA,1,56600399,24,0,White,1,0
18,1,39,1,0,1,1,High school,7,48405164,NA,0,White,0,0
21,1,42,1,0,0,-1,NA,1,51599610,40,0,White,1,0
19,2,40,1,0,1,1,College,7,69936475,NA,1,White,0,1
23,1,42,4,0,0,-1,NA,1,25800644,40,0,Asian,1,0
21,1,43,1,0,1,1,College,7,53314976,NA,0,White,0,1
23,1,39,1,1,0,-1,NA,1,57426903,40,0,White,1,0
20,2,39,1,1,0,-1,NA,1,83043742,32,1,White,1,0
24,1,44,4,0,1,1,College,7,26234937,NA,0,Asian,0,1
18,1,37,1,0,1,1,High school,7,45916767,NA,0,White,0,0
21,2,40,1,0,1,1,College,1,39745621,25,1,White,1,1
19,2,39,1,1,0,-1,NA,7,26821666,NA,1,White,0,0
22,1,39,1,0,0,-1,NA,6,44003924,NA,0,White,0,0
18,2,40,1,0,0,-1,NA,4,40073314,NA,1,White,0,0
20,2,40,2,1,1,1,College,7,40967662,NA,1,Black,0,1
19,1,38,1,0,1,1,High school,6,30419327,NA,0,White,0,0
22,1,40,1,0,1,1,College,7,26730165,NA,0,White,0,1
21,1,40,1,0,1,1,College,7,26730165,NA,0,White,0,1
18,2,40,1,0,1,1,College,7,35063552,NA,1,White,0,1
20,1,40,1,0,1,1,College,7,40765403,NA,0,White,0,1
22,2,43,1,0,0,-1,NA,1,34871775,NA,1,White,1,0
23,2,43,1,0,0,-1,NA,1,34871775,NA,1,White,1,0
22,1,43,1,0,1,1,College,4,36890470,NA,0,White,0,1
18,2,37,6,1,1,1,High school,7,37343468,NA,1,Other,0,0
22,2,43,1,1,0,-1,NA,1,37466288,40,1,White,1,0
23,1,43,6,1,0,-1,NA,1,37234912,40,0,Other,1,0
22,2,43,1,0,0,-1,NA,1,37434639,NA,1,White,1,0
21,1,39,1,0,0,-1,NA,1,44161906,45,0,White,1,0
20,1,40,4,0,1,1,College,1,34383739,20,0,Asian,1,1
23,2,39,1,0,0,-1,NA,1,34075525,40,1,White,1,0
22,2,39,2,0,1,2,College,7,28945770,NA,1,Black,0,1
18,1,34,2,0,1,1,High school,7,42325523,NA,0,Black,0,0
23,2,39,2,0,0,-1,NA,3,34102727,NA,1,Black,0,0
24,1,37,2,0,0,-1,NA,1,38340229,30,0,Black,1,0
23,2,39,1,0,0,-1,NA,4,16197467,NA,1,White,0,0
20,2,40,2,0,1,1,College,7,27766994,NA,1,Black,0,1
22,1,43,2,0,0,-1,NA,1,30648072,NA,0,Black,1,0
24,1,42,1,0,0,-1,NA,1,20682569,40,0,White,1,0
22,2,39,1,0,0,-1,NA,7,24652433,NA,1,White,0,0
18,2,39,1,1,0,-1,NA,1,15044221,21,1,White,1,0
20,2,39,1,0,0,-1,NA,1,22561817,NA,1,White,1,0
18,2,39,1,1,1,1,College,7,15027501,NA,1,White,0,1
19,1,40,4,0,1,1,College,7,9499348,NA,0,Asian,0,1
21,1,39,1,0,0,-1,NA,1,13516838,40,0,White,1,0
22,2,40,1,0,1,1,College,7,15928069,NA,1,White,0,1
24,1,40,1,0,0,-1,NA,1,16697591,40,0,White,1,0
23,2,43,1,0,0,-1,NA,1,11717636,40,1,White,1,0
22,2,40,1,0,1,1,College,7,11717636,NA,1,White,0,1
24,2,43,1,0,1,1,College,7,13986679,NA,1,White,0,1
18,1,39,1,0,0,-1,NA,1,12701407,20,0,White,1,0
20,1,40,1,0,1,1,College,7,11306036,NA,0,White,0,1
20,2,40,1,0,1,1,College,1,45661405,10,1,White,1,1
19,1,39,2,0,0,-1,NA,7,58365280,NA,0,Black,0,0
20,2,42,2,0,1,1,College,7,96736354,NA,1,Black,0,1
19,2,40,1,1,1,1,College,7,48627020,NA,1,White,0,1
22,1,39,1,1,0,-1,NA,1,40700256,40,0,White,1,0
21,2,40,4,0,1,1,College,7,44578031,NA,1,Asian,0,1
18,2,40,4,0,1,1,College,7,40603843,NA,1,Asian,0,1
24,2,43,2,0,0,-1,NA,7,83527761,NA,1,Black,0,0
23,1,43,4,0,0,-1,NA,1,44569068,40,0,Asian,1,0
21,1,40,4,0,1,1,College,7,44569068,NA,0,Asian,0,1
22,1,43,4,0,1,1,College,1,53162012,25,0,Asian,1,1
18,2,40,4,0,1,1,College,7,64157694,NA,1,Asian,0,1
24,1,44,1,0,0,-1,NA,1,108205602,40,0,White,1,0
21,1,39,1,0,0,-1,NA,1,108205602,40,0,White,1,0
18,1,38,1,0,0,-1,NA,1,58973748,40,0,White,1,0
21,2,40,1,1,0,-1,NA,1,53951577,32,1,White,1,0
23,1,40,1,0,1,1,College,7,55108805,NA,0,White,0,1
18,1,40,1,0,1,1,College,7,59031074,NA,0,White,0,1
21,1,42,2,0,1,1,College,1,40729068,20,0,Black,1,1
20,1,40,2,0,0,-1,NA,4,40729068,NA,0,Black,0,0
19,2,40,1,0,1,1,College,7,48203289,NA,1,White,0,1
22,2,43,1,0,0,-1,NA,1,60326816,12,1,White,1,0
23,2,44,1,0,1,1,College,7,69781763,NA,1,White,0,1
21,1,43,1,0,0,-1,NA,1,101914093,40,0,White,1,0
23,2,43,1,0,0,-1,NA,4,69781763,NA,1,White,0,0
18,1,39,1,1,1,1,High school,7,67567433,NA,0,White,0,0
23,1,40,3,1,0,-1,NA,7,53926944,NA,0,Other,0,0
24,2,40,3,1,0,-1,NA,1,62792651,40,1,Other,1,0
18,2,37,6,1,1,1,High school,7,60425490,NA,1,Other,0,0
20,1,40,2,0,1,1,College,1,35105364,20,0,Black,1,1
23,1,40,2,0,1,1,College,1,35105364,20,0,Black,1,1
22,2,40,2,0,1,1,College,1,66774711,20,1,Black,1,1
23,2,43,1,0,0,-1,NA,1,56900959,NA,1,White,1,0
21,2,40,1,0,1,1,College,1,56900959,18,1,White,1,1
21,1,39,1,0,0,-1,NA,1,65359425,40,0,White,1,0
24,1,39,2,0,0,-1,NA,1,94335886,40,0,Black,1,0
22,2,39,2,0,0,-1,NA,1,55657040,40,1,Black,1,0
23,2,43,1,0,0,-1,NA,1,57282783,40,1,White,1,0
21,2,43,4,0,0,-1,NA,7,59576305,NA,1,Asian,0,0
24,2,43,4,0,0,-1,NA,7,59576305,NA,1,Asian,0,0
20,1,39,1,0,0,-1,NA,6,62150387,NA,0,White,0,0
24,2,39,1,0,0,-1,NA,1,66840226,NA,1,White,1,0
20,1,40,1,0,1,1,College,7,67014722,NA,0,White,0,1
19,1,39,1,0,0,-1,NA,7,45490635,NA,0,White,0,0
19,2,39,1,0,0,-1,NA,7,62415354,NA,1,White,0,0
21,2,39,1,0,0,-1,NA,7,54709380,NA,1,White,0,0
24,1,40,1,0,1,1,College,7,52867161,NA,0,White,0,1
21,2,40,1,0,1,1,College,1,59657803,20,1,White,1,1
21,1,39,1,1,0,-1,NA,7,39523508,NA,0,White,0,0
22,1,39,1,1,0,-1,NA,7,39523508,NA,0,White,0,0
19,2,39,2,0,0,-1,NA,4,44723717,NA,1,Black,0,0
22,1,43,4,0,0,-1,NA,1,43571668,40,0,Asian,1,0
19,1,40,4,0,1,1,College,7,40010868,NA,0,Asian,0,1
22,1,40,4,0,1,1,College,7,43571668,NA,0,Asian,0,1
19,1,40,4,0,1,1,College,7,40010868,NA,0,Asian,0,1
24,2,43,3,0,1,1,College,7,47562941,NA,1,Other,0,1
20,2,39,1,0,0,-1,NA,1,66458882,7,1,White,1,0
20,1,39,1,0,0,-1,NA,1,71782367,37,0,White,1,0
23,1,40,1,1,1,2,College,7,43766597,NA,0,White,0,1
23,2,43,2,0,0,-1,NA,1,73350056,40,1,Black,1,0
23,2,39,1,1,0,-1,NA,7,61550371,NA,1,White,0,0
22,1,40,1,1,1,1,College,7,48862729,NA,0,White,0,1
22,1,40,1,1,1,1,College,7,59966282,NA,0,White,0,1
20,1,39,1,1,0,-1,NA,1,59966282,35,0,White,1,0
22,2,43,4,0,1,1,College,7,53683879,NA,1,Asian,0,1
24,2,43,1,0,0,-1,NA,1,55492041,40,1,White,1,0
20,1,39,1,0,0,-1,NA,6,54878513,NA,0,White,0,0
24,1,43,1,0,0,-1,NA,1,71719670,50,0,White,1,0
22,2,42,1,0,0,-1,NA,1,75585852,20,1,White,1,0
20,2,40,1,0,1,1,College,7,62596534,NA,1,White,0,1
23,1,40,1,0,0,-1,NA,1,63669474,40,0,White,1,0
19,1,39,1,0,0,-1,NA,1,52264328,40,0,White,1,0
22,1,39,1,0,0,-1,NA,1,59491973,40,0,White,1,0
20,1,39,1,0,0,-1,NA,1,59491973,40,0,White,1,0
20,1,39,1,1,0,-1,NA,1,46819661,40,0,White,1,0
18,1,39,1,1,0,-1,NA,7,55744968,NA,0,White,0,0
23,1,43,4,0,1,1,College,7,43571668,NA,0,Asian,0,1
18,2,37,7,1,1,1,High school,1,54809972,10,1,Other,1,0
20,1,39,7,1,1,1,College,7,57254359,NA,0,Other,0,1
23,2,37,4,0,1,1,High school,7,62942946,NA,1,Asian,0,0
24,2,39,4,0,0,-1,NA,3,62942946,NA,1,Asian,0,0
23,1,39,4,0,0,-1,NA,4,41449572,NA,0,Asian,0,0
20,1,38,1,0,1,1,High school,7,53852451,NA,0,White,0,0
23,1,40,1,0,1,1,College,7,52867161,NA,0,White,0,1
23,2,41,1,1,0,-1,NA,1,52873085,40,1,White,1,0
23,2,43,1,1,0,-1,NA,1,52198565,40,1,White,1,0
22,2,42,1,0,0,-1,NA,1,73051798,35,1,White,1,0
19,1,40,1,0,1,1,College,7,54192715,NA,0,White,0,1
24,1,40,1,0,0,-1,NA,7,69075460,NA,0,White,0,0
22,1,39,1,0,0,-1,NA,1,69075460,20,0,White,1,0
23,2,39,1,0,0,-1,NA,7,56900959,NA,1,White,0,0
19,2,40,1,0,1,1,College,1,64663785,4,1,White,1,1
18,1,39,1,0,1,1,College,7,60179330,NA,0,White,0,1
24,2,43,2,1,0,-1,NA,1,52642907,40,1,Black,1,0
24,1,43,2,1,0,-1,NA,1,77950700,40,0,Black,1,0
21,1,40,6,0,0,-1,NA,1,53690160,54,0,Other,1,0
22,1,40,1,0,0,-1,NA,1,45268165,54,0,White,1,0
22,2,40,1,0,1,1,College,7,45532335,NA,1,White,0,1
22,2,42,2,0,1,1,College,1,72976141,10,1,Black,1,1
20,1,39,2,0,0,-1,NA,1,57263879,40,0,Black,1,0
19,1,40,1,0,1,1,College,4,45319335,NA,0,White,0,1
20,1,37,1,0,1,1,High school,7,47704543,NA,0,White,0,0
19,2,39,2,0,1,1,College,1,62628148,10,1,Black,1,1
21,1,40,1,0,1,1,College,7,56486616,NA,0,White,0,1
23,2,43,2,0,1,1,College,7,57344021,NA,1,Black,0,1
20,2,40,2,0,1,1,College,7,57344021,NA,1,Black,0,1
19,1,40,1,0,1,1,College,1,39533226,35,0,White,1,1
24,1,43,1,1,0,-1,NA,1,43875395,40,0,White,1,0
20,2,40,1,0,1,1,College,1,46504130,NA,1,White,1,1
20,2,40,1,0,1,1,College,1,46504130,10,1,White,1,1
20,2,40,6,0,1,1,College,1,44070781,10,1,Other,1,1
22,2,40,1,0,1,1,College,7,46504130,NA,1,White,0,1
24,2,36,1,1,0,-1,NA,1,51573526,40,1,White,1,0
22,1,39,3,1,0,-1,NA,1,59195820,40,0,Other,1,0
22,2,39,1,0,0,-1,NA,1,64553828,40,1,White,1,0
22,1,43,1,0,1,1,College,7,54371348,NA,0,White,0,1
24,1,43,1,0,0,-1,NA,1,45118846,40,0,White,1,0
24,2,43,1,0,0,-1,NA,4,64553828,NA,1,White,0,0
23,2,43,1,0,1,1,College,7,57135723,NA,1,White,0,1
21,1,39,1,1,0,-1,NA,1,52894594,40,0,White,1,0
18,1,39,2,0,0,-1,NA,7,135967928,NA,0,Black,0,0
23,2,39,2,0,0,-1,NA,1,85683807,20,1,Black,1,0
20,2,40,1,0,1,1,College,1,64553828,20,1,White,1,1
22,1,39,1,0,0,-1,NA,1,54371348,40,0,White,1,0
21,2,40,1,0,1,1,College,1,66367236,NA,1,White,1,1
19,1,40,1,0,0,-1,NA,1,58759292,40,0,White,1,0
24,2,43,1,0,0,-1,NA,1,40699912,40,1,White,1,0
18,2,37,1,0,1,1,High school,7,62759933,NA,1,White,0,0
19,1,39,1,0,0,-1,NA,1,46860901,40,0,White,1,0
21,1,39,1,0,1,2,College,1,47902781,40,0,White,1,1
22,2,40,1,0,1,1,College,1,93168262,20,1,White,1,1
22,2,40,1,0,1,1,College,1,65287677,NA,1,White,1,1
19,2,40,1,0,1,1,College,1,54288432,24,1,White,1,1
19,1,39,1,0,0,-1,NA,1,48565405,NA,0,White,1,0
21,2,40,1,0,1,1,College,7,57316919,NA,1,White,0,1
18,2,40,1,0,1,1,College,7,44244509,NA,1,White,0,1
23,1,39,1,0,0,-1,NA,1,43709859,40,0,White,1,0
19,2,39,1,0,1,1,College,7,62135217,NA,1,White,0,1
18,1,39,1,0,0,-1,NA,2,44547147,40,0,White,1,0
18,1,39,1,0,0,-1,NA,1,50145451,30,0,White,1,0
23,2,43,1,0,1,1,College,1,63086020,20,1,White,1,1
24,1,39,1,0,0,-1,NA,1,46813580,30,0,White,1,0
23,1,43,1,0,0,-1,NA,1,55676542,40,0,White,1,0
23,1,41,1,0,0,-1,NA,1,45932371,40,0,White,1,0
23,2,39,1,0,0,-1,NA,1,47425761,40,1,White,1,0
21,2,43,1,0,1,1,College,7,55848384,NA,1,White,0,1
21,2,39,1,0,1,1,College,7,55848384,NA,1,White,0,1
19,2,40,1,0,1,1,College,1,47956952,25,1,White,1,1
24,1,39,1,0,0,-1,NA,1,55889561,40,0,White,1,0
24,2,39,1,0,0,-1,NA,7,44629773,NA,1,White,0,0
21,2,40,1,0,1,1,College,7,59513139,NA,1,White,0,1
21,2,40,1,0,1,1,College,7,59513139,NA,1,White,0,1
21,2,40,1,0,1,1,College,7,59513139,NA,1,White,0,1
21,2,40,1,0,1,1,College,1,59513139,6,1,White,1,1
24,2,44,1,0,0,-1,NA,1,45780285,40,1,White,1,0
18,1,37,2,0,1,1,College,7,71096117,NA,0,Black,0,1
20,2,40,2,0,1,1,College,7,116178482,NA,1,Black,0,1
22,1,39,1,0,0,-1,NA,1,56192505,40,0,White,1,0
19,2,37,1,0,0,-1,NA,1,51191992,NA,1,White,1,0
24,1,39,1,0,0,-1,NA,1,54133696,50,0,White,1,0
23,2,43,1,0,0,-1,NA,1,48868492,40,1,White,1,0
23,2,43,1,0,0,-1,NA,1,42248097,40,1,White,1,0
23,1,41,1,0,0,-1,NA,1,54257024,48,0,White,1,0
20,2,34,1,0,0,-1,NA,1,42036053,32,1,White,1,0
21,1,35,1,0,0,-1,NA,1,52641463,50,0,White,1,0
22,2,35,1,0,0,-1,NA,1,42036053,10,1,White,1,0
24,2,39,1,0,0,-1,NA,1,58974690,40,1,White,1,0
21,1,36,1,1,0,-1,NA,4,53673600,NA,0,White,0,0
18,1,39,1,0,0,-1,NA,1,48691624,50,0,White,1,0
24,1,43,1,0,0,-1,NA,1,69866792,40,0,White,1,0
22,1,42,1,0,1,1,College,7,66416226,NA,0,White,0,1
18,2,40,1,0,1,1,College,7,67245248,NA,1,White,0,1
20,1,40,1,0,1,1,College,7,67930721,NA,0,White,0,1
18,2,37,1,0,1,1,High school,7,53711795,NA,1,White,0,0
20,1,40,6,0,1,1,College,1,65615837,16,0,Other,1,1
23,2,43,6,0,0,-1,NA,1,58277791,40,1,Other,1,0
24,1,42,2,0,0,-1,NA,1,109485854,NA,0,Black,1,0
18,1,37,4,0,1,1,High school,1,41882076,16,0,Asian,1,0
19,2,40,1,1,1,1,College,7,16544763,NA,1,White,0,1
21,1,39,1,1,0,-1,NA,1,8758689,40,0,White,1,0
23,1,39,1,0,0,-1,NA,1,17640687,40,0,White,1,0
23,1,39,1,0,0,-1,NA,1,13271008,40,0,White,1,0
22,1,39,1,0,0,-1,NA,7,13271008,NA,0,White,0,0
20,1,40,1,0,0,-1,NA,1,15681291,48,0,White,1,0
19,1,40,1,0,1,1,College,7,14357869,NA,0,White,0,1
19,2,40,1,0,1,1,College,7,17424055,NA,1,White,0,1
22,1,39,1,0,0,-1,NA,6,13271008,NA,0,White,0,0
22,1,40,1,0,1,1,College,7,12491490,NA,0,White,0,1
19,1,40,1,0,1,1,College,1,14626762,NA,0,White,1,1
24,2,39,1,0,0,-1,NA,4,37924310,NA,1,White,0,0
23,1,39,1,0,0,-1,NA,1,33522997,40,0,White,1,0
23,1,40,2,0,1,1,High school,1,30845557,37,0,Black,1,0
23,1,40,2,0,0,-1,NA,1,36564616,40,0,Black,1,0
23,2,43,1,0,0,-1,NA,1,39440623,NA,1,White,1,0
18,1,38,1,0,0,-1,NA,1,33820657,40,0,White,1,0
22,1,37,1,0,0,-1,NA,4,31706747,NA,0,White,0,0
18,2,38,1,0,1,1,College,1,36825722,10,1,White,1,1
19,2,40,1,0,1,1,College,1,33135039,4,1,White,1,1
19,1,34,2,0,0,-1,NA,7,34380218,NA,0,Black,0,0
19,1,39,1,0,1,1,College,1,42983945,15,0,White,1,1
24,2,39,1,0,0,-1,NA,2,44378532,40,1,White,1,0
24,1,39,1,0,0,-1,NA,1,44189213,45,0,White,1,0
19,2,40,1,0,1,1,College,1,41086925,18,1,White,1,1
18,1,39,1,1,0,-1,NA,7,57293317,NA,0,White,0,0
18,1,39,1,1,0,-1,NA,1,48442661,40,0,White,1,0
18,2,39,1,1,0,-1,NA,7,50015846,NA,1,White,0,0
24,2,43,1,0,0,-1,NA,7,38920305,NA,1,White,0,0
24,2,43,1,0,0,-1,NA,1,45456421,40,1,White,1,0
22,1,39,1,0,0,-1,NA,1,35171068,40,0,White,1,0
21,1,39,1,0,0,-1,NA,1,35440404,40,0,White,1,0
20,1,39,1,0,0,-1,NA,1,40446932,40,0,White,1,0
23,1,43,1,0,0,-1,NA,1,50942393,40,0,White,1,0
23,2,43,1,0,0,-1,NA,1,44868270,40,1,White,1,0
20,1,40,4,0,1,1,College,7,29429071,NA,0,Asian,0,1
24,2,40,1,0,0,-1,NA,7,53467746,NA,1,White,0,0
22,1,43,1,1,0,-1,NA,1,46141709,40,0,White,1,0
20,1,40,1,0,0,-1,NA,7,38840972,NA,0,White,0,0
20,2,40,1,0,1,1,College,1,6798905,30,1,White,1,1
19,2,39,1,0,0,-1,NA,1,6079357,40,1,White,1,0
21,2,40,1,0,1,1,College,1,5065269,40,1,White,1,1
19,2,39,1,0,0,-1,NA,1,5347243,40,1,White,1,0
23,2,43,2,0,0,-1,NA,1,63137502,NA,1,Black,1,0
22,1,39,1,1,0,-1,NA,4,46287956,NA,0,White,0,0
24,1,38,1,1,0,-1,NA,1,46287956,40,0,White,1,0
20,2,39,1,1,0,-1,NA,1,45642069,40,1,White,1,0
21,2,40,1,0,1,1,College,1,56571420,15,1,White,1,1
18,2,40,1,0,1,2,College,1,52926204,15,1,White,1,1
21,2,39,1,0,0,-1,NA,1,48615677,30,1,White,1,0
18,2,39,2,0,0,-1,NA,4,45091307,NA,1,Black,0,0
20,2,39,1,1,0,-1,NA,1,44542767,40,1,White,1,0
20,1,40,4,0,1,2,College,1,50898308,40,0,Asian,1,1
18,1,39,4,0,0,-1,NA,1,48062938,40,0,Asian,1,0
20,2,39,1,0,0,-1,NA,1,56571420,30,1,White,1,0
18,2,39,4,0,1,1,College,7,31803539,NA,1,Asian,0,1
23,2,39,2,0,0,-1,NA,1,63487927,30,1,Black,1,0
23,2,43,1,0,0,-1,NA,1,8047873,38,1,White,1,0
24,1,43,1,0,0,-1,NA,1,6904592,38,0,White,1,0
19,1,40,1,1,1,1,College,1,6964124,25,0,White,1,1
21,2,40,1,0,1,1,College,7,7564104,NA,1,White,0,1
21,1,39,1,0,0,-1,NA,1,8232662,45,0,White,1,0
23,1,39,1,0,0,-1,NA,6,11534372,NA,0,White,0,0
24,1,42,1,0,0,-1,NA,1,7637335,40,0,White,1,0
23,2,42,1,0,0,-1,NA,1,8901946,40,1,White,1,0
20,1,39,1,0,0,-1,NA,1,9685158,40,0,White,1,0
24,1,39,1,0,0,-1,NA,1,9685158,40,0,White,1,0
23,2,39,1,0,0,-1,NA,1,7074298,NA,1,White,1,0
19,1,36,1,0,1,1,High school,7,9061007,NA,0,White,0,0
24,1,39,1,0,0,-1,NA,1,21634354,40,0,White,1,0
24,2,39,1,0,0,-1,NA,1,29777786,40,1,White,1,0
21,2,40,1,0,0,-1,NA,1,24735964,40,1,White,1,0
21,1,40,1,0,1,1,College,1,30606657,20,0,White,1,1
20,1,43,1,1,0,-1,NA,7,28362413,NA,0,White,0,0
21,1,39,6,0,0,-1,NA,1,12457744,NA,0,Other,1,0
19,2,39,1,0,1,1,College,7,8053954,NA,1,White,0,1
22,1,40,2,0,0,-1,NA,4,8983074,NA,0,Black,0,0
23,2,43,1,0,0,-1,NA,1,5098353,50,1,White,1,0
19,2,43,4,0,1,1,College,7,5653562,NA,1,Asian,0,1
23,1,39,2,0,1,1,College,1,6790095,37,0,Black,1,1
23,1,43,1,0,1,1,College,1,3578511,12,0,White,1,1
21,2,43,1,0,1,1,College,1,5274709,15,1,White,1,1
19,1,40,2,1,1,1,College,1,7036646,9,0,Black,1,1
21,2,40,2,0,1,1,College,1,10277891,19,1,Black,1,1
21,1,39,1,0,1,1,College,1,4870716,17,0,White,1,1
21,1,39,1,0,1,1,College,7,4870716,NA,0,White,0,1
20,1,39,1,0,1,1,College,1,4870716,12,0,White,1,1
24,2,39,1,0,0,-1,NA,1,40621168,40,1,White,1,0
22,2,39,1,0,0,-1,NA,1,35413558,40,1,White,1,0
22,1,39,1,0,0,-1,NA,1,34879241,40,0,White,1,0
19,2,39,1,0,0,-1,NA,1,42328898,24,1,White,1,0
18,1,39,1,0,0,-1,NA,7,51693319,NA,0,White,0,0
18,2,40,2,0,1,1,College,4,26202876,NA,1,Black,0,1
23,2,43,1,0,0,-1,NA,1,15716986,40,1,White,1,0
24,1,39,1,0,0,-1,NA,1,20011662,40,0,White,1,0
23,2,39,1,0,0,-1,NA,6,23417355,NA,1,White,0,0
20,1,40,2,0,0,-1,NA,1,33760304,40,0,Black,1,0
19,1,39,2,0,0,-1,NA,1,38133405,40,0,Black,1,0
20,1,39,2,0,0,-1,NA,1,21631519,40,0,Black,1,0
19,2,39,2,0,0,-1,NA,7,32930913,NA,1,Black,0,0
18,2,39,1,0,0,-1,NA,7,20139743,NA,1,White,0,0
23,1,39,1,0,0,-1,NA,1,22877173,40,0,White,1,0
22,2,43,4,0,1,1,College,7,25302227,NA,1,Asian,0,1
20,1,39,1,0,0,-1,NA,1,24292926,40,0,White,1,0
19,2,37,1,0,0,-1,NA,1,22704831,NA,1,White,1,0
18,2,39,1,0,0,-1,NA,7,25233765,NA,1,White,0,0
21,1,36,1,0,0,-1,NA,1,24292926,40,0,White,1,0
24,1,39,1,0,0,-1,NA,1,22704073,40,0,White,1,0
22,1,39,1,0,0,-1,NA,4,19786127,NA,0,White,0,0
21,2,39,1,0,0,-1,NA,7,19648149,NA,1,White,0,0
24,1,41,1,0,0,-1,NA,1,19517662,40,0,White,1,0
20,1,39,2,0,0,-1,NA,1,18644108,20,0,Black,1,0
19,2,40,2,0,1,1,College,4,28383004,NA,1,Black,0,1
18,1,36,2,0,0,-1,NA,4,27151541,NA,0,Black,0,0
22,2,43,1,0,1,1,College,1,24096348,40,1,White,1,1
22,1,43,1,0,1,1,College,1,26325376,40,0,White,1,1
19,1,39,1,0,0,-1,NA,1,32953813,40,0,White,1,0
24,2,41,1,0,1,2,College,7,32094227,NA,1,White,0,1
18,2,33,1,0,1,1,High school,7,37563346,NA,1,White,0,0
18,1,39,1,0,1,1,College,7,35560863,NA,0,White,0,1
24,2,43,1,0,0,-1,NA,1,31454768,40,1,White,1,0
20,1,40,1,0,1,1,College,4,38233910,NA,0,White,0,1
20,2,40,2,0,1,1,College,7,38936669,NA,1,Black,0,1
23,2,43,4,0,1,1,College,1,25390324,NA,1,Asian,1,1
18,1,40,1,0,1,1,College,7,38523734,NA,0,White,0,1
18,1,39,2,0,0,-1,NA,1,32556903,32,0,Black,1,0
18,1,38,2,0,1,1,High school,7,35112211,NA,0,Black,0,0
20,2,41,1,0,0,-1,NA,1,22639618,40,1,White,1,0
21,1,41,1,0,0,-1,NA,1,19752105,40,0,White,1,0
18,1,38,1,0,0,-1,NA,4,16906874,NA,0,White,0,0
19,2,40,1,0,1,1,College,7,21205662,NA,1,White,0,1
23,2,43,1,0,0,-1,NA,1,23956404,40,1,White,1,0
23,1,39,1,0,0,-1,NA,1,18928612,40,0,White,1,0
19,2,39,1,0,0,-1,NA,1,19971205,38,1,White,1,0
22,1,39,1,0,0,-1,NA,1,18928612,32,0,White,1,0
20,2,43,4,0,1,1,College,1,9509788,18,1,Asian,1,1
21,2,37,1,0,1,1,High school,6,10461225,NA,1,White,0,0
20,1,40,1,0,1,1,College,7,11306036,NA,0,White,0,1
23,2,39,1,0,0,-1,NA,1,57857083,60,1,White,1,0
20,2,40,8,0,1,1,College,7,65092588,NA,1,Other,0,1
18,2,40,1,1,1,1,College,7,17957843,NA,1,White,0,1
18,1,37,8,0,1,1,High school,7,44463240,NA,0,Other,0,0
23,2,43,1,0,1,1,College,7,37097014,NA,1,White,0,1
24,2,43,1,0,1,1,College,7,37097014,NA,1,White,0,1
21,2,40,1,0,1,1,College,7,33339446,NA,1,White,0,1
19,1,39,2,0,0,-1,NA,1,52554953,NA,0,Black,1,0
20,1,39,1,0,0,-1,NA,7,40139548,NA,0,White,0,0
21,1,39,1,0,1,1,College,1,40139548,40,0,White,1,1
21,1,39,2,0,1,1,College,7,47861329,NA,0,Black,0,1
19,1,39,1,0,0,-1,NA,1,33906972,40,0,White,1,0
19,2,40,2,0,1,1,College,1,40267252,18,1,Black,1,1
21,2,40,2,0,0,-1,NA,1,47973963,40,1,Black,1,0
19,2,40,1,0,1,1,College,1,42152084,30,1,White,1,1
19,1,39,1,0,0,-1,NA,1,40804108,35,0,White,1,0
20,1,39,1,0,0,-1,NA,1,6316232,40,0,White,1,0
19,1,39,1,0,0,-1,NA,4,7198105,NA,0,White,0,0
20,2,40,1,0,1,1,College,1,7595382,12,1,White,1,1
21,1,39,1,0,0,-1,NA,1,6876159,40,0,White,1,0
23,2,40,1,0,1,1,College,7,6855132,NA,1,White,0,1
19,2,39,1,0,0,-1,NA,1,7669503,30,1,White,1,0
21,2,39,2,0,0,-1,NA,1,16359049,NA,1,Black,1,0
19,2,40,2,0,1,1,College,1,20430668,NA,1,Black,1,1
22,1,41,1,0,0,-1,NA,1,7668916,40,0,White,1,0
22,1,39,1,0,0,-1,NA,1,10928078,16,0,White,1,0
20,2,41,1,0,0,-1,NA,1,8240461,40,1,White,1,0
20,2,40,1,0,1,1,College,7,7983763,NA,1,White,0,1
24,2,39,1,0,0,-1,NA,1,7436034,40,1,White,1,0
24,2,37,1,0,0,-1,NA,1,7066358,35,1,White,1,0
21,1,39,1,0,0,-1,NA,7,11499781,NA,0,White,0,0
24,2,44,1,0,0,-1,NA,1,33381147,40,1,White,1,0
23,2,43,1,0,1,1,College,1,38516712,22,1,White,1,1
21,1,36,1,0,0,-1,NA,1,31064091,50,0,White,1,0
21,2,36,1,0,0,-1,NA,7,24993824,NA,1,White,0,0
18,2,36,1,1,1,1,High school,7,5303427,NA,1,White,0,0
19,2,39,1,0,0,-1,NA,1,5704521,40,1,White,1,0
19,2,39,1,0,0,-1,NA,7,5704521,NA,1,White,0,0
21,2,40,1,0,1,1,College,1,6521124,20,1,White,1,1
19,2,40,1,0,1,2,College,1,19425286,40,1,White,1,1
23,1,43,1,0,1,2,College,1,19967527,40,0,White,1,1
18,1,36,1,1,1,1,High school,3,24593106,NA,0,White,0,0
18,1,36,1,1,1,1,High school,3,24593106,NA,0,White,0,0
23,2,43,1,0,0,-1,NA,1,53330315,40,1,White,1,0
21,1,41,1,1,0,-1,NA,4,38010054,NA,0,White,0,0
23,1,39,1,0,0,-1,NA,4,58454422,NA,0,White,0,0
18,1,39,1,0,1,1,College,7,53071315,NA,0,White,0,1
23,1,39,1,1,0,-1,NA,6,40854917,NA,0,White,0,0
22,1,39,1,1,0,-1,NA,1,40854917,40,0,White,1,0
19,1,39,1,1,0,-1,NA,1,44038992,40,0,White,1,0
19,2,40,1,0,1,1,College,7,53909781,NA,1,White,0,1
21,1,40,1,0,1,1,College,7,62061193,NA,0,White,0,1
20,1,40,1,0,1,1,College,7,62061193,NA,0,White,0,1
22,1,43,1,1,1,1,College,1,41187004,25,0,White,1,1
19,1,40,1,1,1,1,College,1,44396961,25,0,White,1,1
23,2,43,4,0,1,2,College,1,33560636,15,1,Asian,1,1
24,1,38,1,1,0,-1,NA,2,42897099,40,0,White,1,0
21,1,39,1,1,0,-1,NA,7,36578680,NA,0,White,0,0
21,1,41,1,1,0,-1,NA,4,38835668,NA,0,White,0,0
21,1,39,4,0,1,1,College,7,40028885,NA,0,Asian,0,1
19,1,39,1,1,1,1,College,1,50874592,24,0,White,1,1
23,1,43,3,1,0,-1,NA,1,61853780,40,0,Other,1,0
22,2,40,1,1,0,-1,NA,1,51741485,4,1,White,1,0
19,2,40,1,0,1,2,College,1,35798430,24,1,White,1,1
24,1,43,1,0,0,-1,NA,1,42145571,40,0,White,1,0
23,2,43,1,1,0,-1,NA,1,34805034,40,1,White,1,0
23,1,43,1,0,0,-1,NA,1,3758002,40,0,White,1,0
24,2,43,4,0,0,-1,NA,1,5652992,40,1,Asian,1,0
24,1,39,1,0,0,-1,NA,6,57917483,NA,0,White,0,0
21,1,39,1,1,1,1,College,1,56934279,24,0,White,1,1
20,1,40,4,0,1,1,College,1,45619155,35,0,Asian,1,1
21,1,39,1,0,0,-1,NA,1,53435424,48,0,White,1,0
21,2,40,1,0,1,1,College,7,54030341,NA,1,White,0,1
19,1,40,1,0,1,1,College,7,49801883,NA,0,White,0,1
18,2,39,2,0,1,1,High school,6,54334258,NA,1,Black,0,0
20,2,39,1,1,1,2,College,1,74910249,17,1,White,1,1
22,1,39,2,1,0,-1,NA,1,98139482,40,0,Black,1,0
22,1,40,4,0,1,1,College,1,8783747,6,0,Asian,1,1
24,1,40,5,0,1,1,College,7,15442585,NA,0,Other,0,1
23,1,39,1,0,1,1,College,4,9338736,NA,0,White,0,1
23,2,39,1,0,0,-1,NA,1,12354677,40,1,White,1,0
20,1,39,1,0,1,1,College,1,9338736,32,0,White,1,1
18,1,39,1,1,1,1,College,1,9053420,30,0,White,1,1
24,1,39,1,0,0,-1,NA,1,10904292,40,0,White,1,0
18,1,40,1,0,1,1,College,1,39358920,15,0,White,1,1
24,1,43,1,0,0,-1,NA,1,51249833,40,0,White,1,0
22,2,43,1,0,0,-1,NA,1,48752327,40,1,White,1,0
18,2,39,1,0,1,1,College,7,47397542,NA,1,White,0,1
23,1,43,1,0,0,-1,NA,1,39281865,40,0,White,1,0
24,1,43,1,0,0,-1,NA,1,21812270,40,0,White,1,0
24,2,43,1,0,1,2,College,1,22832538,40,1,White,1,1
22,1,41,1,0,0,-1,NA,1,47990619,40,0,White,1,0
21,2,41,1,0,0,-1,NA,1,40079561,36,1,White,1,0
18,2,40,1,0,1,1,College,1,41012657,40,1,White,1,1
22,1,39,1,0,0,-1,NA,1,49637409,8,0,White,1,0
21,1,40,1,0,1,1,College,7,19664385,NA,0,White,0,1
20,1,39,1,0,0,-1,NA,1,25806543,36,0,White,1,0
24,2,39,3,0,0,-1,NA,1,26091689,36,1,Other,1,0
19,2,39,1,0,1,1,College,7,78256632,NA,1,White,0,1
22,2,43,1,0,1,1,College,7,52048908,NA,1,White,0,1
24,1,43,1,0,0,-1,NA,1,36890470,40,0,White,1,0
21,2,40,1,1,1,2,College,1,28160770,24,1,White,1,1
22,1,43,4,0,1,1,College,1,34205992,12,0,Asian,1,1
21,1,40,1,0,1,1,College,1,44064286,20,0,White,1,1
21,2,39,1,0,0,-1,NA,1,44969009,16,1,White,1,0
19,2,39,1,0,0,-1,NA,1,47472349,25,1,White,1,0
22,2,39,1,1,0,-1,NA,7,56496990,NA,1,White,0,0
20,1,41,1,1,0,-1,NA,1,29171384,38,0,White,1,0
24,2,43,1,0,1,1,College,1,50719896,40,1,White,1,1
18,1,40,1,0,1,1,College,1,18473493,20,0,White,1,1
24,1,39,1,0,0,-1,NA,1,37242645,15,0,White,1,0
21,2,39,1,0,1,2,College,4,38838621,NA,1,White,0,1
20,2,39,2,0,0,-1,NA,4,59064275,NA,1,Black,0,0
18,2,40,1,0,1,1,College,7,30910313,NA,1,White,0,1
20,2,39,1,0,0,-1,NA,1,32062435,20,1,White,1,0
23,2,39,1,1,0,-1,NA,1,26129040,40,1,White,1,0
24,1,40,1,0,0,-1,NA,1,15968806,10,0,White,1,0
22,2,43,1,0,0,-1,NA,1,14098989,40,1,White,1,0
22,2,43,1,1,0,-1,NA,1,56923400,40,1,White,1,0
18,2,39,1,1,1,1,College,1,68632594,20,1,White,1,1
24,2,40,1,1,1,1,College,1,60378787,37,1,White,1,1
21,1,39,1,1,0,-1,NA,1,80894545,25,0,White,1,0
18,1,37,1,1,1,1,High school,7,105539929,NA,0,White,0,0
24,1,42,1,0,0,-1,NA,1,65061045,40,0,White,1,0
20,1,43,1,0,0,-1,NA,1,57175270,40,0,White,1,0
24,2,43,2,0,0,-1,NA,1,50855252,36,1,Black,1,0
21,1,43,2,0,0,-1,NA,4,60190229,NA,0,Black,0,0
23,1,39,2,0,0,-1,NA,6,73891465,NA,0,Black,0,0
24,2,43,1,1,0,-1,NA,1,49351117,40,1,White,1,0
23,1,39,2,0,0,-1,NA,1,68778749,32,0,Black,1,0
20,2,40,1,1,1,1,College,7,37726485,NA,1,White,0,1
24,1,36,1,1,0,-1,NA,1,35159682,40,0,White,1,0
20,2,36,1,1,0,-1,NA,1,39413594,25,1,White,1,0
21,2,40,1,0,1,1,College,7,37711014,NA,1,White,0,1
21,2,39,1,0,0,-1,NA,7,64553828,NA,1,White,0,0
19,1,39,1,0,0,-1,NA,1,45081961,10,0,White,1,0
22,1,39,1,0,1,2,College,1,31578150,20,0,White,1,1
22,1,36,2,0,0,-1,NA,1,49400904,40,0,Black,1,0
20,1,39,1,1,0,-1,NA,7,40341616,NA,0,White,0,0
21,2,40,1,1,1,1,College,1,56872125,10,1,White,1,1
19,2,40,1,0,1,1,College,1,20528682,40,1,White,1,1
19,2,40,1,0,1,2,College,1,16950541,35,1,White,1,1
18,2,39,1,0,0,-1,NA,1,20645449,20,1,White,1,0
21,2,39,1,0,1,2,College,1,17283975,20,1,White,1,1
19,2,39,1,0,1,1,College,1,19718473,20,1,White,1,1
22,1,40,1,0,1,1,College,7,54887905,NA,0,White,0,1
21,1,40,2,0,1,1,College,4,65995506,NA,0,Black,0,1
18,1,37,1,0,1,1,High school,1,49343283,NA,0,White,1,0
21,1,39,1,0,0,-1,NA,2,54348251,40,0,White,1,0
18,1,37,4,0,1,1,High school,6,44324501,NA,0,Asian,0,0
21,1,39,1,1,0,-1,NA,1,35733676,40,0,White,1,0
21,1,39,1,1,1,1,College,7,35733676,NA,0,White,0,1
21,2,40,1,1,0,-1,NA,1,56046732,40,1,White,1,0
18,2,42,2,0,0,-1,NA,7,40047393,NA,1,Black,0,0
19,1,40,1,0,1,1,College,2,8816599,5,0,White,1,1
23,2,39,1,0,0,-1,NA,1,12411072,50,1,White,1,0
24,2,39,1,0,0,-1,NA,1,7436034,40,1,White,1,0
22,1,39,1,0,0,-1,NA,1,10191837,40,0,White,1,0
21,2,40,1,0,1,1,College,1,45228766,20,1,White,1,1
24,2,44,1,0,0,-1,NA,1,44323009,NA,1,White,1,0
19,2,39,1,0,0,-1,NA,1,4081125,30,1,White,1,0
23,1,40,3,0,0,-1,NA,1,28889677,40,0,Other,1,0
23,1,40,4,0,0,-1,NA,1,17223644,40,0,Asian,1,0
23,1,43,4,0,0,-1,NA,1,32882757,45,0,Asian,1,0
18,2,37,2,0,1,1,High school,7,18670113,NA,1,Black,0,0
24,2,40,2,0,1,1,College,1,44064224,20,1,Black,1,1
21,1,40,1,1,1,1,College,1,15625221,NA,0,White,1,1
18,2,40,1,1,1,1,College,1,17279347,NA,1,White,1,1
21,1,39,1,0,0,-1,NA,1,13966549,30,0,White,1,0
22,1,42,1,1,1,1,College,1,14341088,40,0,White,1,1
21,1,42,1,1,1,1,College,2,14341088,12,0,White,1,1
21,2,39,1,0,0,-1,NA,3,24571006,NA,1,White,0,0
19,2,40,2,0,1,1,College,7,35127333,NA,1,Black,0,1
19,2,40,1,0,1,1,College,2,7087492,36,1,White,1,1
20,1,40,1,0,1,2,College,1,39708250,25,0,White,1,1
18,1,39,1,0,0,-1,NA,1,9921703,40,0,White,1,0
23,1,39,1,0,0,-1,NA,1,10928078,50,0,White,1,0
24,2,40,1,0,0,-1,NA,1,11807317,40,1,White,1,0
20,1,40,2,0,1,2,College,1,6686696,NA,0,Black,1,1
19,1,38,2,0,1,1,High school,7,5311786,NA,0,Black,0,0
23,1,39,1,0,0,-1,NA,1,7581280,46,0,White,1,0
22,2,39,1,0,0,-1,NA,1,5709972,35,1,White,1,0
24,1,40,2,1,0,-1,NA,4,6042793,NA,0,Black,0,0
18,2,40,2,1,1,1,College,7,4479846,NA,1,Black,0,1
23,2,40,1,0,1,2,College,1,5149093,20,1,White,1,1
22,1,39,7,0,0,-1,NA,1,8559635,40,0,Other,1,0
24,2,40,1,0,0,-1,NA,1,5149093,40,1,White,1,0
19,1,39,1,0,0,-1,NA,1,6160494,40,0,White,1,0
22,2,39,1,0,0,-1,NA,7,7123228,NA,1,White,0,0
18,2,39,1,0,0,-1,NA,1,6857494,20,1,White,1,0
21,2,39,3,0,0,-1,NA,1,9938614,35,1,Other,1,0
21,1,39,3,0,0,-1,NA,2,7810447,40,0,Other,1,0
21,1,39,3,0,0,-1,NA,4,7810447,NA,0,Other,0,0
21,1,37,3,0,1,1,High school,7,7810447,NA,0,Other,0,0
21,2,36,3,0,1,1,High school,7,9938614,NA,1,Other,0,0
21,2,42,1,0,0,-1,NA,7,53694843,NA,1,White,0,0
24,2,43,1,0,0,-1,NA,2,46841062,40,1,White,1,0
21,2,39,1,0,0,-1,NA,1,57276886,40,1,White,1,0
23,2,43,1,0,0,-1,NA,4,61295018,NA,1,White,0,0
20,1,40,1,0,1,1,College,7,76475461,NA,0,White,0,1
20,1,39,2,0,0,-1,NA,1,19285232,45,0,Black,1,0
20,1,39,1,0,0,-1,NA,7,11583439,NA,0,White,0,0
23,1,42,1,0,0,-1,NA,1,21306475,60,0,White,1,0
23,2,33,1,0,0,-1,NA,1,17614375,NA,1,White,1,0
21,2,40,1,0,1,1,College,1,19592873,12,1,White,1,1
20,1,40,1,1,0,-1,NA,1,41043910,32,0,White,1,0
20,1,39,4,0,1,1,College,7,47368081,NA,0,Asian,0,1
23,2,43,4,0,0,-1,NA,1,47234491,25,1,Asian,1,0
21,2,40,4,0,1,1,College,7,47234491,NA,1,Asian,0,1
20,2,43,4,0,1,1,High school,7,47234491,NA,1,Asian,0,0
18,2,39,5,1,1,1,College,7,57080669,NA,1,Other,0,1
19,1,40,4,0,1,1,College,7,36041393,NA,0,Asian,0,1
19,2,39,1,0,0,-1,NA,1,46267210,24,1,White,1,0
22,2,40,1,0,1,1,College,1,47622737,10,1,White,1,1
19,2,40,1,0,1,1,College,7,41659212,NA,1,White,0,1
23,2,39,1,1,0,-1,NA,6,58285119,NA,1,White,0,0
19,1,37,1,1,1,1,High school,7,56344335,NA,0,White,0,0
18,2,37,2,0,1,1,High school,7,66339234,NA,1,Black,0,0
20,2,39,1,1,0,-1,NA,4,40328472,NA,1,White,0,0
18,1,39,1,1,1,1,High school,7,52718019,NA,0,White,0,0
23,2,39,1,0,0,-1,NA,1,49424879,40,1,White,1,0
21,2,42,1,1,1,1,College,7,56949661,NA,1,White,0,1
19,1,41,1,1,1,1,College,7,52217540,NA,0,White,0,1
20,2,40,1,0,0,-1,NA,4,54748182,NA,1,White,0,0
19,2,40,1,1,0,-1,NA,1,44210119,40,1,White,1,0
19,2,37,1,1,0,-1,NA,4,40200861,NA,1,White,0,0
24,1,40,2,0,1,1,College,4,35730657,NA,0,Black,0,1
20,2,42,1,1,1,1,College,1,47303695,15,1,White,1,1
24,1,43,4,0,0,-1,NA,1,46403037,20,0,Asian,1,0
21,1,40,4,0,1,1,College,1,46403037,20,0,Asian,1,1
22,2,39,1,1,0,-1,NA,1,33969129,35,1,White,1,0
21,1,41,1,1,0,-1,NA,1,53582293,40,0,White,1,0
19,1,40,1,1,0,-1,NA,1,44038992,40,0,White,1,0
21,2,37,2,0,0,-1,NA,7,31650397,NA,1,Black,0,0
18,2,39,1,1,1,1,College,1,45365805,40,1,White,1,1
22,2,43,4,0,0,-1,NA,1,39368586,40,1,Asian,1,0
19,2,42,2,0,1,1,College,1,30740700,20,1,Black,1,1
21,2,40,2,0,1,1,College,7,45685785,NA,1,Black,0,1
18,1,40,2,0,1,1,College,7,50484777,NA,0,Black,0,1
21,2,40,1,1,0,-1,NA,4,36880835,NA,1,White,0,0
20,1,39,1,1,0,-1,NA,1,43375759,40,0,White,1,0
22,1,39,1,1,0,-1,NA,1,43375759,40,0,White,1,0
24,1,39,1,1,0,-1,NA,1,58175166,40,0,White,1,0
22,2,43,1,1,0,-1,NA,1,54400909,20,1,White,1,0
24,2,39,1,1,0,-1,NA,1,52988683,25,1,White,1,0
21,1,40,1,0,0,-1,NA,7,42724752,NA,0,White,0,0
24,1,39,1,1,0,-1,NA,1,36230528,40,0,White,1,0
22,1,39,1,1,0,-1,NA,1,56888443,40,0,White,1,0
21,2,39,1,1,0,-1,NA,4,53197665,NA,1,White,0,0
18,1,39,1,1,0,-1,NA,7,62584254,NA,0,White,0,0
24,1,43,2,1,0,-1,NA,6,60153302,NA,0,Black,0,0
23,1,38,1,1,0,-1,NA,6,43346783,NA,0,White,0,0
22,2,41,1,0,1,1,College,1,47601443,32,1,White,1,1
21,2,40,4,0,1,1,College,1,44786438,32,1,Asian,1,1
20,2,40,4,0,1,1,College,7,55373314,NA,1,Asian,0,1
21,2,40,4,0,1,2,College,1,55373314,30,1,Asian,1,1
21,1,44,4,0,0,-1,NA,1,34408642,40,0,Asian,1,0
18,2,40,1,1,1,1,College,1,62063804,4,1,White,1,1
20,1,40,1,1,1,1,College,7,41285144,NA,0,White,0,1
22,1,43,1,1,0,-1,NA,1,41285144,40,0,White,1,0
20,1,40,1,1,1,1,College,7,42085145,NA,0,White,0,1
24,2,39,1,1,0,-1,NA,1,44951515,40,1,White,1,0
22,2,39,1,1,0,-1,NA,4,44951515,NA,1,White,0,0
24,2,43,1,0,0,-1,NA,1,51106941,40,1,White,1,0
22,1,39,1,1,0,-1,NA,1,51728181,NA,0,White,1,0
19,2,39,1,1,0,-1,NA,4,56171974,NA,1,White,0,0
24,2,40,1,0,0,-1,NA,6,62207999,NA,1,White,0,0
19,1,40,7,1,1,1,College,7,74785774,NA,0,Other,0,1
19,1,38,1,1,1,1,College,4,39773668,NA,0,White,0,1
19,1,37,1,1,1,1,High school,4,39773668,NA,0,White,0,0
22,2,42,1,1,1,1,College,7,46600851,NA,1,White,0,1
24,1,39,1,1,0,-1,NA,1,51425927,40,0,White,1,0
24,1,40,1,1,0,-1,NA,1,41285144,20,0,White,1,0
19,1,39,1,0,1,1,College,7,50701461,NA,0,White,0,1
21,2,39,5,1,0,-1,NA,7,50125177,NA,1,Other,0,0
24,1,40,4,0,0,-1,NA,7,30501210,NA,0,Asian,0,0
19,1,40,4,0,1,1,College,1,39135282,20,0,Asian,1,1
19,2,40,4,0,1,1,College,7,70400664,NA,1,Asian,0,1
20,2,40,4,0,1,1,College,1,59720964,15,1,Asian,1,1
22,2,43,4,0,1,1,College,7,59720964,NA,1,Asian,0,1
21,1,39,1,1,0,-1,NA,2,41190450,8,0,White,1,0
19,1,39,1,1,1,1,College,1,44400675,5,0,White,1,1
22,2,40,1,1,1,1,College,1,47428414,8,1,White,1,1
23,1,43,1,0,0,-1,NA,1,50822561,40,0,White,1,0
21,2,40,5,1,1,1,College,1,69908982,20,1,Other,1,1
22,1,40,5,1,0,-1,NA,7,67781511,NA,0,Other,0,0
21,1,41,7,1,1,1,College,7,74895287,NA,0,Other,0,1
21,1,40,1,1,0,-1,NA,1,49443572,40,0,White,1,0
18,1,39,1,1,1,1,College,7,58359647,NA,0,White,0,1
19,2,40,1,1,1,1,College,1,47540318,20,1,White,1,1
21,2,40,1,1,0,-1,NA,1,58285119,40,1,White,1,0
23,2,42,1,1,1,1,College,7,46299082,NA,1,White,0,1
22,1,40,2,0,1,2,College,4,50520588,NA,0,Black,0,1
19,2,39,1,1,0,-1,NA,7,58303964,NA,1,White,0,0
20,1,39,1,0,0,-1,NA,1,51274208,40,0,White,1,0
23,1,43,1,1,0,-1,NA,1,44701832,40,0,White,1,0
19,2,40,1,1,1,1,College,7,58303964,NA,1,White,0,1
22,2,39,2,0,0,-1,NA,1,35423231,40,1,Black,1,0
22,1,40,4,0,1,1,College,1,29162822,15,0,Asian,1,1
20,2,40,4,0,1,1,College,1,44529251,20,1,Asian,1,1
23,2,39,1,1,0,-1,NA,7,39388412,NA,1,White,0,0
20,2,39,1,0,0,-1,NA,7,49333205,NA,1,White,0,0
20,1,39,1,0,0,-1,NA,1,47236679,55,0,White,1,0
22,1,40,1,0,0,-1,NA,1,49509737,45,0,White,1,0
21,1,39,1,0,0,-1,NA,1,37515600,40,0,White,1,0
24,1,39,1,0,0,-1,NA,1,35668928,60,0,White,1,0
19,2,40,1,1,0,-1,NA,7,48891427,NA,1,White,0,0
19,1,39,1,0,0,-1,NA,7,53757281,NA,0,White,0,0
21,2,39,1,0,0,-1,NA,1,10613040,35,1,White,1,0
19,1,39,1,0,1,2,College,1,8430102,40,0,White,1,1
22,1,39,9,0,0,-1,NA,6,13875726,NA,0,Other,0,0
18,1,37,21,0,1,1,High school,1,13269356,NA,0,Other,1,0
24,2,43,4,0,0,-1,NA,1,8431824,40,1,Asian,1,0
21,2,40,4,0,1,1,College,7,8860150,NA,1,Asian,0,1
19,1,39,4,0,1,2,High school,4,12959970,NA,0,Asian,0,0
18,1,39,1,1,0,-1,NA,6,10391192,NA,0,White,0,0
18,2,34,1,0,0,-1,NA,5,9303796,NA,1,White,0,0
18,1,39,1,0,0,-1,NA,1,14241012,20,0,White,1,0
18,1,37,1,0,1,1,High school,1,10743307,20,0,White,1,0
23,1,40,1,0,1,2,College,1,13378153,40,0,White,1,1
23,2,40,1,0,0,-1,NA,1,10284462,40,1,White,1,0
22,2,39,1,0,0,-1,NA,1,10284462,40,1,White,1,0
23,1,39,1,0,0,-1,NA,1,9338736,40,0,White,1,0
23,2,39,1,0,0,-1,NA,1,12354677,40,1,White,1,0
18,1,39,1,0,1,1,College,7,14241012,NA,0,White,0,1
18,2,37,1,0,0,-1,NA,1,9878406,40,1,White,1,0
21,1,42,1,0,1,1,College,1,11439669,20,0,White,1,1
18,1,39,1,1,1,1,College,7,49167881,NA,0,White,0,1
23,2,39,1,1,0,-1,NA,1,45255581,40,1,White,1,0
20,2,40,1,1,1,2,College,1,45255581,40,1,White,1,1
21,1,40,1,1,1,2,College,1,57720585,25,0,White,1,1
18,1,38,1,1,1,1,High school,7,63499713,NA,0,White,0,0
24,2,39,1,1,0,-1,NA,1,51206671,40,1,White,1,0
19,1,40,1,0,1,1,College,1,39658275,6,0,White,1,1
20,1,40,1,0,1,1,College,7,47830084,NA,0,White,0,1
19,1,40,1,0,1,1,College,7,39658275,NA,0,White,0,1
20,1,40,6,0,1,1,College,1,53380484,6,0,Other,1,1
18,1,37,1,1,1,1,High school,7,52201651,NA,0,White,0,0
24,2,46,1,0,0,-1,NA,1,51533397,40,1,White,1,0
23,2,43,1,0,1,1,College,7,51533397,NA,1,White,0,1
19,1,39,4,0,1,1,College,7,31097684,NA,0,Asian,0,1
19,1,39,4,0,1,1,College,7,31097684,NA,0,Asian,0,1
20,1,39,1,1,1,1,College,7,36053785,NA,0,White,0,1
24,1,40,1,0,0,-1,NA,1,51419279,40,0,White,1,0
18,2,39,1,0,1,1,College,7,44967943,NA,1,White,0,1
19,2,40,1,1,1,1,College,7,40564383,NA,1,White,0,1
18,2,40,1,1,1,1,College,1,45082569,10,1,White,1,1
18,2,39,1,0,1,1,College,7,65340462,NA,1,White,0,1
18,1,40,1,0,0,-1,NA,1,44251349,35,0,White,1,0
24,2,43,8,0,0,-1,NA,1,93022493,40,1,Other,1,0
18,1,40,8,0,1,1,College,7,52160974,NA,0,Other,0,1
21,2,40,1,0,0,-1,NA,1,56570052,20,1,White,1,0
24,1,35,2,0,0,-1,NA,6,64302174,NA,0,Black,0,0
19,1,36,2,0,1,1,College,7,72631480,NA,0,Black,0,1
18,1,38,2,0,1,1,High school,1,72631480,6,0,Black,1,0
24,1,39,1,0,0,-1,NA,6,44137582,NA,0,White,0,0
21,1,39,1,0,0,-1,NA,1,44137582,35,0,White,1,0
20,1,39,2,0,0,-1,NA,1,46732112,40,0,Black,1,0
20,1,39,2,1,0,-1,NA,1,65674167,40,0,Black,1,0
21,1,38,1,0,1,1,High school,7,48430978,NA,0,White,0,0
23,1,39,1,0,0,-1,NA,7,51383637,NA,0,White,0,0
22,1,39,1,0,0,-1,NA,1,51383637,40,0,White,1,0
24,2,39,1,1,1,2,College,1,51902667,40,1,White,1,1
20,1,40,1,0,1,1,College,2,40863301,8,0,White,1,1
23,2,40,1,0,0,-1,NA,1,63947815,32,1,White,1,0
22,1,40,8,0,0,-1,NA,1,73829586,35,0,Other,1,0
19,2,40,1,0,1,1,College,7,45445844,NA,1,White,0,1
18,2,40,1,0,1,1,College,7,75026880,NA,1,White,0,1
19,2,39,1,0,0,-1,NA,1,52794053,40,1,White,1,0
23,1,43,2,0,0,-1,NA,1,67295112,40,0,Black,1,0
18,2,37,2,0,1,1,High school,7,48974796,NA,1,Black,0,0
24,2,40,1,0,0,-1,NA,7,52763840,NA,1,White,0,0
20,2,40,1,0,1,1,College,1,45703324,30,1,White,1,1
18,1,37,1,0,1,1,High school,1,44603474,20,0,White,1,0
20,1,40,1,0,0,-1,NA,1,40863301,30,0,White,1,0
21,2,39,1,0,0,-1,NA,6,45535008,NA,1,White,0,0
21,2,40,1,0,0,-1,NA,1,45703324,40,1,White,1,0
21,1,40,1,0,0,-1,NA,1,30606565,40,0,White,1,0
22,1,41,3,0,0,-1,NA,6,46543145,NA,0,Other,0,0
19,2,39,1,0,0,-1,NA,4,25287084,NA,1,White,0,0
20,1,39,1,0,0,-1,NA,1,28829183,40,0,White,1,0
20,2,38,1,0,0,-1,NA,2,28567257,36,1,White,1,0
23,1,41,1,1,0,-1,NA,7,30222545,NA,0,White,0,0
22,1,39,1,0,0,-1,NA,1,25599737,40,0,White,1,0
20,1,39,1,0,0,-1,NA,6,25599737,NA,0,White,0,0
24,2,39,1,1,0,-1,NA,4,29114349,NA,1,White,0,0
22,2,37,1,1,0,-1,NA,4,25318495,NA,1,White,0,0
24,2,39,1,1,0,-1,NA,7,25318495,NA,1,White,0,0
24,1,43,1,0,0,-1,NA,1,27519466,40,0,White,1,0
19,2,40,1,0,1,1,College,1,28281087,15,1,White,1,1
20,2,39,1,0,1,1,College,1,25566728,8,1,White,1,1
19,2,39,1,0,1,1,College,1,22631084,NA,1,White,1,1
19,2,39,1,0,1,1,College,1,22631084,9,1,White,1,1
23,1,44,4,0,1,1,College,4,24913876,NA,0,Asian,0,1
23,2,44,4,0,1,1,College,1,24050129,17,1,Asian,1,1
20,1,39,1,0,1,1,College,7,25801142,NA,0,White,0,1
21,1,39,1,0,1,1,College,7,25801142,NA,0,White,0,1
18,2,37,1,0,0,-1,NA,1,29836289,40,1,White,1,0
20,1,39,1,0,0,-1,NA,1,33445875,30,0,White,1,0
19,1,39,1,0,1,1,College,2,22407143,5,0,White,1,1
20,1,40,1,0,1,1,College,1,22747582,12,0,White,1,1
21,1,39,1,0,0,-1,NA,7,19562402,NA,0,White,0,0
21,2,40,1,0,1,2,College,1,23957888,40,1,White,1,1
22,1,39,6,1,0,-1,NA,3,19386418,NA,0,Other,0,0
23,2,39,1,1,0,-1,NA,1,18835827,40,1,White,1,0
18,1,39,1,0,1,1,College,1,17885909,20,0,White,1,1
23,1,39,1,0,0,-1,NA,1,22768689,35,0,White,1,0
24,2,41,1,0,0,-1,NA,7,31142868,NA,1,White,0,0
24,2,39,1,1,0,-1,NA,1,30833421,35,1,White,1,0
23,1,40,1,1,0,-1,NA,7,19172854,NA,0,White,0,0
23,2,35,1,1,0,-1,NA,1,29398565,20,1,White,1,0
24,1,39,2,1,0,-1,NA,1,24259257,20,0,Black,1,0
22,1,39,2,1,0,-1,NA,1,24259257,20,0,Black,1,0
20,2,40,1,0,1,1,College,7,57050674,NA,1,White,0,1
18,1,40,1,0,1,1,College,7,48632098,NA,0,White,0,1
19,1,37,16,0,0,-1,NA,1,59512104,25,0,Other,1,0
18,1,38,1,1,1,1,High school,7,62908736,NA,0,White,0,0
20,1,40,1,0,1,1,College,7,49692579,NA,0,White,0,1
22,1,39,1,0,0,-1,NA,1,54547044,30,0,White,1,0
23,1,39,1,0,0,-1,NA,1,54547044,40,0,White,1,0
22,1,40,1,0,1,1,College,4,58919825,NA,0,White,0,1
19,1,39,1,0,0,-1,NA,4,49771184,NA,0,White,0,0
23,1,43,1,0,0,-1,NA,1,48969178,40,0,White,1,0
21,2,36,1,0,1,1,High school,6,66864380,NA,1,White,0,0
19,1,39,1,0,1,1,College,4,40518473,NA,0,White,0,1
18,1,37,1,0,1,1,High school,6,47104847,NA,0,White,0,0
19,1,39,1,0,0,-1,NA,1,44300866,15,0,White,1,0
23,2,43,1,0,1,1,College,1,56906224,20,1,White,1,1
21,2,40,1,0,1,2,College,1,49825203,NA,1,White,1,1
23,1,39,2,0,0,-1,NA,1,55957826,40,0,Black,1,0
21,1,40,1,0,1,1,College,7,64954663,NA,0,White,0,1
23,1,37,1,0,0,-1,NA,4,62555313,NA,0,White,0,0
19,2,39,1,0,1,2,College,1,71387316,20,1,White,1,1
20,2,36,1,0,0,-1,NA,6,53845402,NA,1,White,0,0
18,1,39,1,0,1,1,College,1,66893317,20,0,White,1,1
24,2,39,1,1,0,-1,NA,1,42619357,40,1,White,1,0
24,1,40,1,0,1,1,College,1,40233622,40,0,White,1,1
18,1,40,4,0,1,1,College,7,35862977,NA,0,Asian,0,1
18,1,40,4,0,1,1,College,7,35862977,NA,0,Asian,0,1
18,2,40,1,0,1,1,College,7,56302777,NA,1,White,0,1
21,2,42,1,0,0,-1,NA,1,68244991,NA,1,White,1,0
18,2,42,1,0,1,1,College,7,68019159,NA,1,White,0,1
21,1,39,1,1,0,-1,NA,1,46924703,25,0,White,1,0
21,1,42,2,0,0,-1,NA,1,55930260,40,0,Black,1,0
21,2,40,1,0,0,-1,NA,1,41903898,32,1,White,1,0
24,2,42,1,1,1,1,College,1,42619357,NA,1,White,1,1
21,1,39,1,0,0,-1,NA,1,48020180,40,0,White,1,0
22,1,39,1,0,0,-1,NA,1,40233622,40,0,White,1,0
18,1,36,1,0,1,1,High school,7,38779470,NA,0,White,0,0
22,1,39,1,0,0,-1,NA,1,60434825,50,0,White,1,0
19,2,42,1,1,1,1,College,1,52630589,20,1,White,1,1
23,2,39,1,0,0,-1,NA,1,54786197,20,1,White,1,0
20,1,40,2,0,1,1,College,1,67437953,12,0,Black,1,1
18,2,39,1,0,0,-1,NA,2,55442066,40,1,White,1,0
20,1,39,2,0,1,1,College,7,45374861,NA,0,Black,0,1
19,1,40,1,0,1,1,College,7,35664349,NA,0,White,0,1
20,1,39,1,0,1,1,College,4,41636555,NA,0,White,0,1
19,1,39,1,0,1,1,College,7,35171534,NA,0,White,0,1
19,1,39,1,0,1,1,College,1,35171534,15,0,White,1,1
18,1,40,1,0,1,1,College,4,38512445,NA,0,White,0,1
24,2,43,1,0,0,-1,NA,1,55374512,40,1,White,1,0
19,2,40,1,0,1,1,College,1,62502992,10,1,White,1,1
23,1,36,1,0,1,1,High school,7,39809727,NA,0,White,0,0
22,2,38,1,1,0,-1,NA,7,65060047,NA,1,White,0,0
22,2,41,2,0,0,-1,NA,1,43800341,40,1,Black,1,0
21,1,39,2,0,0,-1,NA,1,48171694,40,0,Black,1,0
21,1,39,1,0,0,-1,NA,1,36593590,40,0,White,1,0
19,2,39,1,0,0,-1,NA,1,40286143,30,1,White,1,0
24,2,39,1,0,0,-1,NA,7,53831397,NA,1,White,0,0
21,1,39,1,0,0,-1,NA,7,9221628,NA,0,White,0,0
24,2,43,1,0,0,-1,NA,1,6264500,40,1,White,1,0
20,1,40,1,0,1,1,College,1,6515748,8,0,White,1,1
22,1,40,1,0,1,1,College,1,9586573,NA,0,White,1,1
24,1,44,1,0,0,-1,NA,1,6919045,45,0,White,1,0
20,1,39,1,0,0,-1,NA,1,9234201,35,0,White,1,0
18,2,40,1,0,0,-1,NA,1,7788832,35,1,White,1,0
18,2,39,1,0,1,1,College,7,13669710,NA,1,White,0,1
18,1,37,1,1,1,1,High school,3,12143506,NA,0,White,0,0
24,2,35,1,1,0,-1,NA,1,14847918,40,1,White,1,0
22,1,40,2,0,1,1,College,7,28141861,NA,0,Black,0,1
18,1,37,2,0,1,1,High school,7,31787183,NA,0,Black,0,0
19,1,39,1,0,0,-1,NA,1,12088616,35,0,White,1,0
22,1,40,1,0,1,2,College,1,12027395,30,0,White,1,1
22,2,43,1,0,0,-1,NA,1,15306915,50,1,White,1,0
23,1,38,11,0,0,-1,NA,7,48587891,NA,0,Other,0,0
20,1,39,1,1,0,-1,NA,7,19837335,NA,0,White,0,0
22,2,39,1,1,0,-1,NA,1,23310061,43,1,White,1,0
23,1,39,1,0,0,-1,NA,1,23128598,40,0,White,1,0
18,1,40,1,1,1,1,College,1,20250251,25,0,White,1,1
20,2,34,1,1,0,-1,NA,1,14377183,30,1,White,1,0
19,2,40,1,1,1,1,College,3,14439980,NA,1,White,0,1
20,1,39,1,1,0,-1,NA,1,10971448,50,0,White,1,0
23,1,39,1,0,0,-1,NA,4,13735556,NA,0,White,0,0
19,2,40,1,1,1,2,College,1,16272994,40,1,White,1,1
22,1,43,1,0,0,-1,NA,1,14837982,40,0,White,1,0
22,2,39,1,1,0,-1,NA,1,17655585,NA,1,White,1,0
19,1,34,1,1,0,-1,NA,1,15192021,NA,0,White,1,0
18,1,39,1,1,0,-1,NA,1,12477571,40,0,White,1,0
19,1,39,1,1,0,-1,NA,1,14511230,40,0,White,1,0
22,2,39,1,1,0,-1,NA,1,14174730,40,1,White,1,0
20,1,39,1,1,0,-1,NA,6,10479791,NA,0,White,0,0
19,1,38,3,0,0,-1,NA,4,7568551,NA,0,Other,0,0
23,2,43,3,0,0,-1,NA,1,7894154,40,1,Other,1,0
20,1,41,3,0,0,-1,NA,1,7595867,40,0,Other,1,0
24,1,43,1,0,0,-1,NA,1,7590079,40,0,White,1,0
18,1,39,1,0,0,-1,NA,1,6316092,40,0,White,1,0
22,2,39,1,0,0,-1,NA,1,6098629,NA,1,White,1,0
23,1,40,1,0,0,-1,NA,7,6491000,NA,0,White,0,0
21,1,40,1,0,0,-1,NA,1,6891985,40,0,White,1,0
22,2,40,1,0,1,1,College,1,6475375,40,1,White,1,1
24,2,43,3,0,1,1,College,1,8743389,40,1,Other,1,1
20,2,39,2,0,1,2,College,1,7749723,20,1,Black,1,1
22,2,39,2,0,0,-1,NA,6,7749723,NA,1,Black,0,0
22,2,40,1,0,1,2,College,1,7832901,40,1,White,1,1
20,2,40,1,0,1,2,College,1,5546322,30,1,White,1,1
18,1,37,1,0,1,1,High school,1,6323305,10,0,White,1,0
23,1,39,1,0,0,-1,NA,1,6031302,40,0,White,1,0
22,1,39,1,0,0,-1,NA,1,6031302,40,0,White,1,0
22,1,39,1,0,0,-1,NA,1,6031302,40,0,White,1,0
23,1,39,1,0,0,-1,NA,1,6031302,40,0,White,1,0
24,2,40,1,0,0,-1,NA,1,22581155,40,1,White,1,0
24,2,40,3,0,0,-1,NA,1,22338856,40,1,Other,1,0
19,1,40,1,0,1,1,College,7,27225554,NA,0,White,0,1
18,2,38,1,0,1,1,High school,2,32343198,12,1,White,1,0
21,2,39,7,0,0,-1,NA,4,36675668,NA,1,Other,0,0
23,2,39,1,0,0,-1,NA,1,37114243,32,1,White,1,0
19,2,39,1,0,1,1,College,1,29262279,21,1,White,1,1
21,1,39,1,0,0,-1,NA,4,27397467,NA,0,White,0,0
20,1,39,1,0,0,-1,NA,1,28841908,40,0,White,1,0
21,2,39,3,0,1,2,College,1,26015646,28,1,Other,1,1
24,1,37,3,0,0,-1,NA,1,40842927,40,0,Other,1,0
21,2,39,3,0,0,-1,NA,1,26015646,40,1,Other,1,0
22,1,40,1,1,1,1,College,7,29201739,NA,0,White,0,1
22,1,40,1,0,0,-1,NA,1,33530970,50,0,White,1,0
22,1,40,1,0,1,1,College,1,35610789,NA,0,White,1,1
18,1,40,1,0,1,2,College,1,35702578,24,0,White,1,1
19,1,40,1,0,1,1,College,7,33266532,NA,0,White,0,1
20,2,40,1,0,1,1,College,7,41351689,NA,1,White,0,1
20,1,40,1,0,1,1,College,7,34815775,NA,0,White,0,1
22,2,40,4,0,1,2,College,1,23557702,30,1,Asian,1,1
20,1,40,1,0,1,1,College,7,35213530,NA,0,White,0,1
19,1,42,1,1,1,1,College,1,29789418,40,0,White,1,1
22,2,40,1,1,1,1,College,7,35965788,NA,1,White,0,1
22,2,39,1,0,0,-1,NA,2,7328228,15,1,White,1,0
23,1,39,1,0,0,-1,NA,1,7848983,40,0,White,1,0
24,1,39,1,0,0,-1,NA,1,5738979,40,0,White,1,0
24,1,39,1,0,0,-1,NA,1,5738979,NA,0,White,1,0
23,2,42,1,0,0,-1,NA,1,8102213,40,1,White,1,0
22,2,35,1,0,0,-1,NA,6,8102213,NA,1,White,0,0
18,1,39,1,0,1,2,College,1,8848835,35,0,White,1,1
22,2,40,1,0,0,-1,NA,1,7343138,42,1,White,1,0
18,1,37,1,1,1,1,High school,7,7569045,NA,0,White,0,0
24,2,43,1,0,1,1,College,7,9060958,NA,1,White,0,1
22,1,39,1,0,0,-1,NA,1,9596394,25,0,White,1,0
22,1,39,1,1,0,-1,NA,1,5609660,40,0,White,1,0
22,2,39,1,1,0,-1,NA,1,5709257,40,1,White,1,0
21,2,41,1,1,1,1,College,1,47816574,40,1,White,1,1
18,2,37,1,1,1,1,High school,7,62336719,NA,1,White,0,0
23,2,40,1,1,0,-1,NA,7,50766966,NA,1,White,0,0
23,1,41,1,1,0,-1,NA,1,44085787,60,0,White,1,0
24,1,40,1,0,0,-1,NA,7,72812793,NA,0,White,0,0
20,2,43,1,1,0,-1,NA,4,67460900,NA,1,White,0,0
19,1,39,2,0,0,-1,NA,7,65357878,NA,0,Black,0,0
24,2,40,2,0,0,-1,NA,1,86002120,40,1,Black,1,0
18,2,40,4,0,1,1,College,7,33969595,NA,1,Asian,0,1
23,2,42,1,0,1,2,College,1,53951062,30,1,White,1,1
19,2,38,1,0,0,-1,NA,7,55821201,NA,1,White,0,0
18,1,39,1,1,1,1,High school,7,73314877,NA,0,White,0,0
21,2,42,1,1,1,1,College,7,64710858,NA,1,White,0,1
22,1,43,1,1,0,-1,NA,1,56194596,32,0,White,1,0
21,1,40,1,1,1,1,College,1,61079696,10,0,White,1,1
21,1,40,1,1,1,1,College,7,61079696,NA,0,White,0,1
19,2,39,1,1,0,-1,NA,1,71210783,38,1,White,1,0
18,1,37,1,0,1,1,High school,1,75686608,4,0,White,1,0
19,2,40,1,0,1,1,College,7,70942199,NA,1,White,0,1
22,1,39,1,1,0,-1,NA,1,63008085,NA,0,White,1,0
22,1,43,1,0,0,-1,NA,4,60103197,NA,0,White,0,0
22,2,40,2,0,0,-1,NA,1,78581769,40,1,Black,1,0
24,2,44,1,0,0,-1,NA,1,57858928,40,1,White,1,0
18,1,35,3,0,0,-1,NA,1,69071981,40,0,Other,1,0
18,2,40,2,0,1,1,College,1,87075735,24,1,Black,1,1
18,1,38,2,0,1,1,High school,7,95210498,NA,0,Black,0,0
19,1,39,1,0,0,-1,NA,1,52746250,35,0,White,1,0
22,1,39,1,0,0,-1,NA,1,49386258,40,0,White,1,0
20,1,39,7,1,1,1,High school,6,72753663,NA,0,Other,0,0
24,2,39,1,1,0,-1,NA,1,54957019,35,1,White,1,0
24,2,42,1,1,0,-1,NA,1,52003124,40,1,White,1,0
22,1,38,1,1,0,-1,NA,1,63008085,40,0,White,1,0
18,2,38,1,1,1,1,High school,7,57362978,NA,1,White,0,0
24,2,40,1,1,0,-1,NA,7,51484904,NA,1,White,0,0
20,2,40,4,0,1,1,College,1,50367104,18,1,Asian,1,1
24,1,40,1,1,0,-1,NA,4,60610934,NA,0,White,0,0
24,2,40,4,0,0,-1,NA,1,52736361,20,1,Asian,1,0
23,2,39,1,0,0,-1,NA,7,54476692,NA,1,White,0,0
19,2,40,1,0,1,1,College,7,66008525,NA,1,White,0,1
18,1,37,1,0,1,1,High school,7,70422985,NA,0,White,0,0
23,1,35,1,0,0,-1,NA,6,56223704,NA,0,White,0,0
20,1,40,1,1,1,1,College,7,66895827,NA,0,White,0,1
21,2,39,2,0,0,-1,NA,1,95110304,40,1,Black,1,0
19,2,40,1,0,1,1,College,4,58864136,NA,1,White,0,1
20,2,40,1,1,1,1,College,7,48778441,NA,1,White,0,1
19,2,40,1,1,1,2,College,7,39894441,NA,1,White,0,1
18,2,40,1,1,1,2,College,1,66226227,20,1,White,1,1
19,1,35,1,1,0,-1,NA,7,70915803,NA,0,White,0,0
24,2,39,1,0,0,-1,NA,1,52423056,40,1,White,1,0
20,2,40,1,0,0,-1,NA,1,52282616,20,1,White,1,0
20,1,39,1,0,0,-1,NA,1,58673602,50,0,White,1,0
21,1,40,1,0,0,-1,NA,4,56223704,NA,0,White,0,0
20,1,40,1,0,1,1,College,7,56223704,NA,0,White,0,1
20,2,38,1,1,0,-1,NA,7,54240421,NA,1,White,0,0
19,1,40,4,0,1,1,College,7,40796726,NA,0,Asian,0,1
20,2,40,4,0,1,1,College,7,50367104,NA,1,Asian,0,1
18,2,40,2,0,1,1,College,7,56735020,NA,1,Black,0,1
18,1,39,1,1,0,-1,NA,7,66679450,NA,0,White,0,0
21,1,39,1,1,0,-1,NA,1,51353221,40,0,White,1,0
24,2,39,1,1,0,-1,NA,1,50766966,20,1,White,1,0
24,1,39,1,1,0,-1,NA,1,56554508,40,0,White,1,0
24,2,39,1,1,0,-1,NA,1,62372050,16,1,White,1,0
18,2,39,1,0,1,2,College,1,53971378,20,1,White,1,1
23,2,43,1,0,1,1,College,5,66020339,NA,1,White,0,1
24,1,43,1,0,1,1,College,1,86875133,40,0,White,1,1
19,1,40,1,0,1,1,College,7,73385795,NA,0,White,0,1
19,2,43,1,0,1,1,College,7,75319495,NA,1,White,0,1
18,2,39,4,0,1,1,College,7,66002874,NA,1,Asian,0,1
18,2,40,1,0,1,1,College,7,24999159,NA,1,White,0,1
18,1,38,1,1,1,1,High school,7,19924383,NA,0,White,0,0
24,1,40,1,0,1,1,College,1,23119972,10,0,White,1,1
19,2,40,1,0,1,1,College,1,21233547,15,1,White,1,1
22,1,39,1,0,0,-1,NA,6,25953021,NA,0,White,0,0
18,2,39,1,0,0,-1,NA,7,26490303,NA,1,White,0,0
19,1,39,1,0,0,-1,NA,1,22484319,25,0,White,1,0
22,1,39,1,0,0,-1,NA,1,25957589,40,0,White,1,0
22,2,39,1,0,0,-1,NA,1,20641744,40,1,White,1,0
21,2,40,1,0,1,2,College,1,21311335,40,1,White,1,1
24,2,39,1,0,0,-1,NA,6,21311335,NA,1,White,0,0
22,1,39,1,0,0,-1,NA,1,19737349,NA,0,White,1,0
22,1,40,1,0,1,1,College,1,24545758,10,0,White,1,1
24,1,42,1,0,0,-1,NA,1,23330696,40,0,White,1,0
23,2,43,1,0,0,-1,NA,1,17283975,60,1,White,1,0
23,2,43,1,0,0,-1,NA,1,25673802,40,1,White,1,0
21,1,40,1,0,1,1,College,1,24454098,16,0,White,1,1
19,1,39,1,0,0,-1,NA,1,21185732,40,0,White,1,0
23,1,39,1,0,0,-1,NA,1,21979357,50,0,White,1,0
23,2,40,1,0,1,1,College,1,15397245,10,1,White,1,1
22,2,40,1,0,1,1,College,7,15397245,NA,1,White,0,1
23,2,40,1,0,1,1,College,1,15397245,15,1,White,1,1
23,2,40,1,0,1,1,College,1,15397245,8,1,White,1,1
23,2,40,1,0,1,1,College,1,15397245,20,1,White,1,1
23,2,40,1,0,1,1,College,1,15397245,5,1,White,1,1
21,2,40,1,0,1,1,College,7,15397245,NA,1,White,0,1
24,2,40,1,0,1,1,College,1,15397245,10,1,White,1,1
19,2,40,1,0,0,-1,NA,1,17565991,20,1,White,1,0
22,2,40,1,0,1,1,College,7,15397245,NA,1,White,0,1
19,2,40,1,0,1,1,College,1,17565991,10,1,White,1,1
23,2,40,1,0,1,1,College,4,15397245,NA,1,White,0,1
20,2,40,1,0,0,-1,NA,7,21391216,NA,1,White,0,0
24,1,39,1,1,0,-1,NA,1,16358842,40,0,White,1,0
20,2,42,1,0,0,-1,NA,1,32188420,50,1,White,1,0
23,2,39,1,0,0,-1,NA,1,24277407,26,1,White,1,0
19,1,39,1,0,0,-1,NA,1,19173280,40,0,White,1,0
21,1,39,1,0,0,-1,NA,1,23330696,40,0,White,1,0
18,1,37,2,0,1,1,High school,7,54210150,NA,0,Black,0,0
18,1,36,1,1,1,1,High school,7,50580386,NA,0,White,0,0
20,2,39,1,1,0,-1,NA,1,47573333,30,1,White,1,0
19,1,39,1,0,0,-1,NA,7,47090190,NA,0,White,0,0
19,1,39,1,1,0,-1,NA,7,50588875,NA,0,White,0,0
18,2,43,1,0,1,1,College,1,47345176,20,1,White,1,1
18,2,39,4,0,1,1,College,1,31537339,8,1,Asian,1,1
18,1,39,4,0,1,1,High school,1,41132499,23,0,Asian,1,0
24,1,43,1,0,0,-1,NA,1,58307158,40,0,White,1,0
19,2,39,1,0,1,1,College,7,58937983,NA,1,White,0,1
21,1,39,8,0,0,-1,NA,1,60655046,30,0,Other,1,0
22,1,41,4,0,0,-1,NA,1,42189174,40,0,Asian,1,0
21,2,42,1,0,0,-1,NA,1,51049271,40,1,White,1,0
20,2,39,1,0,0,-1,NA,1,45587144,NA,1,White,1,0
22,1,36,1,0,0,-1,NA,7,41608716,NA,0,White,0,0
23,2,40,1,0,0,-1,NA,1,45587144,40,1,White,1,0
20,2,39,1,0,0,-1,NA,1,55050483,NA,1,White,1,0
21,2,39,1,0,0,-1,NA,1,35270816,NA,1,White,1,0
21,2,39,1,0,0,-1,NA,1,35143783,40,1,White,1,0
22,1,40,1,0,0,-1,NA,1,34581570,40,0,White,1,0
19,2,40,7,0,1,1,College,1,53679645,20,1,Other,1,1
21,1,39,3,1,0,-1,NA,7,50908816,NA,0,Other,0,0
20,2,40,3,1,0,-1,NA,4,48208117,NA,1,Other,0,0
18,2,39,1,0,1,1,College,1,47844638,25,1,White,1,1
21,2,40,1,1,1,2,College,1,35028805,20,1,White,1,1
18,1,39,1,0,0,-1,NA,4,35337371,NA,0,White,0,0
19,1,40,1,0,1,1,College,7,44089070,NA,0,White,0,1
19,1,39,1,0,0,-1,NA,6,41131669,NA,0,White,0,0
22,1,39,1,0,0,-1,NA,1,33778542,50,0,White,1,0
24,2,39,1,1,0,-1,NA,1,31118464,NA,1,White,1,0
19,1,40,1,0,1,1,College,7,31914993,NA,0,White,0,1
19,1,40,6,0,0,-1,NA,1,39021066,40,0,Other,1,0
18,1,37,1,0,1,1,High school,1,40061434,25,0,White,1,0
18,2,37,1,0,1,1,High school,1,48494758,20,1,White,1,0
23,2,43,1,0,1,2,College,1,52194640,40,1,White,1,1
23,2,42,7,0,0,-1,NA,1,4810518,40,1,Other,1,0
23,1,40,1,0,0,-1,NA,1,5372493,45,0,White,1,0
20,2,40,1,0,1,2,College,1,4868043,40,1,White,1,1
18,2,39,1,0,1,1,College,7,5119072,NA,1,White,0,1
18,2,39,1,0,0,-1,NA,6,5119072,NA,1,White,0,0
24,2,40,1,0,0,-1,NA,1,4358472,24,1,White,1,0
23,2,39,1,0,0,-1,NA,1,4256600,40,1,White,1,0
20,1,39,1,0,0,-1,NA,1,5535900,NA,0,White,1,0
20,2,39,1,1,0,-1,NA,1,44061836,25,1,White,1,0
24,1,40,1,0,0,-1,NA,1,75960976,40,0,White,1,0
21,2,39,1,1,0,-1,NA,7,46459338,NA,1,White,0,0
19,1,39,1,0,0,-1,NA,1,39599055,40,0,White,1,0
22,1,42,1,0,1,1,College,1,11583439,25,0,White,1,1
21,1,39,1,0,1,1,College,4,24026435,NA,0,White,0,1
21,1,39,1,0,1,1,College,7,24026435,NA,0,White,0,1
21,1,42,1,1,1,1,College,1,20374382,20,0,White,1,1
18,1,37,1,0,1,1,High school,7,12177151,NA,0,White,0,0
20,2,39,2,0,0,-1,NA,1,30763847,40,1,Black,1,0
21,2,39,1,0,0,-1,NA,1,18403552,35,1,White,1,0
21,1,39,1,0,0,-1,NA,1,11877373,40,0,White,1,0
24,2,43,2,0,0,-1,NA,7,40174933,NA,1,Black,0,0
22,1,39,1,0,0,-1,NA,1,21723969,40,0,White,1,0
22,2,40,4,0,1,1,College,1,8860150,20,1,Asian,1,1
18,1,37,1,1,1,1,High school,7,7276081,NA,0,White,0,0
21,1,40,8,0,1,1,College,1,11341570,NA,0,Other,1,1
18,1,39,5,0,1,1,College,7,8928298,NA,0,Other,0,1
20,2,39,1,0,0,-1,NA,1,10041368,35,1,White,1,0
20,1,39,2,1,0,-1,NA,7,9472888,NA,0,Black,0,0
22,2,41,1,0,0,-1,NA,1,13550656,NA,1,White,1,0
24,1,42,1,0,0,-1,NA,1,10939185,40,0,White,1,0
24,1,40,1,0,0,-1,NA,7,12188594,NA,0,White,0,0
21,1,40,1,0,0,-1,NA,4,12188594,NA,0,White,0,0
22,1,39,1,0,0,-1,NA,1,9308948,45,0,White,1,0
22,2,40,1,0,0,-1,NA,1,12315268,35,1,White,1,0
24,2,39,1,0,0,-1,NA,7,10703801,NA,1,White,0,0
22,2,43,1,0,0,-1,NA,1,10703801,40,1,White,1,0
18,2,37,1,0,1,1,High school,1,30434664,10,1,White,1,0
20,1,41,1,1,0,-1,NA,1,18503686,40,0,White,1,0
23,1,40,1,1,0,-1,NA,3,18503686,NA,0,White,0,0
21,2,39,1,1,0,-1,NA,1,21586670,25,1,White,1,0
20,1,38,3,1,0,-1,NA,1,29191717,40,0,Other,1,0
20,1,40,1,0,0,-1,NA,1,22617986,45,0,White,1,0
20,2,40,1,0,1,1,College,1,23675942,40,1,White,1,1
23,2,42,1,0,0,-1,NA,1,59379587,40,1,White,1,0
18,2,37,1,0,1,1,High school,7,7349835,NA,1,White,0,0
21,1,39,1,0,0,-1,NA,1,9027790,40,0,White,1,0
24,2,39,1,0,0,-1,NA,1,9637763,36,1,White,1,0
20,1,39,1,0,0,-1,NA,1,7513445,40,0,White,1,0
19,2,39,1,0,0,-1,NA,7,7625857,NA,1,White,0,0
19,1,39,1,0,1,1,College,1,10568944,27,0,White,1,1
18,1,42,1,0,0,-1,NA,1,35925310,40,0,White,1,0
22,2,39,3,0,0,-1,NA,1,14481293,36,1,Other,1,0
20,2,39,1,1,0,-1,NA,4,15754460,NA,1,White,0,0
21,1,39,1,0,0,-1,NA,1,8355437,38,0,White,1,0
23,1,36,1,0,0,-1,NA,1,6411202,40,0,White,1,0
18,2,38,1,0,1,1,High school,7,32343198,NA,1,White,0,0
24,1,43,1,0,0,-1,NA,1,24765682,40,0,White,1,0
24,2,42,7,0,0,-1,NA,1,32444799,20,1,Other,1,0
22,2,39,1,1,0,-1,NA,1,31641740,25,1,White,1,0
23,2,40,3,0,1,1,College,7,53920186,NA,1,Other,0,1
18,1,37,3,0,1,1,High school,7,38545465,NA,0,Other,0,0
21,2,39,7,0,0,-1,NA,7,37163721,NA,1,Other,0,0
21,1,39,1,0,1,1,College,1,28367718,55,0,White,1,1
21,1,42,1,0,1,2,College,1,39641631,20,0,White,1,1
24,1,39,2,0,0,-1,NA,1,55345039,40,0,Black,1,0
24,1,40,4,0,0,-1,NA,7,26351713,NA,0,Asian,0,0
24,2,36,1,0,0,-1,NA,7,29664048,NA,1,White,0,0
20,1,39,1,0,0,-1,NA,1,35306197,20,0,White,1,0
18,1,37,2,0,1,1,High school,7,20108019,NA,0,Black,0,0
21,2,39,1,1,0,-1,NA,1,4709230,40,1,White,1,0
21,1,39,1,1,0,-1,NA,1,29211075,40,0,White,1,0
21,2,39,1,1,0,-1,NA,1,33084565,40,1,White,1,0
18,2,39,1,0,1,1,College,7,56783096,NA,1,White,0,1
24,1,39,1,0,0,-1,NA,6,36715969,NA,0,White,0,0
18,2,40,1,0,1,1,College,1,5968041,15,1,White,1,1
19,2,39,1,1,0,-1,NA,4,4104577,NA,1,White,0,0
19,1,40,1,1,0,-1,NA,1,4211825,45,0,White,1,0
21,1,39,1,0,0,-1,NA,1,5143265,40,0,White,1,0
23,1,39,1,1,0,-1,NA,1,6143692,80,0,White,1,0
24,1,39,1,0,0,-1,NA,1,5566557,40,0,White,1,0
23,2,39,1,1,0,-1,NA,7,27754955,NA,1,White,0,0
24,2,35,1,1,0,-1,NA,7,28142429,NA,1,White,0,0
20,2,39,1,1,0,-1,NA,1,28142429,40,1,White,1,0
19,2,40,1,0,1,1,College,7,29772796,NA,1,White,0,1
23,2,40,4,0,0,-1,NA,7,22515437,NA,1,Asian,0,0
21,1,40,1,0,1,1,College,7,23180094,NA,0,White,0,1
19,1,39,1,0,1,1,College,7,31343530,NA,0,White,0,1
20,1,37,1,0,0,-1,NA,1,34142616,30,0,White,1,0
18,2,39,1,0,0,-1,NA,6,34830866,NA,1,White,0,0
21,2,40,1,0,1,1,College,7,31571189,NA,1,White,0,1
19,2,40,1,0,1,1,College,7,27946097,NA,1,White,0,1
22,2,43,1,0,0,-1,NA,1,51503072,36,1,White,1,0
20,2,39,1,0,0,-1,NA,1,35607609,40,1,White,1,0
20,1,39,1,1,0,-1,NA,1,31009756,4,0,White,1,0
18,1,40,1,1,1,1,College,7,36601692,NA,0,White,0,1
22,1,40,1,0,0,-1,NA,1,44180168,40,0,White,1,0
18,2,40,1,0,1,1,College,1,41521744,NA,1,White,1,1
18,2,39,1,0,0,-1,NA,7,31058819,NA,1,White,0,0
19,2,39,1,0,0,-1,NA,7,42584140,NA,1,White,0,0
19,2,39,1,0,0,-1,NA,1,42584140,40,1,White,1,0
23,1,40,2,0,0,-1,NA,1,18641916,NA,0,Black,1,0
19,1,40,1,0,0,-1,NA,1,9567440,25,0,White,1,0
19,1,39,1,0,1,1,College,7,8984974,NA,0,White,0,1
19,1,39,1,1,0,-1,NA,1,7916408,40,0,White,1,0
24,1,43,1,0,0,-1,NA,1,9547126,NA,0,White,1,0
24,2,43,2,0,0,-1,NA,1,17508936,20,1,Black,1,0
18,2,36,1,0,1,1,High school,7,10149424,NA,1,White,0,0
19,2,39,6,1,1,1,College,7,8674370,NA,1,Other,0,1
22,2,43,1,1,0,-1,NA,1,12178936,35,1,White,1,0
21,1,40,2,0,1,1,College,7,6790095,NA,0,Black,0,1
22,2,43,1,0,1,1,College,1,4689816,NA,1,White,1,1
18,2,40,2,0,1,1,College,7,6069504,NA,1,Black,0,1
24,1,43,1,1,0,-1,NA,1,4136600,40,0,White,1,0
22,2,42,5,0,1,1,College,1,76413699,20,1,Other,1,1
22,1,39,1,1,0,-1,NA,1,45913347,50,0,White,1,0
23,2,39,1,0,0,-1,NA,4,53782871,NA,1,White,0,0
23,2,39,1,0,1,2,High school,4,57364136,NA,1,White,0,0
18,1,43,2,0,0,-1,NA,5,51003948,NA,0,Black,0,0
20,2,39,1,0,1,1,College,1,60147834,10,1,White,1,1
18,2,37,1,0,1,1,High school,7,59171692,NA,1,White,0,0
22,2,31,1,0,0,-1,NA,7,60147834,NA,1,White,0,0
23,2,40,2,0,1,1,College,7,84131684,NA,1,Black,0,1
18,2,40,1,1,1,2,College,7,69293089,NA,1,White,0,1
22,1,42,1,0,1,1,College,1,61459601,20,0,White,1,1
19,1,39,1,0,0,-1,NA,1,50959179,15,0,White,1,0
24,2,39,6,0,0,-1,NA,1,64218776,NA,1,Other,1,0
23,2,39,1,0,1,2,College,1,67764588,NA,1,White,1,1
22,1,39,1,0,0,-1,NA,7,57917483,NA,0,White,0,0
18,1,37,1,0,1,1,High school,7,51265436,NA,0,White,0,0
23,1,39,1,1,0,-1,NA,7,56934279,NA,0,White,0,0
18,2,40,2,0,1,1,College,7,80746665,NA,1,Black,0,1
24,2,42,1,0,1,1,College,1,63859092,30,1,White,1,1
20,1,39,1,1,1,1,College,7,53775074,NA,0,White,0,1
23,2,39,1,1,0,-1,NA,1,81194346,40,1,White,1,0
23,2,43,1,1,0,-1,NA,1,56445742,40,1,White,1,0
22,1,43,1,1,0,-1,NA,7,42504736,NA,0,White,0,0
19,1,39,1,1,1,1,College,7,50643662,NA,0,White,0,1
19,1,40,1,1,1,2,College,4,61794881,NA,0,White,0,1
19,1,39,1,0,1,1,College,7,57911263,NA,0,White,0,1
18,2,38,1,0,1,1,High school,7,58848200,NA,1,White,0,0
23,1,42,1,1,0,-1,NA,1,40559782,40,0,White,1,0
24,2,39,1,1,0,-1,NA,7,53862869,NA,1,White,0,0
19,1,39,4,0,1,1,College,4,44384654,NA,0,Asian,0,1
21,2,39,4,0,1,1,College,7,63818040,NA,1,Asian,0,1
21,1,40,1,1,1,1,College,1,54703834,10,0,White,1,1
21,2,40,1,0,1,1,College,7,69050068,NA,1,White,0,1
19,2,40,4,0,1,1,College,1,67954063,25,1,Asian,1,1
23,1,38,1,1,1,2,High school,1,62060010,40,0,White,1,0
23,1,40,1,1,0,-1,NA,1,62060010,40,0,White,1,0
22,2,42,1,1,1,1,College,1,58457637,20,1,White,1,1
18,2,37,1,1,0,-1,NA,7,61282256,NA,1,White,0,0
20,1,39,1,1,1,1,College,1,53995395,NA,0,White,1,1
20,1,39,4,0,1,1,College,3,40834239,NA,0,Asian,0,1
21,2,39,4,0,0,-1,NA,4,65066407,NA,1,Asian,0,0
21,1,43,2,0,0,-1,NA,7,45938189,NA,0,Black,0,0
21,1,39,1,0,0,-1,NA,2,73544021,40,0,White,1,0
23,2,44,1,0,0,-1,NA,1,65090647,40,1,White,1,0
19,2,40,4,0,1,1,College,1,72146983,25,1,Asian,1,1
24,1,42,1,0,0,-1,NA,1,82831521,48,0,White,1,0
24,1,39,1,0,0,-1,NA,1,47014408,40,0,White,1,0
21,2,39,1,1,0,-1,NA,1,57792210,40,1,White,1,0
19,2,40,4,1,1,1,College,7,78735737,NA,1,Asian,0,1
20,1,36,1,0,0,-1,NA,4,47014408,NA,0,White,0,0
20,2,39,1,0,0,-1,NA,1,56558115,12,1,White,1,0
23,1,40,2,0,0,-1,NA,1,64345349,40,0,Black,1,0
21,1,42,2,0,0,-1,NA,1,74109626,40,0,Black,1,0
20,1,40,1,0,1,1,College,1,44840503,40,0,White,1,1
20,1,40,2,0,1,1,College,7,98137702,NA,0,Black,0,1
23,2,43,4,0,0,-1,NA,1,61474317,40,1,Asian,1,0
19,2,40,1,0,1,1,College,7,58950182,NA,1,White,0,1
24,2,43,2,0,0,-1,NA,4,82060484,NA,1,Black,0,0
24,1,41,1,0,0,-1,NA,1,44517759,36,0,White,1,0
20,2,40,8,0,1,1,College,7,62722467,NA,1,Other,0,1
23,2,44,2,0,0,-1,NA,1,114082508,40,1,Black,1,0
24,1,43,4,0,0,-1,NA,1,40784746,40,0,Asian,1,0
18,1,36,1,1,1,1,High school,1,58235275,10,0,White,1,0
24,2,39,1,1,0,-1,NA,1,54918088,40,1,White,1,0
18,2,37,1,1,1,1,High school,7,75162244,NA,1,White,0,0
22,1,43,1,0,0,-1,NA,2,56529275,40,0,White,1,0
19,1,39,1,0,0,-1,NA,7,47676582,NA,0,White,0,0
24,2,38,1,0,0,-1,NA,1,52949976,40,1,White,1,0
21,2,40,1,1,1,1,College,7,68869360,NA,1,White,0,1
24,2,39,2,0,0,-1,NA,7,57300095,NA,1,Black,0,0
21,1,39,1,0,0,-1,NA,1,67763115,37,0,White,1,0
23,1,40,1,0,1,2,College,1,58702036,40,0,White,1,1
19,1,39,1,0,0,-1,NA,1,49587211,30,0,White,1,0
22,1,33,1,0,0,-1,NA,1,45516729,40,0,White,1,0
24,2,39,1,0,1,2,College,1,64824584,35,1,White,1,1
21,1,39,1,0,1,1,College,1,48691931,70,0,White,1,1
22,2,40,1,0,1,2,College,1,69346682,38,1,White,1,1
23,2,43,1,0,0,-1,NA,1,67388915,40,1,White,1,0
18,1,39,1,0,0,-1,NA,1,47146631,25,0,White,1,0
18,2,37,1,0,0,-1,NA,6,47043621,NA,1,White,0,0
20,1,37,1,0,0,-1,NA,6,56936655,NA,0,White,0,0
22,1,39,1,0,0,-1,NA,6,69181010,NA,0,White,0,0
21,1,39,1,0,0,-1,NA,1,56407799,40,0,White,1,0
20,2,40,1,0,1,2,College,7,42184939,NA,1,White,0,1
21,1,39,1,0,0,-1,NA,1,49637409,42,0,White,1,0
22,1,39,1,0,0,-1,NA,2,34879241,50,0,White,1,0
19,2,41,2,0,0,-1,NA,7,24828582,NA,1,Black,0,0
24,1,36,1,0,0,-1,NA,1,20547450,40,0,White,1,0
24,2,42,5,1,0,-1,NA,1,22084000,40,1,Other,1,0
24,1,42,5,1,0,-1,NA,1,23594217,40,0,Other,1,0
24,1,43,1,0,0,-1,NA,4,19125760,NA,0,White,0,0
22,1,40,1,0,0,-1,NA,6,29636115,NA,0,White,0,0
20,2,40,1,0,0,-1,NA,7,25955032,NA,1,White,0,0
24,1,39,2,0,0,-1,NA,7,18529393,NA,0,Black,0,0
18,1,39,1,0,0,-1,NA,1,22624936,50,0,White,1,0
23,1,40,1,0,0,-1,NA,1,25227660,30,0,White,1,0
18,1,40,1,0,1,1,College,4,23334756,NA,0,White,0,1
19,1,39,1,0,0,-1,NA,1,17870471,25,0,White,1,0
21,1,39,1,0,0,-1,NA,7,25806543,NA,0,White,0,0
21,1,39,1,0,1,1,College,1,25806543,16,0,White,1,1
24,1,40,1,0,0,-1,NA,1,28994061,NA,0,White,1,0
22,2,39,1,0,0,-1,NA,1,23263333,40,1,White,1,0
19,2,40,1,0,1,1,College,7,23325544,NA,1,White,0,1
24,1,39,1,0,0,-1,NA,1,27141238,NA,0,White,1,0
21,2,39,1,0,0,-1,NA,1,23088458,20,1,White,1,0
23,1,39,1,1,0,-1,NA,1,42314477,40,0,White,1,0
23,1,39,1,0,0,-1,NA,6,36487692,NA,0,White,0,0
19,1,39,1,0,0,-1,NA,1,33408317,40,0,White,1,0
18,1,40,4,0,1,1,College,7,25707858,NA,0,Asian,0,1
22,1,35,6,0,0,-1,NA,4,46716248,NA,0,Other,0,0
20,2,40,4,0,1,1,College,7,43405185,NA,1,Asian,0,1
24,1,40,2,0,0,-1,NA,1,86438532,40,0,Black,1,0
23,2,40,2,0,0,-1,NA,1,82178273,40,1,Black,1,0
18,2,39,2,0,0,-1,NA,7,78720950,NA,1,Black,0,0
24,1,40,1,0,1,1,College,7,59043435,NA,0,White,0,1
24,1,43,1,0,0,-1,NA,1,59043435,40,0,White,1,0
22,1,37,1,0,1,1,College,7,59043435,NA,0,White,0,1
18,1,39,1,0,1,1,College,7,54613238,NA,0,White,0,1
22,2,43,1,0,0,-1,NA,1,52935352,40,1,White,1,0
22,1,39,2,0,0,-1,NA,7,53029653,NA,0,Black,0,0
19,2,39,2,0,0,-1,NA,7,84978701,NA,1,Black,0,0
18,1,39,1,0,0,-1,NA,1,32933132,34,0,White,1,0
19,1,38,1,0,1,1,College,7,30076220,NA,0,White,0,1
20,1,39,1,0,0,-1,NA,1,31884444,35,0,White,1,0
22,2,40,1,0,0,-1,NA,1,31626969,10,1,White,1,0
22,2,40,2,0,1,1,College,4,35313627,NA,1,Black,0,1
21,1,40,2,0,1,1,College,7,34680300,NA,0,Black,0,1
18,1,39,1,0,1,1,College,7,36283798,NA,0,White,0,1
23,2,44,1,0,0,-1,NA,1,29788041,30,1,White,1,0
23,2,44,1,0,0,-1,NA,1,35386971,35,1,White,1,0
20,1,39,1,0,0,-1,NA,1,36890470,50,0,White,1,0
24,2,43,8,0,0,-1,NA,1,36255227,40,1,Other,1,0
20,1,36,1,0,0,-1,NA,7,39167859,NA,0,White,0,0
21,1,40,1,1,1,1,College,1,29281904,40,0,White,1,1
18,2,39,1,0,0,-1,NA,7,39882273,NA,1,White,0,0
22,2,43,1,0,0,-1,NA,4,27497035,NA,1,White,0,0
23,1,38,1,0,0,-1,NA,6,40765403,NA,0,White,0,0
20,1,40,2,0,1,1,College,7,30151654,NA,0,Black,0,1
22,1,43,1,0,1,2,College,1,44064286,40,0,White,1,1
21,2,40,2,1,0,-1,NA,4,38128124,NA,1,Black,0,0
19,1,39,1,1,1,1,College,7,47669725,NA,0,White,0,1
20,2,40,1,0,1,1,College,1,38611617,20,1,White,1,1
20,2,40,6,1,1,1,College,1,41834140,20,1,Other,1,1
19,1,39,2,0,0,-1,NA,4,23083939,NA,0,Black,0,0
18,1,39,1,0,1,1,College,1,23524030,40,0,White,1,1
21,2,39,2,0,1,1,College,1,36210678,NA,1,Black,1,1
23,2,40,1,0,0,-1,NA,1,13960914,40,1,White,1,0
18,1,39,2,0,0,-1,NA,4,23083939,NA,0,Black,0,0
23,2,41,2,0,1,1,College,1,42733742,NA,1,Black,1,1
23,2,43,1,0,0,-1,NA,1,14098989,40,1,White,1,0
24,1,43,1,0,0,-1,NA,4,15649937,NA,0,White,0,0
19,1,40,1,0,1,1,College,1,12612144,NA,0,White,1,1
24,2,43,1,0,0,-1,NA,1,14640477,40,1,White,1,0
24,2,43,1,0,0,-1,NA,1,14640477,40,1,White,1,0
21,2,39,1,0,1,1,College,7,69781763,NA,1,White,0,1
21,1,39,1,1,0,-1,NA,1,80894545,40,0,White,1,0
22,1,39,1,0,1,1,College,1,61569527,24,0,White,1,1
19,1,39,1,0,1,1,College,1,52009459,18,0,White,1,1
24,2,43,1,1,0,-1,NA,1,43153741,4,1,White,1,0
23,2,39,2,0,0,-1,NA,7,65724425,NA,1,Black,0,0
21,1,43,1,0,1,2,College,1,66921383,15,0,White,1,1
24,2,43,1,0,0,-1,NA,7,48480242,NA,1,White,0,0
24,1,40,2,0,0,-1,NA,1,58298497,40,0,Black,1,0
21,2,43,4,0,1,1,College,7,55755761,NA,1,Asian,0,1
23,1,43,2,0,0,-1,NA,4,66171945,NA,0,Black,0,0
22,1,43,1,0,0,-1,NA,1,51854152,40,0,White,1,0
19,2,40,1,0,1,1,College,7,48235996,NA,1,White,0,1
19,2,40,1,0,1,1,College,7,48235996,NA,1,White,0,1
21,1,40,1,0,1,1,College,7,57989627,NA,0,White,0,1
24,1,39,1,1,0,-1,NA,1,40660732,10,0,White,1,0
23,2,40,1,1,1,1,College,1,58058963,10,1,White,1,1
22,1,40,1,1,1,1,College,1,40660732,40,0,White,1,1
20,2,38,1,1,1,1,High school,1,58058963,10,1,White,1,0
22,2,40,1,1,1,1,College,7,58058963,NA,1,White,0,1
19,1,39,1,0,0,-1,NA,1,58296094,15,0,White,1,0
24,2,43,4,0,0,-1,NA,1,50563967,38,1,Asian,1,0
24,1,40,2,0,1,2,College,4,45772064,NA,0,Black,0,1
21,1,40,2,0,1,1,College,7,45772064,NA,0,Black,0,1
24,1,40,2,1,1,1,College,7,45076570,NA,0,Black,0,1
24,2,39,3,0,1,2,College,7,58952832,NA,1,Other,0,1
21,1,40,1,1,0,-1,NA,1,46819661,22,0,White,1,0
18,2,39,6,1,1,1,College,7,60425490,NA,1,Other,0,1
21,1,39,3,1,0,-1,NA,7,53926944,NA,0,Other,0,0
18,2,40,2,0,1,1,College,7,48538493,NA,1,Black,0,1
21,2,39,1,0,0,-1,NA,1,64873243,40,1,White,1,0
23,2,44,4,0,0,-1,NA,1,64858731,40,1,Asian,1,0
22,2,33,2,0,1,1,College,7,71377221,NA,1,Black,0,1
21,1,39,1,0,0,-1,NA,1,60731102,40,0,White,1,0
23,1,39,1,0,0,-1,NA,1,60731102,36,0,White,1,0
18,2,39,1,0,1,1,High school,7,49374587,NA,1,White,0,0
22,1,40,4,0,1,1,College,1,54107565,8,0,Asian,1,1
19,1,40,4,0,1,1,College,7,51093418,NA,0,Asian,0,1
23,1,43,1,0,0,-1,NA,1,55211959,60,0,White,1,0
24,1,43,4,0,0,-1,NA,4,55234545,NA,0,Asian,0,0
23,1,43,2,0,0,-1,NA,7,60190229,NA,0,Black,0,0
20,2,39,2,0,0,-1,NA,7,80927698,NA,1,Black,0,0
18,2,37,2,0,1,1,High school,7,77522988,NA,1,Black,0,0
24,2,39,2,0,0,-1,NA,7,72752237,NA,1,Black,0,0
19,1,40,1,0,1,1,College,7,45490635,NA,0,White,0,1
18,2,39,1,0,0,-1,NA,7,64800828,NA,1,White,0,0
24,1,44,1,0,0,-1,NA,1,69075460,35,0,White,1,0
19,1,42,1,0,0,-1,NA,7,57112550,NA,0,White,0,0
21,2,40,4,0,1,2,College,7,41446385,NA,1,Asian,0,1
23,1,39,2,0,0,-1,NA,1,80108430,40,0,Black,1,0
24,2,39,1,0,0,-1,NA,1,79903142,35,1,White,1,0
23,1,39,1,0,0,-1,NA,1,61289852,40,0,White,1,0
19,2,39,1,0,0,-1,NA,1,58306473,40,1,White,1,0
24,2,43,2,0,0,-1,NA,1,79987422,40,1,Black,1,0
23,1,40,2,0,1,1,College,1,81827778,15,0,Black,1,1
18,1,38,2,0,0,-1,NA,4,100293907,NA,0,Black,0,0
24,1,43,1,0,0,-1,NA,1,49507307,40,0,White,1,0
24,2,43,1,0,0,-1,NA,1,49796214,40,1,White,1,0
18,2,38,1,0,1,1,High school,1,62984327,20,1,White,1,0
23,2,39,2,0,0,-1,NA,4,83867630,NA,1,Black,0,0
23,1,43,1,0,0,-1,NA,1,54698445,40,0,White,1,0
23,2,39,1,0,0,-1,NA,1,39918771,35,1,White,1,0
18,1,39,1,0,1,1,College,7,40558522,NA,0,White,0,1
21,2,40,1,0,1,1,College,1,45659920,15,1,White,1,1
21,2,40,1,0,1,1,College,1,45659920,3,1,White,1,1
21,2,40,1,0,1,1,College,1,45659920,NA,1,White,1,1
20,2,40,1,0,1,1,College,1,45659920,5,1,White,1,1
23,1,43,1,0,1,1,College,7,47667998,NA,0,White,0,1
19,1,40,1,0,1,1,College,7,39523882,NA,0,White,0,1
19,1,39,1,1,0,-1,NA,1,57198184,35,0,White,1,0
24,2,43,2,0,0,-1,NA,1,73144072,36,1,Black,1,0
21,2,40,2,0,1,1,College,1,57344021,7,1,Black,1,1
22,2,40,1,0,0,-1,NA,1,45404360,40,1,White,1,0
21,2,40,1,0,0,-1,NA,1,45404360,40,1,White,1,0
21,2,40,1,0,1,1,College,1,45404360,36,1,White,1,1
19,1,35,1,0,0,-1,NA,7,41962596,NA,0,White,0,0
23,2,43,1,1,1,1,College,7,37726485,NA,1,White,0,1
20,1,40,1,1,1,1,College,1,33654663,NA,0,White,1,1
24,2,43,1,0,0,-1,NA,1,43329417,36,1,White,1,0
18,2,36,1,1,1,1,High school,7,55971894,NA,1,White,0,0
24,1,43,1,0,0,-1,NA,1,43078029,40,0,White,1,0
20,2,40,1,0,1,1,College,3,37364653,NA,1,White,0,1
21,2,40,1,0,1,1,College,7,37364653,NA,1,White,0,1
21,1,40,1,0,1,1,College,7,37147871,NA,0,White,0,1
20,2,40,1,0,1,1,College,1,37364653,NA,1,White,1,1
20,1,40,1,0,1,1,College,1,39439980,NA,0,White,1,1
20,1,40,2,0,1,1,College,7,77837272,NA,0,Black,0,1
20,1,40,1,1,1,1,College,7,33445045,NA,0,White,0,1
21,1,40,1,0,1,1,College,7,39439980,NA,0,White,0,1
22,2,40,1,0,0,-1,NA,2,47701808,40,1,White,1,0
22,1,42,1,0,0,-1,NA,1,64451757,NA,0,White,1,0
20,1,40,1,0,1,1,College,7,44192684,NA,0,White,0,1
21,1,40,1,1,1,1,College,1,37475332,40,0,White,1,1
21,2,39,1,0,0,-1,NA,1,63964626,25,1,White,1,0
18,1,39,1,0,1,1,College,4,42934463,NA,0,White,0,1
20,2,40,1,0,1,1,College,7,39226504,NA,1,White,0,1
18,2,39,1,0,0,-1,NA,1,86106520,20,1,White,1,0
18,1,37,1,0,1,1,High school,1,65837786,20,0,White,1,0
23,1,39,1,0,0,-1,NA,1,45466424,40,0,White,1,0
19,1,39,1,0,1,1,College,7,45081961,NA,0,White,0,1
23,1,40,1,0,0,-1,NA,4,43709859,NA,0,White,0,0
18,1,39,1,0,0,-1,NA,1,49329762,40,0,White,1,0
19,1,41,1,0,0,-1,NA,1,39209947,35,0,White,1,0
20,2,38,1,0,1,1,High school,1,54047746,3,1,White,1,0
20,2,40,1,0,0,-1,NA,1,54047746,30,1,White,1,0
19,2,38,1,0,0,-1,NA,1,44328449,35,1,White,1,0
18,1,39,1,0,1,1,College,1,48241822,20,0,White,1,1
22,1,39,1,0,0,-1,NA,6,44092945,NA,0,White,0,0
23,2,39,1,0,0,-1,NA,1,53168581,40,1,White,1,0
21,1,40,1,0,1,1,College,1,51211483,20,0,White,1,1
22,2,40,1,0,1,1,College,1,60802194,20,1,White,1,1
18,1,40,1,0,1,1,College,1,46495383,20,0,White,1,1
20,1,40,1,0,0,-1,NA,4,44432620,NA,0,White,0,0
21,1,40,1,0,1,1,College,7,52926801,NA,0,White,0,1
23,1,39,6,0,0,-1,NA,1,65142537,32,0,Other,1,0
22,1,39,1,0,0,-1,NA,6,52926801,NA,0,White,0,0
18,2,39,6,0,1,1,College,1,53369980,16,1,Other,1,1
20,1,42,1,0,1,1,College,1,56192505,15,0,White,1,1
23,2,40,1,0,0,-1,NA,1,42263906,40,1,White,1,0
24,1,39,1,0,0,-1,NA,4,56192505,NA,0,White,0,0
20,2,40,1,0,1,1,College,1,50495799,15,1,White,1,1
19,1,40,1,0,1,1,College,1,47842043,10,0,White,1,1
21,2,43,1,0,0,-1,NA,1,42248097,35,1,White,1,0
19,1,39,1,0,1,1,College,7,42850322,NA,0,White,0,1
23,1,40,1,1,1,1,College,1,47892761,20,0,White,1,1
22,2,39,1,1,0,-1,NA,1,46701381,16,1,White,1,0
19,1,40,2,0,1,1,College,7,43526992,NA,0,Black,0,1
24,1,41,2,0,0,-1,NA,1,54793578,40,0,Black,1,0
18,1,36,4,0,1,1,High school,1,52876510,15,0,Asian,1,0
23,2,43,1,0,0,-1,NA,1,56308106,40,1,White,1,0
21,2,40,1,0,1,1,College,1,58974690,16,1,White,1,1
23,1,43,6,0,0,-1,NA,1,63858951,40,0,Other,1,0
22,1,39,2,1,1,1,College,7,93503615,NA,0,Black,0,1
22,1,39,1,0,0,-1,NA,7,49687671,NA,0,White,0,0
21,1,40,1,0,1,1,College,7,49687671,NA,0,White,0,1
19,1,40,1,0,0,-1,NA,1,45494284,8,0,White,1,0
22,2,43,1,0,1,1,College,7,46216603,NA,1,White,0,1
22,1,39,1,0,0,-1,NA,1,52926801,55,0,White,1,0
24,2,43,1,0,1,2,College,1,42263906,40,1,White,1,1
24,1,39,1,0,0,-1,NA,1,55676542,40,0,White,1,0
22,2,39,1,0,0,-1,NA,1,55848384,34,1,White,1,0
18,2,37,1,0,1,1,High school,7,57335039,NA,1,White,0,0
20,2,40,1,0,1,1,College,7,12993757,NA,1,White,0,1
20,2,42,1,0,1,1,College,7,18276274,NA,1,White,0,1
21,1,41,1,0,0,-1,NA,1,17640687,24,0,White,1,0
23,2,42,1,0,0,-1,NA,1,19349290,NA,1,White,1,0
20,1,39,3,0,0,-1,NA,1,18598743,30,0,Other,1,0
18,1,35,6,1,1,1,High school,7,13640557,NA,0,Other,0,0
22,1,40,4,0,1,1,College,1,12889655,15,0,Asian,1,1
19,2,40,1,0,1,1,College,7,16985331,NA,1,White,0,1
19,1,39,1,0,0,-1,NA,1,30823387,25,0,White,1,0
18,2,40,2,0,0,-1,NA,1,63139057,45,1,Black,1,0
18,1,40,2,0,1,1,College,7,39360490,NA,0,Black,0,1
23,2,40,2,0,0,-1,NA,1,49227438,40,1,Black,1,0
22,1,43,1,0,0,-1,NA,1,50009294,40,0,White,1,0
24,1,43,1,0,0,-1,NA,1,35132003,40,0,White,1,0
24,2,43,1,0,0,-1,NA,1,39744567,40,1,White,1,0
18,1,39,2,0,0,-1,NA,7,26622413,NA,0,Black,0,0
21,1,39,1,0,0,-1,NA,1,33072343,40,0,White,1,0
21,1,36,1,0,0,-1,NA,1,33125443,40,0,White,1,0
23,1,39,1,0,0,-1,NA,4,56745504,NA,0,White,0,0
19,2,39,2,0,1,1,College,7,57708363,NA,1,Black,0,1
24,1,43,1,0,0,-1,NA,4,39201251,NA,0,White,0,0
22,2,43,1,0,0,-1,NA,1,45456421,40,1,White,1,0
24,2,43,1,0,0,-1,NA,1,49394428,40,1,White,1,0
23,1,43,1,0,0,-1,NA,1,32608593,15,0,White,1,0
22,2,39,1,0,0,-1,NA,1,41990989,30,1,White,1,0
20,1,39,2,0,0,-1,NA,7,49556906,NA,0,Black,0,0
24,1,36,2,0,0,-1,NA,1,49556906,40,0,Black,1,0
21,2,39,2,0,0,-1,NA,1,54787488,20,1,Black,1,0
21,2,39,2,0,0,-1,NA,1,54787488,20,1,Black,1,0
24,1,39,1,0,0,-1,NA,1,40139548,40,0,White,1,0
18,2,39,2,0,1,1,College,7,39810029,NA,1,Black,0,1
19,2,42,1,0,1,1,College,1,45833637,36,1,White,1,1
18,2,39,2,0,1,1,College,7,33352952,NA,1,Black,0,1
18,2,39,1,1,1,1,College,2,51386505,NA,1,White,1,1
18,2,39,1,0,1,1,College,1,50938729,12,1,White,1,1
21,1,31,1,1,0,-1,NA,1,44382925,40,0,White,1,0
24,1,40,1,0,0,-1,NA,1,5457489,40,0,White,1,0
24,1,40,1,0,0,-1,NA,1,5457489,36,0,White,1,0
23,1,39,1,0,0,-1,NA,1,6445271,50,0,White,1,0
23,2,39,1,0,0,-1,NA,1,5883972,40,1,White,1,0
21,2,40,1,0,1,1,College,1,6257770,10,1,White,1,1
19,1,39,1,0,1,1,College,7,4038622,NA,0,White,0,1
19,2,37,1,0,0,-1,NA,1,5016374,NA,1,White,1,0
19,2,40,1,1,1,1,College,7,53885784,NA,1,White,0,1
20,2,40,2,0,1,1,College,7,59036789,NA,1,Black,0,1
18,1,40,2,0,1,1,High school,7,86435871,NA,0,Black,0,0
23,2,39,1,0,0,-1,NA,7,53994235,NA,1,White,0,0
21,1,39,2,0,0,-1,NA,1,40684827,40,0,Black,1,0
18,1,37,2,0,1,1,High school,7,59249589,NA,0,Black,0,0
21,2,40,1,0,1,1,College,7,53318399,NA,1,White,0,1
23,1,40,1,0,1,2,College,1,60696061,20,0,White,1,1
24,2,43,1,0,0,-1,NA,1,48615677,50,1,White,1,0
20,1,39,1,0,1,1,College,1,60696061,24,0,White,1,1
22,2,43,1,0,1,1,College,1,46970968,NA,1,White,1,1
23,1,39,1,0,0,-1,NA,1,42665564,45,0,White,1,0
23,2,41,1,0,0,-1,NA,7,45790311,NA,1,White,0,0
20,2,39,1,0,1,1,College,7,48294329,NA,1,White,0,1
20,1,39,2,0,0,-1,NA,1,68792699,35,0,Black,1,0
24,2,43,2,1,0,-1,NA,1,51740292,40,1,Black,1,0
23,2,43,1,0,1,2,College,1,55693827,40,1,White,1,1
24,1,43,1,0,1,1,College,1,73013725,42,0,White,1,1
21,2,39,2,0,1,1,College,1,67910768,15,1,Black,1,1
18,2,39,2,0,1,1,College,7,65053694,NA,1,Black,0,1
19,2,39,1,0,1,1,College,7,45266676,NA,1,White,0,1
20,1,40,1,0,0,-1,NA,1,50588877,65,0,White,1,0
19,1,39,1,0,0,-1,NA,1,49488574,65,0,White,1,0
23,2,39,1,0,0,-1,NA,1,53614326,NA,1,White,1,0
22,2,40,1,0,0,-1,NA,1,11488831,40,1,White,1,0
20,2,39,1,0,0,-1,NA,1,11488831,40,1,White,1,0
21,1,39,1,0,0,-1,NA,6,8627679,NA,0,White,0,0
18,1,40,1,0,1,1,College,7,9880846,NA,0,White,0,1
20,1,40,1,0,0,-1,NA,1,10233981,25,0,White,1,0
18,1,39,1,0,1,1,College,7,7782937,NA,0,White,0,1
23,1,40,1,0,0,-1,NA,1,7265806,50,0,White,1,0
21,2,39,1,0,0,-1,NA,7,8468898,NA,1,White,0,0
24,1,40,1,0,1,2,College,1,7257651,43,0,White,1,1
22,2,39,1,0,0,-1,NA,7,8459393,NA,1,White,0,0
22,1,40,1,0,1,1,College,7,6904592,NA,0,White,0,1
18,1,37,1,0,1,1,High school,7,8229130,NA,0,White,0,0
21,1,40,1,0,1,1,College,7,32798865,NA,0,White,0,1
24,1,39,2,0,0,-1,NA,1,55225344,40,0,Black,1,0
24,2,39,1,0,0,-1,NA,1,23540636,40,1,White,1,0
24,2,39,1,0,0,-1,NA,1,26563037,40,1,White,1,0
24,1,39,1,0,0,-1,NA,1,19298753,40,0,White,1,0
24,2,42,1,0,0,-1,NA,1,29195497,37,1,White,1,0
24,1,39,2,0,0,-1,NA,1,34475731,32,0,Black,1,0
20,2,39,1,0,0,-1,NA,7,27470771,NA,1,White,0,0
18,1,40,1,0,1,1,College,7,37722099,NA,0,White,0,1
20,2,40,2,0,1,1,College,1,25269469,38,1,Black,1,1
24,1,41,2,0,1,2,College,7,5816086,NA,0,Black,0,1
24,1,41,2,0,1,2,College,7,5816086,NA,0,Black,0,1
23,1,39,2,0,0,-1,NA,7,5816086,NA,0,Black,0,0
24,1,39,2,0,1,2,High school,7,5816086,NA,0,Black,0,0
23,1,39,2,0,1,1,College,7,5816086,NA,0,Black,0,1
20,1,39,2,0,1,1,College,7,5816086,NA,0,Black,0,1
23,2,43,1,0,0,-1,NA,1,5098353,40,1,White,1,0
20,2,40,2,0,0,-1,NA,7,10277891,NA,1,Black,0,0
22,1,39,1,0,0,-1,NA,1,43917754,40,0,White,1,0
22,2,39,1,0,0,-1,NA,7,36678091,NA,1,White,0,0
19,1,39,1,0,0,-1,NA,1,41156819,40,0,White,1,0
22,1,40,1,0,0,-1,NA,1,51312273,40,0,White,1,0
18,2,40,1,0,1,1,College,1,46927238,8,1,White,1,1
20,2,40,1,0,1,1,College,1,18503086,40,1,White,1,1
23,2,40,1,0,0,-1,NA,1,18503086,40,1,White,1,0
22,1,38,2,0,0,-1,NA,4,27643754,NA,0,Black,0,0
19,1,40,1,0,1,1,College,7,16405651,NA,0,White,0,1
22,2,41,1,0,0,-1,NA,7,19253627,NA,1,White,0,0
22,2,40,1,1,0,-1,NA,1,16750379,36,1,White,1,0
22,1,36,2,0,0,-1,NA,1,34058060,40,0,Black,1,0
20,2,39,2,0,1,1,High school,7,24493468,NA,1,Black,0,0
18,1,39,1,0,0,-1,NA,1,20692696,30,0,White,1,0
19,1,39,2,0,1,1,College,7,35161862,NA,0,Black,0,1
19,2,40,2,0,1,1,College,7,36256364,NA,1,Black,0,1
18,2,39,2,0,0,-1,NA,1,26728887,40,1,Black,1,0
22,1,40,1,0,0,-1,NA,1,25004134,45,0,White,1,0
18,2,39,1,0,0,-1,NA,4,19524556,NA,1,White,0,0
18,2,40,4,0,1,1,College,7,28632349,NA,1,Asian,0,1
23,2,43,1,0,0,-1,NA,1,27497035,36,1,White,1,0
19,1,40,1,0,1,1,College,7,32297227,NA,0,White,0,1
19,2,40,1,0,1,1,College,7,35885262,NA,1,White,0,1
23,2,43,1,1,1,1,College,7,25986935,NA,1,White,0,1
24,2,43,1,0,0,-1,NA,1,27497035,40,1,White,1,0
21,1,40,1,0,1,1,College,1,28380319,10,0,White,1,1
24,1,40,1,0,0,-1,NA,7,31928181,NA,0,White,0,0
21,2,41,5,0,1,1,College,7,40345369,NA,1,Other,0,1
22,2,43,1,1,0,-1,NA,1,36159113,60,1,White,1,0
22,2,43,1,0,0,-1,NA,1,35386971,70,1,White,1,0
24,2,34,1,0,0,-1,NA,6,38611617,NA,1,White,0,0
24,2,39,1,0,0,-1,NA,6,38611617,NA,1,White,0,0
23,1,43,1,0,0,-1,NA,1,30744918,40,0,White,1,0
20,1,42,1,0,0,-1,NA,1,22916413,40,0,White,1,0
24,1,40,2,0,0,-1,NA,1,24110449,20,0,Black,1,0
22,2,40,1,1,0,-1,NA,1,15587409,40,1,White,1,0
24,1,39,2,0,0,-1,NA,1,29059017,NA,0,Black,1,0
18,1,39,2,0,1,1,College,7,31353670,NA,0,Black,0,1
20,2,43,2,0,1,1,College,7,27766994,NA,1,Black,0,1
19,2,40,1,0,1,1,College,1,19804588,6,1,White,1,1
23,1,37,1,0,0,-1,NA,7,11735441,NA,0,White,0,0
20,1,39,1,0,0,-1,NA,4,11306036,NA,0,White,0,0
23,2,43,1,0,1,1,College,7,14098989,NA,1,White,0,1
24,2,43,1,0,1,1,College,1,14098989,10,1,White,1,1
24,1,42,1,0,0,-1,NA,1,55055288,36,0,White,1,0
22,1,43,1,0,1,2,College,1,63030305,24,0,White,1,1
18,1,36,2,0,1,1,High school,7,65850124,NA,0,Black,0,0
19,1,39,1,0,0,-1,NA,1,84501989,40,0,White,1,0
22,2,42,1,1,1,1,College,1,14682545,35,1,White,1,1
22,1,40,1,0,0,-1,NA,4,33627533,NA,0,White,0,0
18,2,39,1,0,0,-1,NA,1,37425176,20,1,White,1,0
18,1,37,1,0,0,-1,NA,7,35908936,NA,0,White,0,0
18,2,39,1,0,0,-1,NA,4,37308835,NA,1,White,0,0
19,2,40,1,0,1,1,College,1,27970162,NA,1,White,1,1
19,2,40,1,0,1,1,College,7,35195390,NA,1,White,0,1
20,1,39,1,1,0,-1,NA,1,33499780,40,0,White,1,0
22,2,39,1,1,0,-1,NA,4,45346869,NA,1,White,0,0
22,1,39,1,0,0,-1,NA,4,47776803,NA,0,White,0,0
18,2,38,1,0,1,1,High school,7,43442991,NA,1,White,0,0
24,2,40,1,0,1,2,College,7,46171876,NA,1,White,0,1
20,1,39,1,0,0,-1,NA,1,33125443,40,0,White,1,0
20,1,39,1,0,0,-1,NA,1,35171068,60,0,White,1,0
19,2,40,1,0,1,1,College,7,10328753,NA,1,White,0,1
24,2,39,1,0,0,-1,NA,7,7390507,NA,1,White,0,0
24,1,39,1,0,0,-1,NA,6,9214009,NA,0,White,0,0
20,1,39,1,0,0,-1,NA,6,10191837,NA,0,White,0,0
22,2,38,1,0,0,-1,NA,6,7436034,NA,1,White,0,0
20,1,39,1,0,0,-1,NA,7,10589520,NA,0,White,0,0
19,1,40,1,0,1,2,College,1,7078506,40,0,White,1,1
20,2,40,1,0,0,-1,NA,7,7745115,NA,1,White,0,0
18,2,39,1,0,1,1,College,7,9086969,NA,1,White,0,1
24,1,39,1,0,0,-1,NA,1,7953685,40,0,White,1,0
19,1,39,2,0,0,-1,NA,1,11845164,40,0,Black,1,0
19,2,39,1,0,1,2,College,1,11472125,40,1,White,1,1
18,2,39,1,0,1,1,College,7,8969676,NA,1,White,0,1
19,2,36,1,0,1,1,High school,7,8437675,NA,1,White,0,0
22,1,43,1,0,1,1,College,1,9696041,5,0,White,1,1
20,2,39,1,0,1,1,College,7,7983763,NA,1,White,0,1
23,1,39,1,0,0,-1,NA,1,8198760,40,0,White,1,0
20,2,39,1,0,0,-1,NA,1,7983763,40,1,White,1,0
18,2,39,1,0,1,2,College,1,12066178,16,1,White,1,1
23,2,41,1,0,0,-1,NA,1,8047873,38,1,White,1,0
22,2,38,3,0,0,-1,NA,1,7228363,40,1,Other,1,0
24,1,39,3,0,0,-1,NA,2,7931451,60,0,Other,1,0
19,2,39,1,0,0,-1,NA,7,17464105,NA,1,White,0,0
18,1,37,1,0,1,1,High school,7,18220096,NA,0,White,0,0
23,1,42,1,0,1,1,College,1,49650940,70,0,White,1,1
22,2,43,1,1,0,-1,NA,7,42813248,NA,1,White,0,0
19,1,40,1,1,1,1,College,7,51111156,NA,0,White,0,1
21,2,42,1,1,0,-1,NA,1,43781613,NA,1,White,1,0
20,2,40,1,1,1,1,College,1,43781613,4,1,White,1,1
18,1,37,1,1,1,1,High school,7,57232020,NA,0,White,0,0
21,2,39,1,1,1,1,College,4,38809791,NA,1,White,0,1
18,2,39,1,1,1,1,College,7,46793000,NA,1,White,0,1
22,1,42,1,1,0,-1,NA,1,39639309,40,0,White,1,0
20,2,40,1,1,1,2,College,4,49476229,NA,1,White,0,1
18,2,37,1,1,1,1,High school,7,44972273,NA,1,White,0,0
22,2,41,1,0,1,2,College,1,57041991,20,1,White,1,1
18,1,37,1,0,0,-1,NA,4,49588067,NA,0,White,0,0
24,1,35,1,1,0,-1,NA,2,35673108,30,0,White,1,0
18,1,39,1,0,1,1,College,7,4727269,NA,0,White,0,1
24,1,40,2,0,1,1,College,1,5699765,20,0,Black,1,1
21,1,39,1,1,0,-1,NA,1,42504736,40,0,White,1,0
24,2,39,1,1,0,-1,NA,1,56445742,40,1,White,1,0
21,1,40,2,0,0,-1,NA,1,51123269,NA,0,Black,1,0
24,1,43,1,0,0,-1,NA,7,56732511,NA,0,White,0,0
19,2,40,1,0,0,-1,NA,1,52675937,30,1,White,1,0
23,2,40,1,0,0,-1,NA,6,49898200,NA,1,White,0,0
24,1,38,4,0,0,-1,NA,1,29396115,40,0,Asian,1,0
24,2,42,1,0,0,-1,NA,1,53438799,40,1,White,1,0
24,2,43,1,0,0,-1,NA,1,62339520,20,1,White,1,0
24,1,43,1,0,0,-1,NA,1,65533077,67,0,White,1,0
20,1,40,1,0,1,1,College,1,55179530,6,0,White,1,1
18,1,40,1,0,1,1,College,1,50098010,12,0,White,1,1
21,2,40,1,1,1,1,College,7,28160770,NA,1,White,0,1
18,2,40,1,1,1,1,College,7,33953466,NA,1,White,0,1
19,2,39,1,1,0,-1,NA,7,73820293,NA,1,White,0,0
19,2,35,1,0,0,-1,NA,1,8952717,24,1,White,1,0
19,1,40,1,0,0,-1,NA,1,84501989,23,0,White,1,0
20,1,37,2,1,0,-1,NA,1,61705395,40,0,Black,1,0
21,2,40,1,0,0,-1,NA,1,65885409,38,1,White,1,0
22,2,39,1,1,0,-1,NA,4,50315867,NA,1,White,0,0
24,2,39,1,1,0,-1,NA,1,50315867,40,1,White,1,0
21,2,39,1,1,0,-1,NA,1,50315867,40,1,White,1,0
24,2,42,2,0,1,1,College,1,73248272,7,1,Black,1,1
18,2,40,1,0,1,1,College,1,36082872,30,1,White,1,1
23,2,43,1,0,0,-1,NA,1,37114243,40,1,White,1,0
23,2,39,1,0,0,-1,NA,1,33267678,30,1,White,1,0
20,1,39,1,0,0,-1,NA,7,32835530,NA,0,White,0,0
23,1,39,2,0,0,-1,NA,7,76827423,NA,0,Black,0,0
22,2,43,1,0,1,1,College,3,53035684,NA,1,White,0,1
21,1,43,7,0,0,-1,NA,6,76184568,NA,0,Other,0,0
24,2,43,1,0,0,-1,NA,1,45780285,45,1,White,1,0
23,1,43,1,0,0,-1,NA,1,66416226,40,0,White,1,0
22,1,39,1,0,0,-1,NA,1,66416226,40,0,White,1,0
18,2,37,1,0,1,1,High school,2,67245248,6,1,White,1,0
20,2,37,1,0,0,-1,NA,1,19416785,8,1,White,1,0
21,1,42,1,1,1,2,College,7,26887275,NA,0,White,0,1
18,1,39,1,0,0,-1,NA,1,20330183,35,0,White,1,0
24,1,43,1,0,0,-1,NA,1,6862422,40,0,White,1,0
23,1,43,4,0,0,-1,NA,1,38862025,41,0,Asian,1,0
21,2,43,4,0,1,1,College,1,52318971,5,1,Asian,1,1
21,2,40,1,0,1,1,College,1,56608266,10,1,White,1,1
19,1,40,1,0,1,1,College,7,51955328,NA,0,White,0,1
19,1,40,4,0,1,1,College,7,24452947,NA,0,Asian,0,1
18,1,39,1,0,1,1,College,1,4669618,15,0,White,1,1
22,2,43,1,1,0,-1,NA,1,9625672,20,1,White,1,0
19,2,40,1,0,1,1,College,1,37384963,NA,1,White,1,1
22,2,42,1,0,0,-1,NA,1,35413558,40,1,White,1,0
20,1,40,1,0,1,1,College,1,24292926,15,0,White,1,1
20,1,40,1,0,1,1,College,1,24292926,20,0,White,1,1
19,1,40,1,0,1,1,College,1,20142461,20,0,White,1,1
20,1,38,1,0,1,1,High school,6,39964121,NA,0,White,0,0
22,2,43,4,0,1,1,College,7,16249750,NA,1,Asian,0,1
22,1,41,1,0,0,-1,NA,1,8174172,40,0,White,1,0
20,1,41,1,0,0,-1,NA,1,8174172,52,0,White,1,0
18,1,39,1,0,0,-1,NA,1,8195242,40,0,White,1,0
19,1,37,4,0,1,1,High school,7,5065945,NA,0,Asian,0,0
23,1,39,8,0,0,-1,NA,1,7931451,80,0,Other,1,0
19,2,39,2,0,1,2,College,1,3946233,40,1,Black,1,1
24,1,39,5,0,0,-1,NA,1,8696317,NA,0,Other,1,0
24,1,39,3,0,0,-1,NA,3,8396568,NA,0,Other,0,0
21,2,40,1,0,1,1,College,1,5065919,NA,1,White,1,1
19,1,40,1,0,1,1,College,7,5865180,NA,0,White,0,1
23,1,42,3,1,0,-1,NA,1,7825350,40,0,Other,1,0
18,2,40,4,0,1,1,College,7,31243363,NA,1,Asian,0,1
24,2,40,1,0,1,1,College,1,53694843,24,1,White,1,1
24,2,43,1,1,0,-1,NA,7,44268613,NA,1,White,0,0
23,2,39,1,1,0,-1,NA,4,43963560,NA,1,White,0,0
23,1,39,2,0,0,-1,NA,1,64846222,50,0,Black,1,0
19,2,39,1,0,0,-1,NA,1,46970942,36,1,White,1,0
18,2,38,1,1,1,2,College,7,55102742,NA,1,White,0,1
19,1,39,1,0,0,-1,NA,1,68127203,35,0,White,1,0
20,2,39,1,0,0,-1,NA,1,59605168,30,1,White,1,0
18,1,39,1,1,0,-1,NA,1,66746995,38,0,White,1,0
19,1,38,1,1,0,-1,NA,7,60956769,NA,0,White,0,0
24,2,43,1,1,0,-1,NA,1,47001250,40,1,White,1,0
19,2,39,1,1,1,1,College,7,49580332,NA,1,White,0,1
20,1,39,1,0,0,-1,NA,1,67975637,40,0,White,1,0
20,1,40,1,1,0,-1,NA,1,71261013,40,0,White,1,0
19,1,40,1,1,0,-1,NA,1,71595090,40,0,White,1,0
19,2,40,1,1,0,-1,NA,7,55184925,NA,1,White,0,0
20,1,39,1,0,1,1,High school,6,46659080,NA,0,White,0,0
19,2,39,1,0,0,-1,NA,1,48722190,35,1,White,1,0
22,1,39,1,1,1,1,College,1,60481549,20,0,White,1,1
23,2,39,1,1,1,1,College,7,65140681,NA,1,White,0,1
21,1,39,3,0,0,-1,NA,1,108929474,40,0,Other,1,0
21,2,41,3,1,0,-1,NA,4,74838468,NA,1,Other,0,0
19,2,39,1,0,0,-1,NA,1,49217642,40,1,White,1,0
20,2,39,1,0,1,1,College,7,46622269,NA,1,White,0,1
22,2,40,2,0,1,1,College,1,61728908,15,1,Black,1,1
19,1,39,1,1,0,-1,NA,4,28314041,NA,0,White,0,0
24,1,39,1,0,0,-1,NA,1,72886076,32,0,White,1,0
23,2,40,1,0,0,-1,NA,1,12528153,40,1,White,1,0
22,1,40,1,0,1,1,College,1,24025545,5,0,White,1,1
19,1,40,1,0,1,1,College,7,21997911,NA,0,White,0,1
18,2,37,2,0,1,1,High school,7,30220759,NA,1,Black,0,0
19,1,39,1,0,1,1,College,7,19677797,NA,0,White,0,1
21,1,39,1,1,0,-1,NA,1,13507511,40,0,White,1,0
20,1,39,1,0,0,-1,NA,1,20452852,40,0,White,1,0
19,2,40,1,0,1,1,College,1,15251200,10,1,White,1,1
18,2,37,1,0,1,1,High school,7,16321415,NA,1,White,0,0
21,2,41,1,0,0,-1,NA,1,16590666,NA,1,White,1,0
19,2,44,2,0,0,-1,NA,1,22021137,45,1,Black,1,0
18,1,39,2,0,1,1,College,7,25576985,NA,0,Black,0,1
19,2,39,1,1,1,1,College,1,11614050,40,1,White,1,1
19,1,39,1,1,1,1,College,1,16070237,45,0,White,1,1
18,1,37,1,0,1,1,High school,7,21350497,NA,0,White,0,0
21,2,40,1,1,1,1,College,1,18096629,20,1,White,1,1
23,2,39,1,0,0,-1,NA,7,22206020,NA,1,White,0,0
22,1,40,1,0,1,1,College,7,46475680,NA,0,White,0,1
18,2,39,1,0,1,1,College,1,55733731,9,1,White,1,1
21,2,41,1,1,1,1,College,7,41204443,NA,1,White,0,1
23,1,40,1,0,1,1,College,7,50862527,NA,0,White,0,1
22,2,43,4,0,1,1,College,7,66473746,NA,1,Asian,0,1
19,2,40,4,0,1,1,College,7,78361022,NA,1,Asian,0,1
19,1,39,1,1,0,-1,NA,1,50865834,40,0,White,1,0
24,1,40,1,1,0,-1,NA,1,39963972,40,0,White,1,0
19,2,40,1,1,0,-1,NA,4,44210119,NA,1,White,0,0
19,2,40,1,1,1,2,College,7,55340637,NA,1,White,0,1
19,1,39,1,0,0,-1,NA,1,47954868,20,0,White,1,0
18,2,40,1,1,1,1,College,1,52401133,20,1,White,1,1
24,2,43,1,1,0,-1,NA,1,50106010,40,1,White,1,0
21,2,39,1,1,1,1,College,7,50106010,NA,1,White,0,1
18,1,39,2,0,0,-1,NA,6,41871258,NA,0,Black,0,0
18,1,40,2,0,1,1,College,7,41871258,NA,0,Black,0,1
19,2,40,2,0,1,1,College,7,28954163,NA,1,Black,0,1
18,2,37,1,1,1,1,High school,7,43503177,NA,1,White,0,0
18,2,40,1,1,1,1,College,1,53715163,20,1,White,1,1
22,2,39,1,1,1,1,College,7,34737455,NA,1,White,0,1
22,2,39,1,1,0,-1,NA,7,34737455,NA,1,White,0,0
22,1,40,1,1,1,1,College,7,54794237,NA,0,White,0,1
19,1,39,1,1,1,1,College,7,55051117,NA,0,White,0,1
19,2,39,1,0,1,1,College,7,54490660,NA,1,White,0,1
18,2,39,1,0,1,1,College,7,60559998,NA,1,White,0,1
23,1,38,1,1,0,-1,NA,1,54794237,NA,0,White,1,0
20,2,42,8,1,1,2,College,1,50616572,30,1,Other,1,1
18,2,39,8,1,1,1,College,1,41791219,15,1,Other,1,1
22,2,40,4,0,1,1,College,7,41691275,NA,1,Asian,0,1
23,2,40,1,1,1,1,College,7,33969129,NA,1,White,0,1
23,1,40,1,1,1,1,College,7,43700546,NA,0,White,0,1
22,2,40,1,1,0,-1,NA,1,51239326,40,1,White,1,0
22,1,35,4,0,0,-1,NA,6,45376691,NA,0,Asian,0,0
20,2,39,4,0,0,-1,NA,6,37080627,NA,1,Asian,0,0
20,1,39,1,0,1,1,College,7,51111967,NA,0,White,0,1
19,2,40,1,0,1,1,College,4,44797825,NA,1,White,0,1
24,2,40,1,1,1,2,College,1,50106010,30,1,White,1,1
24,2,40,1,1,1,2,College,1,50106010,30,1,White,1,1
21,1,40,2,1,1,1,College,1,44753174,20,0,Black,1,1
19,1,39,1,1,0,-1,NA,6,56531561,NA,0,White,0,0
22,1,39,1,1,0,-1,NA,1,47446392,45,0,White,1,0
21,1,40,1,1,0,-1,NA,7,43375759,NA,0,White,0,0
18,1,39,1,1,0,-1,NA,4,43137211,NA,0,White,0,0
21,1,39,1,1,0,-1,NA,1,43375759,40,0,White,1,0
24,2,43,1,1,0,-1,NA,1,52988683,35,1,White,1,0
21,1,40,1,0,1,1,College,2,54265691,NA,0,White,1,1
19,1,40,1,0,1,1,College,1,53085418,20,0,White,1,1
20,1,40,1,0,1,1,College,7,60493488,NA,0,White,0,1
23,1,43,1,0,0,-1,NA,1,42724752,40,0,White,1,0
24,1,39,1,1,0,-1,NA,1,42416370,20,0,White,1,0
21,2,40,1,1,1,1,College,1,52988683,35,1,White,1,1
22,2,40,1,1,1,1,College,1,52988683,40,1,White,1,1
24,2,43,1,0,0,-1,NA,1,53731562,36,1,White,1,0
18,2,40,1,0,1,1,College,7,61033822,NA,1,White,0,1
19,2,40,1,0,1,1,College,1,56158322,15,1,White,1,1
18,2,40,1,1,0,-1,NA,7,55225043,NA,1,White,0,0
22,2,39,1,1,0,-1,NA,7,45803270,NA,1,White,0,0
21,2,39,1,1,0,-1,NA,1,45803270,30,1,White,1,0
24,2,39,1,1,0,-1,NA,1,48420355,40,1,White,1,0
19,1,39,1,1,0,-1,NA,1,44396961,NA,0,White,1,0
24,1,43,1,0,1,1,College,1,63775176,NA,0,White,1,1
21,2,42,1,0,1,1,College,1,51448169,20,1,White,1,1
21,2,43,1,0,0,-1,NA,1,51448169,40,1,White,1,0
18,1,42,1,0,1,1,College,1,58989942,5,0,White,1,1
22,1,40,4,0,1,1,College,1,34408642,NA,0,Asian,1,1
21,1,39,1,1,0,-1,NA,7,48721927,NA,0,White,0,0
20,2,39,1,1,0,-1,NA,6,56090231,NA,1,White,0,0
22,1,40,4,0,1,1,College,7,44877444,NA,0,Asian,0,1
22,1,40,4,0,1,1,College,7,44877444,NA,0,Asian,0,1
22,1,40,4,0,1,1,College,7,44877444,NA,0,Asian,0,1
21,1,40,4,0,1,1,College,7,44877444,NA,0,Asian,0,1
23,1,40,4,0,1,1,College,7,44877444,NA,0,Asian,0,1
22,2,39,8,1,0,-1,NA,1,52907056,30,1,Other,1,0
18,1,39,8,1,0,-1,NA,1,57589401,30,0,Other,1,0
22,2,40,1,1,1,1,College,1,40963681,30,1,White,1,1
20,2,40,2,0,0,-1,NA,1,91795670,24,1,Black,1,0
22,2,40,1,1,0,-1,NA,1,56090231,24,1,White,1,0
18,1,40,2,0,0,-1,NA,6,67862440,NA,0,Black,0,0
18,2,40,2,0,0,-1,NA,6,102806973,NA,1,Black,0,0
22,1,37,1,0,0,-1,NA,7,49343335,NA,0,White,0,0
18,2,39,1,0,0,-1,NA,7,59172628,NA,1,White,0,0
23,1,42,1,1,0,-1,NA,1,42974323,35,0,White,1,0
20,1,40,1,1,1,1,College,1,42974323,16,0,White,1,1
22,1,39,1,1,0,-1,NA,7,45684836,NA,0,White,0,0
24,2,43,4,0,0,-1,NA,1,58517869,16,1,Asian,1,0
20,1,39,1,1,0,-1,NA,1,56800128,10,0,White,1,0
21,2,39,1,1,0,-1,NA,1,65390113,40,1,White,1,0
18,2,37,1,1,1,1,High school,7,68549702,NA,1,White,0,0
21,2,40,1,1,1,1,College,1,42339097,24,1,White,1,1
24,1,39,1,1,0,-1,NA,1,48721927,40,0,White,1,0
24,2,39,1,1,0,-1,NA,7,56090231,NA,1,White,0,0
20,2,40,1,1,1,1,College,7,46600851,NA,1,White,0,1
22,2,39,1,1,0,-1,NA,1,46600851,40,1,White,1,0
24,1,39,1,1,0,-1,NA,7,39639309,NA,0,White,0,0
21,1,40,1,1,1,1,College,7,41043910,NA,0,White,0,1
20,1,39,1,1,0,-1,NA,1,38885801,40,0,White,1,0
20,2,39,1,1,0,-1,NA,1,49476229,30,1,White,1,0
18,1,39,1,1,1,2,College,1,49674287,20,0,White,1,1
20,2,34,1,1,0,-1,NA,1,59551126,40,1,White,1,0
24,2,39,1,1,0,-1,NA,1,59551126,40,1,White,1,0
21,2,39,1,1,0,-1,NA,1,59551126,40,1,White,1,0
18,2,39,1,1,0,-1,NA,4,62428581,NA,1,White,0,0
23,2,40,3,1,0,-1,NA,1,52086644,40,1,Other,1,0
21,1,40,1,1,1,1,College,7,40355361,NA,0,White,0,1
24,2,43,4,0,0,-1,NA,1,42150120,40,1,Asian,1,0
23,1,43,1,0,0,-1,NA,1,58288380,20,0,White,1,0
18,1,37,1,1,1,1,High school,4,46238974,NA,0,White,0,0
23,1,43,4,0,0,-1,NA,4,50290799,NA,0,Asian,0,0
20,2,39,1,1,0,-1,NA,1,49968553,30,1,White,1,0
24,2,43,4,0,0,-1,NA,1,58517869,40,1,Asian,1,0
24,2,44,4,0,0,-1,NA,1,59239807,40,1,Asian,1,0
22,1,39,1,1,0,-1,NA,1,50628483,40,0,White,1,0
22,1,39,1,0,0,-1,NA,1,65072240,40,0,White,1,0
18,2,39,1,0,1,1,College,4,60991588,NA,1,White,0,1
24,1,39,1,0,0,-1,NA,1,58248045,45,0,White,1,0
24,1,39,1,0,0,-1,NA,1,58248045,45,0,White,1,0
22,1,39,1,0,0,-1,NA,1,58248045,45,0,White,1,0
18,1,40,1,1,1,1,College,7,50130263,NA,0,White,0,1
22,1,40,6,0,1,1,College,7,60955945,NA,0,Other,0,1
19,1,37,1,1,0,-1,NA,1,63202059,NA,0,White,1,0
18,2,36,1,0,1,1,High school,7,45178264,NA,1,White,0,0
19,2,40,2,1,1,2,College,1,57639016,40,1,Black,1,1
24,2,44,1,0,0,-1,NA,1,40375372,40,1,White,1,0
20,2,39,1,1,1,1,College,7,8899460,NA,1,White,0,1
19,2,40,1,0,1,1,College,7,9284030,NA,1,White,0,1
20,1,40,15,0,1,2,College,1,14539650,40,0,Other,1,1
20,2,39,5,0,0,-1,NA,1,14961813,39,1,Other,1,0
19,1,38,5,0,1,1,High school,6,13091278,NA,0,Other,0,0
18,1,40,15,0,1,1,College,1,9045409,NA,0,Other,1,1
23,2,43,4,0,0,-1,NA,1,8976366,40,1,Asian,1,0
18,1,39,1,0,0,-1,NA,1,12452413,40,0,White,1,0
20,1,40,1,1,1,1,College,7,8887631,NA,0,White,0,1
21,1,39,1,0,0,-1,NA,1,11442987,40,0,White,1,0
21,2,39,1,0,0,-1,NA,4,9457279,NA,1,White,0,0
20,2,35,2,0,0,-1,NA,7,11916805,NA,1,Black,0,0
21,1,39,1,1,0,-1,NA,3,8118000,NA,0,White,0,0
23,1,39,1,0,0,-1,NA,1,11577750,40,0,White,1,0
22,1,43,1,1,0,-1,NA,1,6981642,32,0,White,1,0
18,1,40,1,1,1,1,College,1,9108674,18,0,White,1,1
19,1,39,1,0,0,-1,NA,7,9240628,NA,0,White,0,0
22,2,40,1,0,0,-1,NA,1,10073501,40,1,White,1,0
24,1,40,1,0,0,-1,NA,1,12188594,NA,0,White,1,0
20,2,40,1,1,1,2,College,1,9393271,35,1,White,1,1
18,1,37,1,0,0,-1,NA,7,13056095,NA,0,White,0,0
18,2,39,1,0,1,1,College,1,18242336,16,1,White,1,1
23,2,42,1,0,0,-1,NA,1,10484238,40,1,White,1,0
21,2,37,1,0,0,-1,NA,1,10251657,40,1,White,1,0
24,1,43,4,0,1,1,College,1,7545013,20,0,Asian,1,1
22,2,39,1,0,0,-1,NA,1,12858427,40,1,White,1,0
24,2,43,1,0,0,-1,NA,1,13652573,40,1,White,1,0
24,2,43,1,0,0,-1,NA,1,43554963,40,1,White,1,0
23,2,39,2,0,0,-1,NA,1,87072697,40,1,Black,1,0
22,2,39,2,0,0,-1,NA,1,87072697,40,1,Black,1,0
18,2,37,1,0,1,1,High school,7,44832222,NA,1,White,0,0
23,1,42,1,1,0,-1,NA,1,35253391,35,0,White,1,0
20,1,40,1,1,1,2,College,1,35253391,25,0,White,1,1
22,1,40,1,1,1,1,College,1,39778765,15,0,White,1,1
21,1,40,1,0,1,1,College,1,56731782,15,0,White,1,1
19,2,39,1,0,1,1,College,7,49819097,NA,1,White,0,1
21,1,41,1,0,1,1,College,7,43351158,NA,0,White,0,1
18,1,37,1,0,1,1,High school,7,39358920,NA,0,White,0,0
24,2,43,1,0,1,2,College,7,51533397,NA,1,White,0,1
22,1,40,4,0,0,-1,NA,1,38057568,40,0,Asian,1,0
21,1,40,4,1,0,-1,NA,1,63524897,40,0,Asian,1,0
21,1,40,4,1,0,-1,NA,1,63524897,40,0,Asian,1,0
22,2,39,1,1,0,-1,NA,1,56283109,40,1,White,1,0
24,2,43,1,0,0,-1,NA,1,60365939,40,1,White,1,0
19,2,40,1,0,1,1,College,1,40461245,4,1,White,1,1
19,2,40,1,1,1,1,College,1,47424106,20,1,White,1,1
21,1,39,1,1,0,-1,NA,1,33104375,40,0,White,1,0
18,2,37,1,0,0,-1,NA,7,65340462,NA,1,White,0,0
24,2,40,1,0,0,-1,NA,1,45709770,20,1,White,1,0
22,1,39,1,0,0,-1,NA,4,45478667,NA,0,White,0,0
22,2,37,1,0,0,-1,NA,1,47390670,5,1,White,1,0
22,2,37,1,0,0,-1,NA,1,47390670,5,1,White,1,0
23,2,43,1,0,1,1,College,7,48538464,NA,1,White,0,1
19,1,39,1,0,0,-1,NA,1,43095278,32,0,White,1,0
20,2,40,1,0,1,1,College,1,50032376,10,1,White,1,1
19,1,39,1,0,0,-1,NA,1,43319675,28,0,White,1,0
21,1,39,1,0,0,-1,NA,1,48399830,40,0,White,1,0
22,2,43,1,0,0,-1,NA,1,47372426,40,1,White,1,0
24,1,42,1,0,0,-1,NA,1,47470551,40,0,White,1,0
19,1,39,1,0,0,-1,NA,1,40099670,32,0,White,1,0
21,2,39,1,0,0,-1,NA,7,51757865,NA,1,White,0,0
19,2,38,2,0,1,1,College,1,45221039,3,1,Black,1,1
18,1,37,2,0,1,1,High school,7,52757494,NA,0,Black,0,0
20,2,39,1,0,0,-1,NA,1,53438799,30,1,White,1,0
18,1,37,1,0,1,1,High school,1,51003064,20,0,White,1,0
22,1,42,1,0,0,-1,NA,1,64451480,40,0,White,1,0
21,1,40,1,0,1,2,College,1,62248463,20,0,White,1,1
20,2,40,1,0,1,1,College,1,54615584,29,1,White,1,1
24,1,39,1,0,0,-1,NA,1,49012247,40,0,White,1,0
22,1,39,1,0,0,-1,NA,1,43382487,24,0,White,1,0
22,2,39,1,0,0,-1,NA,1,48342201,40,1,White,1,0
22,1,39,1,0,0,-1,NA,1,51975299,26,0,White,1,0
24,2,39,2,0,0,-1,NA,1,64333320,22,1,Black,1,0
22,2,39,1,1,0,-1,NA,7,40808171,NA,1,White,0,0
21,2,39,1,0,1,1,College,1,49699886,15,1,White,1,1
19,1,39,1,0,1,1,College,1,43319675,15,0,White,1,1
23,2,43,1,0,0,-1,NA,1,53438799,33,1,White,1,0
18,2,37,1,0,1,1,High school,7,49220398,NA,1,White,0,0
22,2,39,2,0,0,-1,NA,1,39930872,40,1,Black,1,0
18,2,40,1,0,1,1,College,7,25268994,NA,1,White,0,1
23,2,43,2,0,1,1,College,7,27808520,NA,1,Black,0,1
18,1,37,1,0,1,1,High school,6,24499722,NA,0,White,0,0
20,2,39,1,1,0,-1,NA,1,25464602,40,1,White,1,0
18,1,39,1,0,0,-1,NA,1,24513270,40,0,White,1,0
19,2,40,1,0,1,1,College,1,24151634,5,1,White,1,1
23,2,39,1,0,0,-1,NA,7,27269440,NA,1,White,0,0
19,1,39,1,0,1,1,College,1,29285335,20,0,White,1,1
22,1,39,1,0,0,-1,NA,4,35136508,NA,0,White,0,0
23,2,43,1,0,0,-1,NA,2,27269440,40,1,White,1,0
24,2,39,1,0,0,-1,NA,1,30249275,40,1,White,1,0
24,1,38,1,1,0,-1,NA,1,19529724,60,0,White,1,0
23,1,39,1,0,0,-1,NA,1,24323405,35,0,White,1,0
18,1,39,1,0,1,1,College,1,17134596,25,0,White,1,1
21,1,39,1,0,0,-1,NA,1,21820421,40,0,White,1,0
19,1,39,1,0,0,-1,NA,1,19978888,NA,0,White,1,0
18,1,38,1,0,1,1,High school,6,22806215,NA,0,White,0,0
18,1,39,1,1,1,2,College,7,18414533,NA,0,White,0,1
18,1,39,1,1,1,2,College,1,18414533,1,0,White,1,1
21,1,39,1,0,0,-1,NA,1,27674976,18,0,White,1,0
19,1,39,1,0,1,1,High school,7,27073048,NA,0,White,0,0
24,2,43,1,0,0,-1,NA,1,23113076,45,1,White,1,0
24,2,43,1,0,0,-1,NA,7,51359881,NA,1,White,0,0
23,1,42,1,0,1,1,College,1,40872062,24,0,White,1,1
21,1,40,1,1,1,1,College,1,39690256,40,0,White,1,1
21,2,39,1,1,0,-1,NA,1,66203341,16,1,White,1,0
22,1,43,1,0,0,-1,NA,4,45400781,NA,0,White,0,0
23,1,39,1,0,0,-1,NA,1,62555313,40,0,White,1,0
24,1,43,1,0,0,-1,NA,1,45285827,40,0,White,1,0
22,1,40,1,0,0,-1,NA,3,45285827,NA,0,White,0,0
23,1,41,1,0,0,-1,NA,7,42762253,NA,0,White,0,0
22,1,40,1,0,0,-1,NA,2,70031552,40,0,White,1,0
22,1,41,1,0,0,-1,NA,1,47431341,40,0,White,1,0
24,2,43,1,0,1,1,College,7,47743700,NA,1,White,0,1
20,1,41,1,0,0,-1,NA,1,53177228,20,0,White,1,0
22,2,36,1,0,0,-1,NA,6,60417467,NA,1,White,0,0
24,2,43,1,0,0,-1,NA,1,54528903,40,1,White,1,0
22,2,43,1,0,0,-1,NA,4,54528903,NA,1,White,0,0
20,1,43,1,0,1,1,College,7,43393961,NA,0,White,0,1
23,2,43,1,0,0,-1,NA,1,44969009,20,1,White,1,0
18,1,37,1,1,1,1,High school,1,45745820,8,0,White,1,0
18,2,37,2,0,1,1,High school,2,39894406,12,1,Black,1,0
18,2,39,2,0,0,-1,NA,7,39894406,NA,1,Black,0,0
19,1,39,2,0,0,-1,NA,7,50103355,NA,0,Black,0,0
20,1,40,1,0,1,2,College,1,40233622,25,0,White,1,1
19,1,39,1,0,0,-1,NA,1,33359676,40,0,White,1,0
24,2,39,2,0,0,-1,NA,4,34718036,NA,1,Black,0,0
18,2,37,2,0,1,1,High school,1,43359041,20,1,Black,1,0
20,2,39,3,0,0,-1,NA,1,85204408,32,1,Other,1,0
23,1,39,1,0,0,-1,NA,1,49513700,40,0,White,1,0
24,2,40,1,0,0,-1,NA,1,52297381,20,1,White,1,0
23,1,40,1,0,1,1,College,7,40233622,NA,0,White,0,1
19,1,39,2,0,1,1,College,1,48909539,16,0,Black,1,1
18,1,39,1,0,1,1,College,7,56306085,NA,0,White,0,1
21,1,39,1,0,0,-1,NA,1,66721338,50,0,White,1,0
19,1,41,1,0,1,1,College,1,61090397,16,0,White,1,1
18,2,39,6,0,0,-1,NA,1,48457936,25,1,Other,1,0
21,2,40,1,0,0,-1,NA,1,43376624,NA,1,White,1,0
20,1,40,1,0,0,-1,NA,2,55209702,20,0,White,1,0
18,1,39,1,0,0,-1,NA,7,51067160,NA,0,White,0,0
18,1,31,1,0,0,-1,NA,1,36528480,50,0,White,1,0
18,1,31,1,0,0,-1,NA,1,36528480,50,0,White,1,0
24,2,42,1,0,0,-1,NA,1,43376624,29,1,White,1,0
24,1,39,1,0,0,-1,NA,1,49513700,40,0,White,1,0
22,2,43,1,0,0,-1,NA,1,54373377,40,1,White,1,0
24,1,43,1,0,0,-1,NA,1,41945073,40,0,White,1,0
24,1,43,1,1,0,-1,NA,1,56515998,40,0,White,1,0
18,1,39,1,0,0,-1,NA,1,38411089,40,0,White,1,0
24,2,39,1,0,0,-1,NA,1,52159486,50,1,White,1,0
20,2,39,1,0,1,1,College,7,9637763,NA,1,White,0,1
22,2,39,1,0,0,-1,NA,1,10234300,5,1,White,1,0
23,1,41,1,0,0,-1,NA,1,9586573,50,0,White,1,0
24,1,43,1,0,0,-1,NA,1,11390646,40,0,White,1,0
20,2,39,1,0,0,-1,NA,1,17537825,46,1,White,1,0
22,2,37,1,0,0,-1,NA,1,17537825,24,1,White,1,0
19,1,40,1,0,1,1,College,7,13157700,NA,0,White,0,1
24,2,44,1,0,0,-1,NA,1,17537825,25,1,White,1,0
21,2,41,1,0,0,-1,NA,7,17537825,NA,1,White,0,0
18,1,39,1,1,1,1,High school,7,15207851,NA,0,White,0,0
23,2,39,1,1,0,-1,NA,1,15556317,40,1,White,1,0
21,1,39,1,1,0,-1,NA,1,11656557,40,0,White,1,0
19,2,39,1,1,0,-1,NA,7,16876508,NA,1,White,0,0
23,2,39,1,1,0,-1,NA,1,15556317,28,1,White,1,0
22,2,39,2,0,0,-1,NA,7,22691117,NA,1,Black,0,0
21,2,39,1,0,0,-1,NA,1,16411624,39,1,White,1,0
23,1,42,1,0,0,-1,NA,1,20320357,34,0,White,1,0
20,2,40,1,0,1,1,College,1,19940453,12,1,White,1,1
18,2,40,1,0,1,1,College,1,19386325,8,1,White,1,1
22,2,43,1,0,0,-1,NA,1,17849372,40,1,White,1,0
23,1,39,1,0,0,-1,NA,1,14579543,55,0,White,1,0
20,1,39,1,1,0,-1,NA,1,18123129,50,0,White,1,0
19,2,39,1,0,0,-1,NA,4,27812474,NA,1,White,0,0
18,2,39,1,1,0,-1,NA,7,29192172,NA,1,White,0,0
20,1,42,2,0,1,1,High school,7,28211326,NA,0,Black,0,0
23,1,40,2,0,0,-1,NA,4,28211326,NA,0,Black,0,0
24,1,39,1,1,0,-1,NA,1,28487425,40,0,White,1,0
18,1,39,1,1,0,-1,NA,1,37166422,40,0,White,1,0
24,2,43,1,0,0,-1,NA,1,27452282,40,1,White,1,0
24,2,43,1,0,0,-1,NA,1,27452282,40,1,White,1,0
19,2,39,1,0,1,1,College,7,31319015,NA,1,White,0,1
22,2,40,1,0,1,1,College,1,30518341,7,1,White,1,1
19,2,40,1,0,1,1,College,1,27812474,15,1,White,1,1
20,1,39,1,1,0,-1,NA,1,15521470,49,0,White,1,0
23,2,39,1,1,0,-1,NA,7,14377183,NA,1,White,0,0
23,2,36,1,1,0,-1,NA,1,15394685,16,1,White,1,0
22,1,39,1,1,0,-1,NA,1,14341088,40,0,White,1,0
19,2,42,1,0,1,1,College,7,12964640,NA,1,White,0,1
19,2,39,3,0,0,-1,NA,4,17865790,NA,1,Other,0,0
20,1,40,3,0,0,-1,NA,1,15345132,30,0,Other,1,0
23,2,39,1,1,0,-1,NA,7,16061594,NA,1,White,0,0
20,1,41,3,0,0,-1,NA,1,16291011,45,0,Other,1,0
22,2,39,1,0,0,-1,NA,1,15546012,32,1,White,1,0
20,1,31,4,0,0,-1,NA,7,5715040,NA,0,Asian,0,0
23,2,43,1,0,0,-1,NA,1,9570478,38,1,White,1,0
24,1,39,1,0,0,-1,NA,1,7362136,40,0,White,1,0
19,1,39,1,0,1,1,College,7,5529644,NA,0,White,0,1
20,1,40,1,0,0,-1,NA,1,6799990,40,0,White,1,0
18,2,39,1,0,0,-1,NA,1,6898381,15,1,White,1,0
22,1,42,1,0,0,-1,NA,1,6031302,50,0,White,1,0
21,2,39,1,0,0,-1,NA,7,5873004,NA,1,White,0,0
20,1,40,1,0,1,1,College,1,6792233,30,0,White,1,1
20,2,39,1,0,0,-1,NA,1,5873004,40,1,White,1,0
23,1,39,1,0,0,-1,NA,1,6404357,NA,0,White,1,0
20,1,39,1,0,0,-1,NA,1,7725693,NA,0,White,1,0
21,2,39,1,0,1,1,College,1,6821160,45,1,White,1,1
21,2,40,1,0,1,1,College,1,25391067,16,1,White,1,1
22,1,40,1,0,1,1,College,1,27629207,40,0,White,1,1
20,2,39,1,0,1,1,College,7,29871167,NA,1,White,0,1
21,2,39,16,0,0,-1,NA,1,31492298,40,1,Other,1,0
24,2,40,1,0,0,-1,NA,1,26297825,NA,1,White,1,0
23,2,40,1,0,0,-1,NA,7,38474626,NA,1,White,0,0
24,1,42,1,0,0,-1,NA,1,37974840,40,0,White,1,0
19,1,41,1,0,0,-1,NA,1,27375746,40,0,White,1,0
20,2,39,3,0,0,-1,NA,6,24921780,NA,1,Other,0,0
21,2,40,1,0,1,1,College,1,26297825,11,1,White,1,1
19,2,39,1,0,0,-1,NA,6,23278235,NA,1,White,0,0
20,1,39,3,0,0,-1,NA,6,46148333,NA,0,Other,0,0
24,1,40,3,0,0,-1,NA,7,42381597,NA,0,Other,0,0
23,1,37,1,0,0,-1,NA,1,38239986,52,0,White,1,0
18,1,40,1,1,1,1,College,1,23953404,30,0,White,1,1
22,2,40,1,1,1,1,College,1,20605181,30,1,White,1,1
22,1,39,3,0,0,-1,NA,1,28138214,40,0,Other,1,0
23,1,36,3,0,0,-1,NA,1,39626192,16,0,Other,1,0
21,2,37,1,0,0,-1,NA,1,24571006,20,1,White,1,0
24,1,40,1,0,0,-1,NA,1,34011399,33,0,White,1,0
24,2,39,1,0,0,-1,NA,1,42592046,40,1,White,1,0
22,1,42,4,0,1,2,College,7,25780075,NA,0,Asian,0,1
20,2,40,4,0,1,1,College,7,50369578,NA,1,Asian,0,1
18,1,37,1,1,0,-1,NA,7,8307725,NA,0,White,0,0
22,1,41,1,0,0,-1,NA,1,7716783,40,0,White,1,0
23,2,40,1,0,1,1,College,1,8102213,40,1,White,1,1
22,2,40,1,0,0,-1,NA,1,7703879,40,1,White,1,0
21,1,40,1,0,0,-1,NA,1,5486411,40,0,White,1,0
23,1,40,1,0,0,-1,NA,1,9566647,40,0,White,1,0
24,2,43,1,0,0,-1,NA,1,9060958,NA,1,White,1,0
18,1,37,3,0,1,1,High school,7,7689927,NA,0,Other,0,0
22,1,39,1,1,0,-1,NA,1,56554508,40,0,White,1,0
23,2,39,1,1,0,-1,NA,1,65839068,20,1,White,1,0
24,1,43,1,1,0,-1,NA,1,71895821,60,0,White,1,0
18,2,37,1,1,1,1,High school,1,69020350,20,1,White,1,0
20,2,40,1,1,1,1,College,1,63540317,NA,1,White,1,1
22,1,40,1,1,1,2,College,1,48612873,30,0,White,1,1
20,1,40,1,1,1,2,College,1,48612873,18,0,White,1,1
22,2,39,1,1,0,-1,NA,1,59916650,16,1,White,1,0
24,1,39,1,1,0,-1,NA,4,47918246,NA,0,White,0,0
22,1,41,1,1,0,-1,NA,1,60914454,45,0,White,1,0
24,2,41,1,1,0,-1,NA,1,53566924,32,1,White,1,0
19,1,39,1,1,1,1,College,7,52138433,NA,0,White,0,1
20,2,36,1,1,0,-1,NA,1,56872125,40,1,White,1,0
22,1,40,4,0,1,1,College,7,55828330,NA,0,Asian,0,1
18,1,37,1,1,1,1,High school,7,57091014,NA,0,White,0,0
22,1,43,1,0,0,-1,NA,1,56223704,40,0,White,1,0
18,1,40,4,0,1,1,College,7,37310941,NA,0,Asian,0,1
24,2,43,4,0,1,1,College,1,48450881,20,1,Asian,1,1
21,1,40,4,0,1,1,College,1,43586493,20,0,Asian,1,1
22,2,39,1,0,0,-1,NA,6,61982331,NA,1,White,0,0
24,1,40,1,0,1,2,College,1,71019015,35,0,White,1,1
22,1,41,1,0,1,2,College,1,57816563,36,0,White,1,1
23,1,41,1,0,0,-1,NA,1,61383976,40,0,White,1,0
19,1,39,1,1,1,1,College,7,48740439,NA,0,White,0,1
19,1,39,1,1,1,1,College,7,49226309,NA,0,White,0,1
18,1,37,2,0,1,1,High school,7,57120683,NA,0,Black,0,0
24,2,39,1,0,0,-1,NA,1,57716830,40,1,White,1,0
22,1,39,1,1,0,-1,NA,1,60610934,40,0,White,1,0
21,2,40,1,1,1,1,College,7,55504859,NA,1,White,0,1
19,1,40,6,0,1,1,College,7,62582637,NA,0,Other,0,1
18,1,36,1,0,1,1,High school,7,55192491,NA,0,White,0,0
19,1,39,1,0,1,1,College,7,58795959,NA,0,White,0,1
20,2,42,2,0,1,1,College,1,80256321,40,1,Black,1,1
23,1,40,1,1,0,-1,NA,2,45599234,25,0,White,1,0
24,1,40,1,1,0,-1,NA,4,45599234,NA,0,White,0,0
22,2,40,1,0,0,-1,NA,1,55637572,35,1,White,1,0
20,1,40,1,0,1,1,College,1,56223704,5,0,White,1,1
22,2,40,1,1,0,-1,NA,1,54661640,40,1,White,1,0
24,1,39,1,1,0,-1,NA,1,47677619,50,0,White,1,0
20,2,40,1,1,1,1,College,7,52582030,NA,1,White,0,1
24,2,40,1,1,0,-1,NA,1,52582030,40,1,White,1,0
20,2,39,1,1,0,-1,NA,1,52582030,40,1,White,1,0
21,1,40,1,1,1,1,College,1,66895827,35,0,White,1,1
22,1,42,1,1,1,1,College,1,53384231,32,0,White,1,1
18,2,42,1,1,1,1,College,7,53739424,NA,1,White,0,1
21,1,40,1,1,1,1,College,7,53384231,NA,0,White,0,1
19,1,40,1,0,0,-1,NA,1,69120880,40,0,White,1,0
20,2,40,8,0,1,1,College,1,62916378,20,1,Other,1,1
24,2,40,1,1,1,1,College,1,51886364,20,1,White,1,1
21,1,40,1,1,1,2,College,1,40892439,35,0,White,1,1
23,2,41,1,1,1,1,College,1,63447850,30,1,White,1,1
21,2,40,1,1,1,1,College,7,63447850,NA,1,White,0,1
21,2,40,2,0,0,-1,NA,4,114764384,NA,1,Black,0,0
18,1,39,1,1,0,-1,NA,1,68496995,40,0,White,1,0
20,2,39,1,1,0,-1,NA,7,51374718,NA,1,White,0,0
18,2,38,2,0,1,1,High school,7,56735020,NA,1,Black,0,0
23,2,39,6,0,0,-1,NA,1,58637462,40,1,Other,1,0
24,1,41,1,0,0,-1,NA,1,71019015,36,0,White,1,0
20,1,39,1,0,1,1,High school,1,71019015,35,0,White,1,0
19,2,40,1,0,0,-1,NA,1,54241967,30,1,White,1,0
22,2,40,1,1,1,1,College,7,67460900,NA,1,White,0,1
18,1,38,1,1,1,1,High school,7,71151017,NA,0,White,0,0
22,1,39,1,1,0,-1,NA,1,46232395,NA,0,White,1,0
23,1,40,1,0,0,-1,NA,1,50356389,40,0,White,1,0
22,2,40,1,0,1,1,College,7,49831424,NA,1,White,0,1
19,2,39,1,0,0,-1,NA,1,50565467,2,1,White,1,0
24,1,34,1,0,0,-1,NA,6,54718246,NA,0,White,0,0
22,1,39,1,0,0,-1,NA,1,19737349,50,0,White,1,0
22,1,39,1,0,0,-1,NA,1,19737349,50,0,White,1,0
22,2,39,1,0,0,-1,NA,1,21311335,40,1,White,1,0
22,1,39,1,0,0,-1,NA,1,19737349,40,0,White,1,0
20,1,42,1,0,1,1,College,7,20950844,NA,0,White,0,1
23,1,42,1,0,1,1,College,7,21288776,NA,0,White,0,1
22,2,42,1,0,1,2,College,1,15771269,15,1,White,1,1
21,1,40,1,0,1,1,College,1,19737349,20,0,White,1,1
24,2,44,4,0,0,-1,NA,1,28525234,40,1,Asian,1,0
23,2,39,1,1,0,-1,NA,1,20140945,NA,1,White,1,0
19,2,40,1,0,1,2,College,4,28386056,NA,1,White,0,1
23,2,43,4,0,1,1,College,2,16462430,20,1,Asian,1,1
22,1,41,1,0,0,-1,NA,6,23330696,NA,0,White,0,0
24,1,40,1,0,1,1,College,1,23330696,40,0,White,1,1
18,2,39,3,0,1,2,College,1,23108612,40,1,Other,1,1
21,2,39,1,1,0,-1,NA,1,19045481,40,1,White,1,0
21,2,39,1,0,1,1,College,1,20152214,19,1,White,1,1
20,1,39,1,0,1,1,College,1,18663836,8,0,White,1,1
18,2,39,1,1,1,1,College,1,25226484,20,1,White,1,1
23,1,39,1,1,0,-1,NA,1,22788570,40,0,White,1,0
23,2,39,1,1,0,-1,NA,1,16700524,35,1,White,1,0
19,2,42,1,0,1,2,College,1,19718473,40,1,White,1,1
19,2,38,1,1,1,1,High school,7,37698937,NA,1,White,0,0
23,2,41,1,0,0,-1,NA,1,45587144,40,1,White,1,0
22,1,41,1,0,0,-1,NA,7,36268023,NA,0,White,0,0
23,2,39,7,0,0,-1,NA,7,50446026,NA,1,Other,0,0
22,1,39,7,0,0,-1,NA,7,60655046,NA,0,Other,0,0
22,1,43,4,0,0,-1,NA,1,45800531,40,0,Asian,1,0
18,1,39,4,0,1,1,College,1,43249141,6,0,Asian,1,1
21,2,39,1,0,0,-1,NA,7,51661335,NA,1,White,0,0
18,1,40,2,0,1,1,College,2,34888066,NA,0,Black,1,1
20,1,40,4,0,1,1,College,7,36841197,NA,0,Asian,0,1
24,1,40,1,0,0,-1,NA,1,50159674,40,0,White,1,0
19,2,40,5,0,0,-1,NA,1,42607996,NA,1,Other,1,0
19,1,38,1,0,1,2,High school,4,33862218,NA,0,White,0,0
24,1,43,4,0,0,-1,NA,1,51576933,40,0,Asian,1,0
24,1,43,1,0,0,-1,NA,1,44707934,48,0,White,1,0
24,1,41,1,0,0,-1,NA,1,38203920,40,0,White,1,0
21,2,40,1,1,0,-1,NA,1,44967463,30,1,White,1,0
18,1,37,1,1,1,1,High school,7,44105105,NA,0,White,0,0
24,1,40,1,0,0,-1,NA,1,40558155,50,0,White,1,0
23,1,40,1,0,0,-1,NA,1,35860073,40,0,White,1,0
20,2,39,1,0,0,-1,NA,1,40537922,40,1,White,1,0
18,2,37,1,0,1,1,High school,1,39411408,10,1,White,1,0
21,1,39,1,0,0,-1,NA,1,52165398,40,0,White,1,0
23,2,39,1,0,0,-1,NA,1,34280800,40,1,White,1,0
21,1,39,1,0,0,-1,NA,1,38203920,40,0,White,1,0
22,1,40,1,0,1,2,College,1,38495604,40,0,White,1,1
23,1,43,1,0,0,-1,NA,1,33778542,40,0,White,1,0
18,2,39,1,0,0,-1,NA,1,42307943,27,1,White,1,0
19,1,39,1,0,0,-1,NA,1,31918599,40,0,White,1,0
21,2,42,1,0,1,1,College,1,4358472,40,1,White,1,1
23,2,40,1,0,1,1,College,7,4906183,NA,1,White,0,1
20,2,40,1,0,0,-1,NA,1,4701891,40,1,White,1,0
19,1,40,1,0,1,1,College,1,4264534,15,0,White,1,1
24,1,44,1,0,0,-1,NA,1,5340492,40,0,White,1,0
22,1,40,1,0,0,-1,NA,6,5340492,NA,0,White,0,0
21,1,37,3,0,0,-1,NA,7,8396568,NA,0,Other,0,0
21,1,40,1,0,1,1,College,1,45193083,NA,0,White,1,1
21,2,40,1,0,1,1,College,1,57009347,15,1,White,1,1
19,1,39,1,0,0,-1,NA,1,39599055,40,0,White,1,0
18,1,36,3,0,1,2,High school,1,82907077,15,0,Other,1,0
23,2,40,6,1,1,1,College,3,36668138,NA,1,Other,0,1
20,2,39,1,0,0,-1,NA,3,17703174,NA,1,White,0,0
22,1,43,4,0,1,1,College,7,10886859,NA,0,Asian,0,1
18,1,37,1,0,1,1,High school,7,20109652,NA,0,White,0,0
19,1,40,1,0,1,1,College,1,12604003,5,0,White,1,1
19,1,40,1,1,1,1,College,7,13570272,NA,0,White,0,1
20,1,40,1,0,1,1,College,7,12884234,NA,0,White,0,1
20,1,40,1,0,1,1,College,7,12884234,NA,0,White,0,1
22,2,43,1,0,1,1,College,3,15075199,NA,1,White,0,1
21,2,40,1,0,1,1,College,1,15075199,15,1,White,1,1
22,2,40,1,0,1,1,College,1,15075199,15,1,White,1,1
22,2,40,1,0,1,1,College,7,15075199,NA,1,White,0,1
20,1,42,5,0,0,-1,NA,5,8551358,NA,0,Other,0,0
22,2,39,5,0,0,-1,NA,2,11138925,40,1,Other,1,0
19,2,39,15,0,1,1,College,7,10665366,NA,1,Other,0,1
20,1,39,15,0,0,-1,NA,1,19052313,NA,0,Other,1,0
18,2,40,4,0,1,1,College,7,7055229,NA,1,Asian,0,1
19,2,40,21,0,1,1,College,7,10522234,NA,1,Other,0,1
22,1,39,12,1,0,-1,NA,1,10867213,40,0,Other,1,0
20,1,36,5,0,0,-1,NA,1,9516985,NA,0,Other,1,0
18,1,36,5,0,1,1,High school,7,9482759,NA,0,Other,0,0
22,2,39,1,0,0,-1,NA,1,9487542,32,1,White,1,0
19,1,39,1,0,0,-1,NA,4,11229924,NA,0,White,0,0
19,2,39,1,1,0,-1,NA,7,11324503,NA,1,White,0,0
18,2,39,1,1,0,-1,NA,1,12585862,40,1,White,1,0
23,1,40,1,0,0,-1,NA,1,14204399,80,0,White,1,0
23,2,39,1,0,0,-1,NA,7,10919639,NA,1,White,0,0
22,1,40,1,0,1,1,College,7,11385220,NA,0,White,0,1
21,1,40,1,0,1,1,College,7,11385220,NA,0,White,0,1
21,1,40,1,0,1,1,College,1,11385220,15,0,White,1,1
21,2,41,1,0,0,-1,NA,1,10038456,40,1,White,1,0
21,1,39,1,0,0,-1,NA,2,10319799,30,0,White,1,0
24,2,42,1,0,0,-1,NA,4,27572546,NA,1,White,0,0
18,1,40,1,0,1,1,College,1,22646801,18,0,White,1,1
21,2,43,1,0,0,-1,NA,4,23645158,NA,1,White,0,0
22,1,40,1,1,1,2,College,1,19407506,40,0,White,1,1
19,2,40,1,1,1,2,College,1,24044215,40,1,White,1,1
23,1,39,1,1,0,-1,NA,1,19407506,40,0,White,1,0
21,1,39,1,0,0,-1,NA,1,28888461,47,0,White,1,0
21,2,42,1,1,0,-1,NA,1,30833421,9,1,White,1,0
21,2,40,1,1,1,1,College,7,21730501,NA,1,White,0,1
20,2,40,7,1,0,-1,NA,1,8626812,40,1,Other,1,0
19,2,39,1,0,0,-1,NA,1,8284828,40,1,White,1,0
18,2,37,1,0,0,-1,NA,1,9207618,32,1,White,1,0
18,1,37,3,0,1,1,High school,7,10447134,NA,0,Other,0,0
21,1,37,3,0,0,-1,NA,7,11602968,NA,0,Other,0,0
24,1,43,7,0,0,-1,NA,1,17800298,40,0,Other,1,0
19,1,39,1,0,0,-1,NA,1,12950337,45,0,White,1,0
19,2,40,1,0,0,-1,NA,4,29750047,NA,1,White,0,0
24,2,46,4,0,0,-1,NA,1,29700560,16,1,Asian,1,0
24,2,42,11,0,1,2,College,1,34866065,36,1,Other,1,1
22,1,40,2,1,1,1,College,1,20672906,40,0,Black,1,1
20,2,41,2,1,1,1,College,1,18043691,15,1,Black,1,1
18,1,37,2,1,1,1,High school,7,22797797,NA,0,Black,0,0
24,1,43,1,1,0,-1,NA,1,14341088,40,0,White,1,0
19,1,38,3,0,1,1,High school,7,20910236,NA,0,Other,0,0
20,1,40,1,1,0,-1,NA,4,15555126,NA,0,White,0,0
24,1,40,1,1,0,-1,NA,2,12680424,40,0,White,1,0
20,2,40,1,0,1,1,College,1,7377173,20,1,White,1,1
19,1,40,1,0,1,1,College,1,7058065,20,0,White,1,1
18,2,40,1,0,1,1,College,1,8974370,8,1,White,1,1
21,2,38,3,0,1,1,High school,7,31080610,NA,1,Other,0,0
22,2,40,1,0,1,1,College,1,23572287,40,1,White,1,1
24,1,39,1,0,0,-1,NA,1,24968467,NA,0,White,1,0
23,2,43,1,0,1,2,College,1,27261744,40,1,White,1,1
21,1,39,2,0,1,1,College,1,29671740,30,0,Black,1,1
18,2,39,1,0,0,-1,NA,1,26819312,20,1,White,1,0
20,1,40,1,0,1,1,College,7,29520551,NA,0,White,0,1
18,2,39,1,0,1,2,College,1,37605853,30,1,White,1,1
18,1,38,1,0,1,1,High school,1,31848443,40,0,White,1,0
21,2,40,1,0,1,1,College,1,36816961,20,1,White,1,1
24,1,43,1,0,0,-1,NA,1,39220216,40,0,White,1,0
23,1,43,1,0,0,-1,NA,1,7151093,45,0,White,1,0
20,1,40,1,0,1,1,College,1,7151093,25,0,White,1,1
24,2,37,3,0,0,-1,NA,1,15636047,30,1,Other,1,0
23,1,39,1,0,0,-1,NA,1,6481126,40,0,White,1,0
23,2,43,1,1,0,-1,NA,7,6068234,NA,1,White,0,0
24,2,39,1,0,0,-1,NA,7,4868043,NA,1,White,0,0
19,1,36,1,0,0,-1,NA,1,4427094,50,0,White,1,0
24,1,39,1,0,0,-1,NA,1,5610399,40,0,White,1,0
22,1,35,1,0,0,-1,NA,1,5610399,20,0,White,1,0
19,2,39,1,0,0,-1,NA,1,5603240,40,1,White,1,0
19,2,40,1,0,1,1,College,1,5603240,25,1,White,1,1
24,2,42,1,0,0,-1,NA,1,4701891,40,1,White,1,0
18,2,40,1,0,1,1,College,1,4727691,5,1,White,1,1
20,1,40,1,0,1,1,College,7,28565685,NA,0,White,0,1
23,2,42,1,0,1,1,College,1,26262940,20,1,White,1,1
21,2,37,1,0,0,-1,NA,1,28202800,40,1,White,1,0
20,2,37,1,0,0,-1,NA,1,28202800,40,1,White,1,0
24,2,40,1,0,0,-1,NA,1,30649661,25,1,White,1,0
18,1,39,1,1,0,-1,NA,1,36870776,40,0,White,1,0
23,2,39,1,0,0,-1,NA,7,25873569,NA,1,White,0,0
18,2,37,2,0,1,1,High school,7,39227151,NA,1,Black,0,0
24,1,43,1,0,1,1,College,1,20973104,15,0,White,1,1
22,2,41,2,0,1,1,College,1,42148947,20,1,Black,1,1
23,1,42,1,0,0,-1,NA,1,29736005,40,0,White,1,0
21,1,40,1,0,1,1,College,7,29736005,NA,0,White,0,1
20,1,40,1,0,1,1,College,7,29736005,NA,0,White,0,1
22,1,43,1,0,1,1,College,1,22520701,40,0,White,1,1
21,1,40,1,0,1,1,College,1,22520701,40,0,White,1,1
22,1,43,1,0,0,-1,NA,1,43811958,40,0,White,1,0
18,2,40,1,0,1,1,College,1,39785770,NA,1,White,1,1
21,1,40,1,0,1,1,College,7,23746299,NA,0,White,0,1
20,1,40,1,0,1,1,College,7,23746299,NA,0,White,0,1
21,2,40,1,1,1,1,College,1,36384565,NA,1,White,1,1
19,2,40,1,0,1,1,College,1,48988088,NA,1,White,1,1
20,2,40,1,0,1,1,College,7,31571189,NA,1,White,0,1
23,1,39,1,1,0,-1,NA,1,44802866,40,0,White,1,0
19,2,40,1,1,1,1,College,7,37856494,NA,1,White,0,1
23,1,43,1,0,0,-1,NA,1,42145571,40,0,White,1,0
18,2,39,1,0,0,-1,NA,4,41706446,NA,1,White,0,0
18,1,40,1,1,0,-1,NA,2,34916102,40,0,White,1,0
20,1,40,1,1,1,1,College,7,35673108,NA,0,White,0,1
18,2,40,1,0,1,1,College,7,41521744,NA,1,White,0,1
23,1,39,1,1,0,-1,NA,1,26095767,40,0,White,1,0
23,1,43,1,0,0,-1,NA,1,24892663,40,0,White,1,0
23,1,39,2,0,0,-1,NA,1,74461631,40,0,Black,1,0
18,2,40,2,0,1,1,College,7,11427574,NA,1,Black,0,1
22,1,33,1,1,0,-1,NA,1,8095949,40,0,White,1,0
22,2,40,1,1,1,1,College,1,7210259,15,1,White,1,1
22,2,39,1,0,1,1,College,1,10196085,NA,1,White,1,1
19,1,38,2,0,1,1,High school,7,15734636,NA,0,Black,0,0
21,2,43,1,0,0,-1,NA,1,4361775,40,1,White,1,0
23,2,43,1,0,0,-1,NA,1,4361775,30,1,White,1,0
23,2,43,1,0,0,-1,NA,1,4361775,30,1,White,1,0
20,1,39,1,0,0,-1,NA,7,55408886,NA,0,White,0,0
23,1,40,1,0,1,2,College,1,54551529,40,0,White,1,1
20,1,39,1,0,0,-1,NA,1,60235910,40,0,White,1,0
18,1,39,1,1,1,1,College,7,54917414,NA,0,White,0,1
20,1,39,2,0,0,-1,NA,1,60426152,40,0,Black,1,0
19,2,42,1,1,1,1,College,1,57677209,20,1,White,1,1
20,2,42,2,0,1,1,College,7,82630508,NA,1,Black,0,1
24,1,39,1,1,0,-1,NA,1,49860265,40,0,White,1,0
22,1,40,2,0,1,1,College,1,46772763,20,0,Black,1,1
19,2,40,1,0,1,1,College,1,65462074,25,1,White,1,1
24,2,39,1,0,0,-1,NA,1,68009134,40,1,White,1,0
18,1,42,1,1,1,2,College,1,67519071,32,0,White,1,1
20,2,43,1,1,0,-1,NA,1,73780971,32,1,White,1,0
22,2,40,1,1,1,1,College,1,51063066,20,1,White,1,1
24,1,39,1,1,0,-1,NA,1,46124607,50,0,White,1,0
24,1,39,1,1,0,-1,NA,1,46124607,40,0,White,1,0
20,1,39,1,1,1,1,College,7,42504736,NA,0,White,0,1
21,2,39,2,0,1,1,College,1,87241105,12,1,Black,1,1
19,1,39,2,0,0,-1,NA,1,64046555,24,0,Black,1,0
21,2,40,1,1,1,1,College,1,53862869,NA,1,White,1,1
24,2,44,2,0,0,-1,NA,1,65884023,40,1,Black,1,0
21,2,36,2,0,0,-1,NA,1,65884023,40,1,Black,1,0
24,2,40,1,1,1,1,College,1,62878916,35,1,White,1,1
22,2,42,1,0,1,1,College,1,65238128,25,1,White,1,1
18,1,39,1,0,0,-1,NA,1,48619172,25,0,White,1,0
20,2,39,1,1,0,-1,NA,1,69642996,40,1,White,1,0
24,1,36,6,1,0,-1,NA,1,54624177,40,0,Other,1,0
22,1,31,6,1,0,-1,NA,1,54624177,40,0,Other,1,0
20,2,39,1,1,0,-1,NA,1,69642996,NA,1,White,1,0
23,1,43,1,0,0,-1,NA,1,57748448,40,0,White,1,0
24,1,39,1,0,0,-1,NA,1,54019670,40,0,White,1,0
21,1,39,1,1,0,-1,NA,1,48635096,40,0,White,1,0
18,1,39,1,1,0,-1,NA,2,55683734,40,0,White,1,0
19,1,39,1,0,1,2,College,1,52760960,40,0,White,1,1
23,1,40,8,0,1,1,College,7,67335793,NA,0,Other,0,1
20,1,40,8,0,1,2,College,1,67335793,25,0,Other,1,1
21,1,40,4,0,1,1,College,1,37090700,8,0,Asian,1,1
24,1,43,1,0,0,-1,NA,1,67763115,40,0,White,1,0
24,1,43,1,0,0,-1,NA,1,67763115,40,0,White,1,0
20,1,39,2,0,1,1,College,7,113029901,NA,0,Black,0,1
18,2,40,2,0,1,1,College,7,83182819,NA,1,Black,0,1
20,1,42,7,0,1,1,College,7,66981910,NA,0,Other,0,1
22,2,38,1,1,1,1,College,7,56098125,NA,1,White,0,1
22,2,43,2,0,0,-1,NA,1,43192252,40,1,Black,1,0
21,2,39,1,0,0,-1,NA,1,48388289,40,1,White,1,0
19,2,39,2,0,0,-1,NA,7,51388241,NA,1,Black,0,0
22,2,39,1,0,1,2,College,1,40079561,40,1,White,1,1
23,1,39,1,0,0,-1,NA,1,47990619,40,0,White,1,0
21,2,39,1,0,0,-1,NA,4,50072308,NA,1,White,0,0
20,1,39,1,0,0,-1,NA,1,53862669,40,0,White,1,0
19,1,40,1,0,1,1,College,7,52691162,NA,0,White,0,1
19,2,41,6,0,0,-1,NA,1,16424862,40,1,Other,1,0
21,2,40,2,0,1,1,College,7,27899556,NA,1,Black,0,1
19,1,39,1,0,0,-1,NA,5,17511643,NA,0,White,0,0
22,2,40,4,0,0,-1,NA,1,13621159,14,1,Asian,1,0
19,2,40,2,0,1,1,College,7,20426215,NA,1,Black,0,1
21,2,37,1,0,0,-1,NA,1,21674940,20,1,White,1,0
18,1,40,1,1,1,1,College,7,22170838,NA,0,White,0,1
18,2,39,1,0,0,-1,NA,1,29274424,40,1,White,1,0
18,1,39,1,0,1,2,College,6,22990550,NA,0,White,0,1
18,2,37,1,0,1,1,High school,7,24612122,NA,1,White,0,0
24,2,40,2,1,0,-1,NA,1,56113716,40,1,Black,1,0
18,1,39,2,0,0,-1,NA,4,67660093,NA,0,Black,0,0
22,1,40,1,0,0,-1,NA,1,56600399,39,0,White,1,0
24,1,35,2,0,0,-1,NA,1,39932012,NA,0,Black,1,0
22,1,41,1,0,0,-1,NA,1,44455333,48,0,White,1,0
22,1,40,1,0,1,2,College,1,44455333,40,0,White,1,1
21,1,40,1,0,1,1,College,7,51599610,NA,0,White,0,1
24,2,43,2,0,0,-1,NA,7,52301314,NA,1,Black,0,0
21,2,43,2,0,0,-1,NA,1,83561552,40,1,Black,1,0
21,2,40,2,0,1,1,College,1,74058900,20,1,Black,1,1
23,2,40,1,0,0,-1,NA,4,27497035,NA,1,White,0,0
20,2,40,1,0,1,1,College,1,27497035,15,1,White,1,1
22,2,43,1,0,1,2,College,1,27497035,18,1,White,1,1
21,1,40,1,0,1,1,College,7,40765403,NA,0,White,0,1
23,2,44,1,0,0,-1,NA,1,36688775,40,1,White,1,0
20,1,40,1,0,1,1,College,1,39167859,10,0,White,1,1
20,1,40,1,0,1,1,College,7,36010826,NA,0,White,0,1
23,1,39,1,0,0,-1,NA,1,40765403,40,0,White,1,0
23,1,38,1,1,0,-1,NA,1,33471324,NA,0,White,1,0
23,1,43,1,0,0,-1,NA,1,46784541,45,0,White,1,0
20,1,43,1,0,0,-1,NA,1,46784541,45,0,White,1,0
21,2,43,1,0,1,1,College,1,43823369,40,1,White,1,1
21,2,43,4,0,1,1,College,1,27995273,40,1,Asian,1,1
21,2,43,1,0,1,1,College,1,43823369,40,1,White,1,1
21,2,43,1,0,1,1,College,1,43823369,40,1,White,1,1
18,2,37,1,0,0,-1,NA,7,19101597,NA,1,White,0,0
24,1,39,1,0,0,-1,NA,7,21314531,NA,0,White,0,0
22,1,40,1,0,0,-1,NA,1,21314531,40,0,White,1,0
23,2,40,1,0,1,1,College,7,24430452,NA,1,White,0,1
23,1,43,4,0,1,1,College,1,23237400,20,0,Asian,1,1
22,2,43,1,0,1,1,College,7,25940542,NA,1,White,0,1
23,1,40,2,0,1,1,College,7,38340229,NA,0,Black,0,1
23,1,40,2,0,1,1,College,4,38340229,NA,0,Black,0,1
22,1,40,2,0,1,1,College,7,38340229,NA,0,Black,0,1
19,2,37,6,0,0,-1,NA,7,26833975,NA,1,Other,0,0
19,2,39,1,0,0,-1,NA,1,16016747,40,1,White,1,0
21,1,42,1,0,1,1,College,7,15968806,NA,0,White,0,1
18,1,39,1,0,1,2,College,1,11335178,25,0,White,1,1
19,2,35,1,0,1,1,High school,7,14064548,NA,1,White,0,0
20,1,40,1,0,1,1,College,1,15210946,8,0,White,1,1
19,1,39,1,0,0,-1,NA,1,12612144,40,0,White,1,0
18,2,40,1,0,1,1,College,7,53608669,NA,1,White,0,1
24,1,42,4,0,0,-1,NA,1,83997275,20,0,Asian,1,0
23,1,39,1,0,0,-1,NA,1,55055288,40,0,White,1,0
20,2,42,1,0,1,1,College,1,57857083,8,1,White,1,1
19,2,39,1,0,1,1,College,7,51213771,NA,1,White,0,1
22,2,40,1,0,0,-1,NA,7,60326816,NA,1,White,0,0
19,1,40,1,0,1,1,College,7,52009459,NA,0,White,0,1
18,1,39,2,0,1,1,College,4,65850124,NA,0,Black,0,1
20,1,39,1,0,0,-1,NA,1,63030305,40,0,White,1,0
24,1,43,4,0,1,1,College,7,34026504,NA,0,Asian,0,1
23,2,41,2,0,0,-1,NA,4,47899730,NA,1,Black,0,0
20,2,40,6,1,1,1,College,7,55714201,NA,1,Other,0,1
18,1,39,3,0,1,1,College,1,75391165,5,0,Other,1,1
19,1,40,1,0,1,1,College,1,49226916,20,0,White,1,1
24,1,39,1,0,0,-1,NA,1,71392254,30,0,White,1,0
24,1,42,1,0,0,-1,NA,1,65281245,40,0,White,1,0
19,2,40,2,0,1,1,College,7,48538493,NA,1,Black,0,1
18,2,38,2,0,1,1,College,7,63965432,NA,1,Black,0,1
24,2,43,4,0,0,-1,NA,1,40462150,40,1,Asian,1,0
22,1,40,4,0,1,1,College,1,41449572,NA,0,Asian,1,1
20,2,40,4,0,1,1,College,7,62942946,NA,1,Asian,0,1
23,2,43,1,0,0,-1,NA,1,64346094,40,1,White,1,0
22,1,43,1,0,0,-1,NA,1,56034516,40,0,White,1,0
19,2,40,1,0,1,1,College,7,64663785,NA,1,White,0,1
22,2,43,1,0,0,-1,NA,1,47272300,40,1,White,1,0
22,2,43,1,0,0,-1,NA,1,47272300,40,1,White,1,0
22,2,43,1,0,1,1,College,7,47272300,NA,1,White,0,1
20,2,40,1,1,1,1,College,1,59352487,NA,1,White,1,1
19,2,39,1,0,1,2,College,1,67197809,10,1,White,1,1
18,1,39,1,0,0,-1,NA,4,62374819,NA,0,White,0,0
21,1,41,1,0,1,1,College,7,58230378,NA,0,White,0,1
21,2,43,1,0,0,-1,NA,1,66458882,40,1,White,1,0
18,2,40,4,0,1,1,College,7,34713025,NA,1,Asian,0,1
20,1,37,2,1,0,-1,NA,7,48416528,NA,0,Black,0,0
18,2,43,4,0,1,1,College,7,36854898,NA,1,Asian,0,1
20,2,31,1,0,0,-1,NA,7,59483799,NA,1,White,0,0
24,1,40,1,0,0,-1,NA,1,65359425,40,0,White,1,0
21,1,40,1,0,0,-1,NA,1,65359425,40,0,White,1,0
21,2,40,1,0,1,1,College,1,55231824,10,1,White,1,1
20,1,39,1,0,0,-1,NA,1,41461961,25,0,White,1,0
20,1,39,1,0,0,-1,NA,1,40667859,40,0,White,1,0
21,2,39,2,0,0,-1,NA,7,70225308,NA,1,Black,0,0
21,1,35,1,0,0,-1,NA,1,47667998,40,0,White,1,0
18,2,35,1,0,0,-1,NA,1,47819593,40,1,White,1,0
18,1,35,1,1,0,-1,NA,1,70438280,35,0,White,1,0
22,2,43,1,0,0,-1,NA,1,49675136,40,1,White,1,0
20,2,42,1,0,1,1,College,7,49561088,NA,1,White,0,1
24,2,39,2,0,0,-1,NA,7,63168142,NA,1,Black,0,0
24,2,39,2,0,0,-1,NA,6,83867630,NA,1,Black,0,0
21,2,40,1,0,1,1,College,1,49494718,20,1,White,1,1
19,2,40,1,0,1,1,College,7,43296775,NA,1,White,0,1
24,1,41,1,0,0,-1,NA,1,46554167,40,0,White,1,0
23,1,40,1,0,1,1,College,1,55277552,25,0,White,1,1
22,1,40,1,0,1,1,College,1,55277552,16,0,White,1,1
22,1,43,1,0,0,-1,NA,4,55277552,NA,0,White,0,0
23,2,35,1,1,1,1,High school,7,46589975,NA,1,White,0,0
22,1,39,3,0,0,-1,NA,6,72558856,NA,0,Other,0,0
23,2,43,1,0,0,-1,NA,1,45659920,40,1,White,1,0
18,1,40,1,1,1,1,College,7,37741564,NA,0,White,0,1
24,2,43,1,0,1,1,College,7,49494718,NA,1,White,0,1
22,2,40,1,0,1,1,College,7,49494718,NA,1,White,0,1
19,1,37,1,0,1,1,High school,7,39771599,NA,0,White,0,0
21,1,40,1,0,1,1,College,7,48960950,NA,0,White,0,1
21,1,40,1,0,1,1,College,7,48960950,NA,0,White,0,1
22,2,41,4,0,0,-1,NA,7,44019717,NA,1,Asian,0,0
19,1,40,4,0,1,1,College,7,44643597,NA,0,Asian,0,1
23,1,40,1,0,1,1,College,7,54306559,NA,0,White,0,1
20,1,40,1,0,1,1,College,7,54306559,NA,0,White,0,1
20,1,40,1,0,1,1,College,7,54306559,NA,0,White,0,1
23,1,40,1,0,1,1,College,7,54306559,NA,0,White,0,1
22,2,39,1,0,1,1,College,1,39226504,NA,1,White,1,1
21,1,40,1,0,0,-1,NA,1,42824081,NA,0,White,1,0
21,2,40,1,0,0,-1,NA,1,39226504,NA,1,White,1,0
24,1,39,1,0,0,-1,NA,1,43375709,40,0,White,1,0
24,2,43,1,0,0,-1,NA,1,50078616,40,1,White,1,0
18,2,39,2,0,0,-1,NA,4,54098573,NA,1,Black,0,0
23,1,39,1,1,0,-1,NA,1,68894542,30,0,White,1,0
21,2,37,1,1,0,-1,NA,1,75119892,30,1,White,1,0
20,1,39,2,0,0,-1,NA,7,104267577,NA,0,Black,0,0
21,1,39,1,0,0,-1,NA,1,50047050,NA,0,White,1,0
22,1,40,1,0,1,1,College,1,65517495,NA,0,White,1,1
22,2,43,1,0,0,-1,NA,1,61493395,40,1,White,1,0
24,1,43,1,0,1,2,College,1,54371348,40,0,White,1,1
22,2,39,1,0,1,1,College,1,64553828,25,1,White,1,1
22,2,40,1,0,1,1,College,1,66901889,24,1,White,1,1
23,1,40,1,0,1,2,College,1,56349035,40,0,White,1,1
18,1,39,1,0,0,-1,NA,7,46495383,NA,0,White,0,0
22,1,39,2,0,0,-1,NA,1,109235080,40,0,Black,1,0
22,2,39,2,0,0,-1,NA,1,83680504,30,1,Black,1,0
24,1,43,1,0,0,-1,NA,1,71178512,40,0,White,1,0
18,1,33,8,0,1,1,High school,7,54454826,NA,0,Other,0,0
18,1,39,1,0,0,-1,NA,1,46462896,NA,0,White,1,0
24,1,39,1,0,0,-1,NA,6,41169601,NA,0,White,0,0
24,2,43,1,0,0,-1,NA,1,42263906,38,1,White,1,0
21,1,39,2,0,1,2,College,1,68363731,NA,0,Black,1,1
21,1,39,2,0,0,-1,NA,1,68363731,35,0,Black,1,0
22,2,39,1,0,0,-1,NA,1,56308106,23,1,White,1,0
20,2,40,1,0,1,2,College,1,56007838,NA,1,White,1,1
24,1,39,1,1,0,-1,NA,4,55455298,NA,0,White,0,0
18,1,37,4,0,1,1,High school,7,47861436,NA,0,Asian,0,0
23,1,43,1,0,0,-1,NA,1,61195595,25,0,White,1,0
20,2,39,1,0,0,-1,NA,4,48868492,NA,1,White,0,0
21,2,40,1,0,0,-1,NA,1,48868492,40,1,White,1,0
24,1,43,1,0,0,-1,NA,1,51103803,55,0,White,1,0
22,1,40,1,0,1,1,College,7,51103803,NA,0,White,0,1
24,1,43,4,0,0,-1,NA,1,35109764,40,0,Asian,1,0
18,1,39,1,0,0,-1,NA,1,50843474,40,0,White,1,0
20,1,39,1,1,0,-1,NA,7,48195134,NA,0,White,0,0
24,2,39,1,1,0,-1,NA,1,48488474,40,1,White,1,0
23,1,40,1,0,1,1,College,7,46063513,NA,0,White,0,1
20,1,40,1,0,1,1,College,7,46063513,NA,0,White,0,1
21,2,40,1,0,1,1,College,1,61323577,6,1,White,1,1
19,2,40,1,0,1,1,College,1,64737344,8,1,White,1,1
24,2,43,1,1,0,-1,NA,1,57955767,40,1,White,1,0
18,1,39,1,0,1,1,College,2,53668255,30,0,White,1,1
22,2,39,1,0,0,-1,NA,7,50352038,NA,1,White,0,0
20,1,40,1,0,1,1,College,7,14037369,NA,0,White,0,1
22,2,40,1,0,1,1,College,1,18276274,15,1,White,1,1
20,1,40,1,0,1,1,College,1,16604501,6,0,White,1,1
18,1,37,1,0,0,-1,NA,6,15075382,NA,0,White,0,0
22,1,39,2,0,0,-1,NA,1,15758559,40,0,Black,1,0
23,1,40,1,0,0,-1,NA,1,31706747,40,0,White,1,0
23,1,39,1,0,0,-1,NA,1,31706747,40,0,White,1,0
19,1,40,6,1,1,2,College,4,44976401,NA,0,Other,0,1
18,2,39,1,0,1,1,College,7,29277788,NA,1,White,0,1
18,1,39,1,0,0,-1,NA,7,41621996,NA,0,White,0,0
23,1,39,1,0,0,-1,NA,1,47158141,48,0,White,1,0
22,2,43,1,0,0,-1,NA,1,41875909,40,1,White,1,0
21,2,40,1,1,1,1,College,2,24541705,12,1,White,1,1
23,1,39,1,0,0,-1,NA,1,31706747,40,0,White,1,0
19,1,39,1,0,0,-1,NA,1,29030858,40,0,White,1,0
24,2,43,1,0,0,-1,NA,7,37700884,NA,1,White,0,0
20,1,40,1,0,1,1,College,7,35854596,NA,0,White,0,1
22,2,40,2,0,0,-1,NA,1,49227438,NA,1,Black,1,0
23,1,43,1,0,0,-1,NA,1,44712052,40,0,White,1,0
19,2,40,1,0,1,1,College,1,43722821,15,1,White,1,1
20,1,43,10,0,0,-1,NA,1,57112655,45,0,Other,1,0
24,1,39,1,0,0,-1,NA,1,32608593,40,0,White,1,0
20,1,39,1,0,0,-1,NA,1,39201251,40,0,White,1,0
18,2,35,1,0,0,-1,NA,7,44193226,NA,1,White,0,0
21,2,40,1,0,0,-1,NA,6,36968498,NA,1,White,0,0
22,2,43,1,0,0,-1,NA,1,38643226,25,1,White,1,0
23,2,37,1,1,0,-1,NA,1,45442834,40,1,White,1,0
22,1,37,1,1,0,-1,NA,1,26507788,40,0,White,1,0
22,1,40,1,1,1,1,College,1,33682723,20,0,White,1,1
18,1,40,1,1,1,1,College,7,43944523,NA,0,White,0,1
24,1,31,2,1,0,-1,NA,1,40874754,40,0,Black,1,0
23,2,39,1,0,0,-1,NA,2,6257770,40,1,White,1,0
24,2,43,1,0,0,-1,NA,1,55863326,45,1,White,1,0
24,2,41,2,0,0,-1,NA,1,68178191,40,1,Black,1,0
24,2,43,4,0,0,-1,NA,1,57393432,35,1,Asian,1,0
18,1,37,2,0,1,1,High school,7,59249589,NA,0,Black,0,0
22,1,39,2,0,0,-1,NA,1,40684827,35,0,Black,1,0
19,2,40,1,0,1,1,College,7,50982782,NA,1,White,0,1
20,2,40,10,0,0,-1,NA,1,54011677,40,1,Other,1,0
23,2,40,1,1,1,2,College,1,44542767,40,1,White,1,1
24,1,39,1,0,0,-1,NA,1,60696061,40,0,White,1,0
24,2,42,1,0,1,2,College,1,55863326,NA,1,White,1,1
21,1,40,1,0,1,1,College,7,60719101,NA,0,White,0,1
18,2,40,1,0,1,1,College,7,63028903,NA,1,White,0,1
22,1,40,1,0,1,1,College,7,76076485,NA,0,White,0,1
19,2,40,1,0,1,1,College,1,48450694,40,1,White,1,1
21,2,39,5,0,0,-1,NA,5,57344321,NA,1,Other,0,0
24,2,39,4,0,0,-1,NA,7,37070799,NA,1,Asian,0,0
23,2,42,7,0,0,-1,NA,1,102750229,45,1,Other,1,0
21,2,39,7,0,0,-1,NA,1,102750229,40,1,Other,1,0
24,1,40,1,0,0,-1,NA,1,61846812,45,0,White,1,0
22,1,43,2,0,1,1,College,1,69174511,40,0,Black,1,1
22,2,40,2,0,1,1,College,7,53367155,NA,1,Black,0,1
21,1,39,9,1,0,-1,NA,6,86123160,NA,0,Other,0,0
22,1,39,2,0,0,-1,NA,1,43434915,24,0,Black,1,0
20,1,39,2,0,0,-1,NA,1,43434915,24,0,Black,1,0
23,2,40,1,0,0,-1,NA,4,7830793,NA,1,White,0,0
23,1,39,1,0,0,-1,NA,1,9656112,42,0,White,1,0
24,2,43,1,0,1,1,College,1,6883479,25,1,White,1,1
19,1,39,2,0,0,-1,NA,7,15455959,NA,0,Black,0,0
19,2,40,1,0,1,1,College,1,7488061,50,1,White,1,1
24,1,39,1,0,0,-1,NA,1,12087810,40,0,White,1,0
22,2,39,1,0,0,-1,NA,1,13060357,40,1,White,1,0
18,1,40,1,0,0,-1,NA,1,8649917,40,0,White,1,0
21,2,39,1,0,0,-1,NA,7,13060357,NA,1,White,0,0
23,1,39,1,0,0,-1,NA,1,19298753,40,0,White,1,0
23,2,43,1,0,0,-1,NA,1,26563037,40,1,White,1,0
24,2,39,1,0,0,-1,NA,1,35441799,40,1,White,1,0
22,2,39,2,0,0,-1,NA,1,47832963,40,1,Black,1,0
20,1,39,2,0,0,-1,NA,1,53266102,25,0,Black,1,0
23,2,39,1,0,0,-1,NA,1,23427647,35,1,White,1,0
23,1,39,1,0,0,-1,NA,6,27054809,NA,0,White,0,0
24,1,39,1,1,0,-1,NA,1,28260817,40,0,White,1,0
23,2,39,1,1,0,-1,NA,1,28883027,40,1,White,1,0
22,1,40,2,0,1,1,College,1,42442533,40,0,Black,1,1
23,1,43,2,0,1,1,College,7,42442533,NA,0,Black,0,1
24,1,43,2,0,1,2,College,1,42442533,36,0,Black,1,1
19,1,38,1,0,1,1,High school,1,33093910,30,0,White,1,0
19,2,39,1,1,1,2,College,4,32002030,NA,1,White,0,1
20,1,39,1,1,0,-1,NA,1,18513809,40,0,White,1,0
21,1,40,1,0,1,1,College,1,9184742,NA,0,White,1,1
24,2,40,1,0,0,-1,NA,1,11224054,40,1,White,1,0
18,1,40,1,0,1,1,College,7,4239483,NA,0,White,0,1
18,1,39,2,0,1,1,College,7,7669642,NA,0,Black,0,1
21,1,40,2,0,1,1,College,7,5699765,NA,0,Black,0,1
24,1,43,1,0,0,-1,NA,1,5533170,40,0,White,1,0
21,2,39,2,0,0,-1,NA,4,8406666,NA,1,Black,0,0
19,2,37,2,0,1,1,High school,7,6069504,NA,1,Black,0,0
22,1,39,4,0,1,1,College,7,3077547,NA,0,Asian,0,1
19,1,39,1,0,1,1,College,1,4114426,15,0,White,1,1
23,1,43,1,0,0,-1,NA,1,45718264,37,0,White,1,0
23,2,43,1,0,0,-1,NA,1,38181795,38,1,White,1,0
19,1,43,1,0,0,-1,NA,1,47208982,40,0,White,1,0
19,2,36,1,0,1,1,High school,7,42328898,NA,1,White,0,0
23,2,43,1,0,0,-1,NA,1,24442414,40,1,White,1,0
24,1,43,1,0,0,-1,NA,1,22877173,40,0,White,1,0
19,2,39,2,0,1,1,College,1,25040699,20,1,Black,1,1
18,2,40,2,0,1,1,College,7,36756636,NA,1,Black,0,1
18,1,40,1,0,1,1,College,1,31745412,40,0,White,1,1
23,2,40,2,0,1,2,College,1,28241255,24,1,Black,1,1
23,1,41,2,0,0,-1,NA,1,17770537,40,0,Black,1,0
24,2,40,2,0,1,1,College,1,28241255,25,1,Black,1,1
22,2,43,1,0,0,-1,NA,1,18971407,35,1,White,1,0
18,2,39,1,0,0,-1,NA,4,18763454,NA,1,White,0,0
21,1,39,1,0,0,-1,NA,1,19178530,40,0,White,1,0
21,1,40,2,0,0,-1,NA,1,21631519,25,0,Black,1,0
19,1,39,2,0,0,-1,NA,1,27055085,29,0,Black,1,0
18,2,40,2,0,1,1,College,7,23415148,NA,1,Black,0,1
21,2,40,1,0,1,2,College,1,37434639,NA,1,White,1,1
19,2,40,1,0,1,1,College,1,32746911,NA,1,White,1,1
18,1,39,1,0,0,-1,NA,1,33308831,40,0,White,1,0
23,1,39,2,0,0,-1,NA,7,29112979,NA,0,Black,0,0
19,1,39,2,0,0,-1,NA,1,23126805,29,0,Black,1,0
22,1,39,1,0,0,-1,NA,1,21314531,40,0,White,1,0
21,2,39,1,0,1,1,College,7,24430452,NA,1,White,0,1
23,2,44,1,0,0,-1,NA,1,22561817,40,1,White,1,0
20,1,40,1,0,1,1,College,7,18928612,NA,0,White,0,1
22,2,40,1,0,1,1,College,1,22561817,15,1,White,1,1
22,2,43,1,0,0,-1,NA,1,14823863,25,1,White,1,0
18,2,36,1,0,0,-1,NA,6,18795540,NA,1,White,0,0
21,1,41,1,0,0,-1,NA,1,19752105,35,0,White,1,0
23,2,39,2,0,1,1,High school,7,29141400,NA,1,Black,0,0
18,1,37,1,0,1,1,High school,1,14475677,30,0,White,1,0
18,1,40,1,0,1,1,College,7,11335178,NA,0,White,0,1
20,2,40,1,0,1,1,College,1,13322889,15,1,White,1,1
19,1,35,1,0,1,1,High school,7,52009459,NA,0,White,0,0
24,1,43,1,0,0,-1,NA,1,17640687,40,0,White,1,0
18,1,39,1,0,1,1,College,7,43619731,NA,0,White,0,1
24,2,43,1,0,0,-1,NA,1,35398012,38,1,White,1,0
19,1,41,1,0,1,1,College,1,32369227,15,0,White,1,1
23,1,43,1,1,0,-1,NA,1,35650339,40,0,White,1,0
19,2,40,1,0,1,1,College,7,40017146,NA,1,White,0,1
21,1,39,1,0,0,-1,NA,4,40446932,NA,0,White,0,0
19,1,39,1,0,0,-1,NA,7,4226119,NA,0,White,0,0
23,1,40,1,0,1,1,College,1,6609468,24,0,White,1,1
24,2,40,1,0,0,-1,NA,1,7074298,40,1,White,1,0
22,1,39,1,0,1,1,College,7,11452425,NA,0,White,0,1
19,2,39,1,0,1,1,College,7,8869127,NA,1,White,0,1
22,1,39,1,0,0,-1,NA,1,9656112,NA,0,White,1,0
24,1,39,1,0,0,-1,NA,7,10928078,NA,0,White,0,0
22,1,40,1,0,1,1,College,7,9696041,NA,0,White,0,1
20,1,39,1,0,0,-1,NA,7,9696041,NA,0,White,0,0
20,1,39,1,0,1,2,College,1,8198760,25,0,White,1,1
21,1,39,1,0,0,-1,NA,1,12087810,NA,0,White,1,0
24,2,40,1,0,0,-1,NA,7,7436034,NA,1,White,0,0
23,1,40,1,0,0,-1,NA,1,7257651,40,0,White,1,0
23,2,39,1,0,0,-1,NA,1,6722604,40,1,White,1,0
19,1,37,1,0,1,2,High school,1,6544864,20,0,White,1,0
24,2,39,4,0,0,-1,NA,1,5018674,40,1,Asian,1,0
18,1,40,1,1,1,1,College,7,6313811,NA,0,White,0,1
23,2,39,1,1,0,-1,NA,1,55361849,40,1,White,1,0
20,2,40,1,1,0,-1,NA,7,44268613,NA,1,White,0,0
22,2,39,1,0,0,-1,NA,1,57009347,35,1,White,1,0
18,2,36,6,1,0,-1,NA,7,49564300,NA,1,Other,0,0
19,2,40,1,1,1,2,College,1,56645134,25,1,White,1,1
19,1,39,3,0,1,1,High school,7,50769726,NA,0,Other,0,0
23,1,39,3,0,0,-1,NA,1,55288020,40,0,Other,1,0
24,2,39,3,0,0,-1,NA,1,58436073,40,1,Other,1,0
21,2,39,3,0,0,-1,NA,7,58436073,NA,1,Other,0,0
18,1,39,1,1,1,1,College,7,45411640,NA,0,White,0,1
21,1,40,1,1,1,1,College,1,40646804,20,0,White,1,1
24,2,43,1,0,1,1,College,1,19592873,20,1,White,1,1
21,1,39,1,0,0,-1,NA,1,12135431,40,0,White,1,0
21,2,39,1,0,0,-1,NA,1,13553205,27,1,White,1,0
22,2,41,1,0,0,-1,NA,1,22859573,24,1,White,1,0
18,2,37,1,0,1,1,High school,7,27715671,NA,1,White,0,0
20,1,40,1,0,1,1,College,1,22630072,NA,0,White,1,1
21,1,40,1,0,1,1,College,7,22630072,NA,0,White,0,1
19,2,40,8,0,1,1,College,1,26878159,NA,1,Other,1,1
20,1,40,2,0,1,1,College,1,25620126,NA,0,Black,1,1
23,2,43,1,0,0,-1,NA,1,19539123,40,1,White,1,0
24,1,35,1,1,0,-1,NA,1,15002985,40,0,White,1,0
18,2,39,1,0,0,-1,NA,7,20223765,NA,1,White,0,0
23,2,40,1,0,0,-1,NA,7,20801829,NA,1,White,0,0
21,2,39,1,0,0,-1,NA,1,19592873,40,1,White,1,0
23,2,43,1,0,1,1,College,1,13553205,12,1,White,1,1
24,2,44,4,0,0,-1,NA,1,50814631,40,1,Asian,1,0
19,2,40,1,1,1,1,College,7,44440075,NA,1,White,0,1
20,1,39,4,0,1,1,College,7,42868645,NA,0,Asian,0,1
20,2,39,4,0,1,1,College,7,32299519,NA,1,Asian,0,1
22,2,39,1,0,0,-1,NA,7,60148786,NA,1,White,0,0
22,2,43,1,1,0,-1,NA,4,44951515,NA,1,White,0,0
21,1,41,1,1,0,-1,NA,4,38835668,NA,0,White,0,0
19,2,43,1,1,0,-1,NA,4,50652809,NA,1,White,0,0
22,1,43,1,1,0,-1,NA,4,38835668,NA,0,White,0,0
19,2,40,1,0,1,1,College,7,41659212,NA,1,White,0,1
18,1,39,1,0,0,-1,NA,1,47224137,20,0,White,1,0
24,2,40,1,1,0,-1,NA,1,44951515,40,1,White,1,0
24,1,36,1,1,0,-1,NA,1,38835668,35,0,White,1,0
23,1,43,1,1,1,1,College,7,51728181,NA,0,White,0,1
20,1,40,1,1,1,1,College,1,51728181,30,0,White,1,1
23,2,41,1,0,1,2,College,1,49486281,40,1,White,1,1
24,2,45,1,1,1,2,College,1,46710530,40,1,White,1,1
23,1,41,1,1,0,-1,NA,1,40355361,42,0,White,1,0
20,2,39,3,0,0,-1,NA,7,86831182,NA,1,Other,0,0
22,2,40,1,0,1,1,College,1,50230951,30,1,White,1,1
21,2,40,1,0,0,-1,NA,1,51071576,40,1,White,1,0
18,2,39,1,0,0,-1,NA,7,64754908,NA,1,White,0,0
22,1,39,1,1,0,-1,NA,1,44390074,40,0,White,1,0
21,2,39,1,1,0,-1,NA,1,49909174,25,1,White,1,0
24,1,40,4,0,1,1,College,7,28455155,NA,0,Asian,0,1
22,2,40,4,0,1,1,College,7,40769144,NA,1,Asian,0,1
20,1,40,6,0,0,-1,NA,1,73415451,15,0,Other,1,0
22,2,43,6,0,1,1,College,1,49045540,12,1,Other,1,1
22,2,40,4,0,1,1,College,4,37919330,NA,1,Asian,0,1
21,2,40,1,1,1,1,College,1,47303695,25,1,White,1,1
24,1,43,1,1,0,-1,NA,1,39951285,48,0,White,1,0
24,2,39,1,1,0,-1,NA,1,48805279,40,1,White,1,0
23,2,43,1,1,0,-1,NA,1,48805279,40,1,White,1,0
20,2,39,1,0,0,-1,NA,1,51753568,25,1,White,1,0
21,2,42,6,0,1,1,College,1,47960747,NA,1,Other,1,1
22,2,42,8,0,0,-1,NA,7,51238628,NA,1,Other,0,0
18,2,39,1,1,0,-1,NA,6,58324126,NA,1,White,0,0
18,2,40,2,1,1,1,College,1,31097439,20,1,Black,1,1
21,1,40,2,1,0,-1,NA,1,45765417,20,0,Black,1,0
21,2,40,1,1,1,1,College,7,50222441,NA,1,White,0,1
24,1,43,1,0,0,-1,NA,1,54265691,40,0,White,1,0
23,1,42,1,1,0,-1,NA,7,43375759,NA,0,White,0,0
20,2,42,1,1,1,2,College,1,52988683,20,1,White,1,1
18,1,39,1,0,1,1,College,7,59442712,NA,0,White,0,1
21,1,39,1,0,1,1,College,7,55493092,NA,0,White,0,1
20,2,39,1,1,1,2,College,6,52988683,NA,1,White,0,1
23,1,40,2,1,1,2,College,1,58822826,30,0,Black,1,1
20,1,40,4,0,1,1,College,1,30210903,24,0,Asian,1,1
22,2,40,1,0,1,1,College,1,59755951,15,1,White,1,1
20,1,40,1,0,0,-1,NA,1,49021071,40,0,White,1,0
23,1,43,1,1,0,-1,NA,1,38582030,40,0,White,1,0
24,2,39,1,1,0,-1,NA,1,62350460,40,1,White,1,0
21,1,39,1,1,1,1,College,7,54159780,NA,0,White,0,1
22,2,43,1,0,1,2,College,1,46548590,20,1,White,1,1
23,2,42,1,0,1,1,College,1,50601346,20,1,White,1,1
18,2,37,1,0,1,1,High school,7,49195178,NA,1,White,0,0
19,1,40,1,0,1,1,College,7,41965155,NA,0,White,0,1
22,2,40,1,0,1,1,College,7,50601346,NA,1,White,0,1
18,2,40,4,0,1,1,College,7,30568663,NA,1,Asian,0,1
19,1,40,7,1,1,1,College,7,61551033,NA,0,Other,0,1
21,2,39,1,1,0,-1,NA,1,51408002,40,1,White,1,0
24,1,43,1,1,0,-1,NA,1,41264681,40,0,White,1,0
19,2,40,1,1,1,1,College,7,52907463,NA,1,White,0,1
21,1,39,1,1,0,-1,NA,7,39639309,NA,0,White,0,0
20,1,40,1,1,1,1,College,7,39639309,NA,0,White,0,1
20,1,38,1,1,1,1,High school,7,41285144,NA,0,White,0,0
22,2,41,1,1,1,2,College,1,41204443,40,1,White,1,1
19,1,40,1,1,1,2,College,1,49190539,16,0,White,1,1
21,2,38,1,1,0,-1,NA,6,41204443,NA,1,White,0,0
23,2,40,4,0,1,1,College,1,49519908,30,1,Asian,1,1
22,1,39,1,1,0,-1,NA,1,39639309,40,0,White,1,0
21,1,40,8,0,0,-1,NA,4,64847617,NA,0,Other,0,0
19,1,41,1,0,1,1,College,7,47754877,NA,0,White,0,1
19,2,40,1,1,1,1,College,7,47709053,NA,1,White,0,1
23,2,40,1,1,1,1,College,7,46600851,NA,1,White,0,1
24,2,41,1,1,0,-1,NA,1,46600851,30,1,White,1,0
19,1,39,1,1,1,1,College,1,42227795,30,0,White,1,1
18,1,39,1,1,1,1,College,1,46238974,24,0,White,1,1
23,1,40,4,0,1,1,College,1,32193985,20,0,Asian,1,1
21,2,40,1,0,1,1,College,3,45605736,NA,1,White,0,1
20,2,39,4,0,0,-1,NA,4,34092098,NA,1,Asian,0,0
23,2,43,8,0,0,-1,NA,1,57001474,40,1,Other,1,0
21,2,40,8,0,1,1,College,1,57001474,20,1,Other,1,1
24,1,43,1,0,0,-1,NA,1,49055016,40,0,White,1,0
20,1,40,4,0,1,1,College,1,45247796,24,0,Asian,1,1
20,1,40,4,0,1,1,College,7,45247796,NA,0,Asian,0,1
20,1,40,4,0,1,1,College,7,45247796,NA,0,Asian,0,1
24,1,39,7,1,0,-1,NA,1,63362058,20,0,Other,1,0
24,2,39,1,1,0,-1,NA,1,61881444,25,1,White,1,0
24,2,43,1,0,0,-1,NA,1,61951941,40,1,White,1,0
23,2,39,4,0,0,-1,NA,1,44750878,40,1,Asian,1,0
20,1,40,1,1,1,1,College,4,43225844,NA,0,White,0,1
24,2,39,1,0,0,-1,NA,1,49871251,40,1,White,1,0
24,1,43,4,0,0,-1,NA,1,49277677,40,0,Asian,1,0
23,2,40,4,0,1,2,College,7,33405303,NA,1,Asian,0,1
24,2,44,11,0,0,-1,NA,1,54862631,40,1,Other,1,0
21,2,40,4,0,1,1,College,1,59239807,20,1,Asian,1,1
18,1,37,4,0,1,1,High school,7,35430500,NA,0,Asian,0,0
18,2,40,1,1,1,1,College,1,68549702,20,1,White,1,1
20,2,39,1,1,0,-1,NA,7,44657935,NA,1,White,0,0
22,1,37,1,1,0,-1,NA,1,38582030,45,0,White,1,0
24,1,38,1,1,0,-1,NA,4,37013496,NA,0,White,0,0
22,2,40,1,0,0,-1,NA,1,54893493,10,1,White,1,0
19,1,39,1,0,0,-1,NA,4,43580637,NA,0,White,0,0
20,1,40,1,1,0,-1,NA,4,39294375,NA,0,White,0,0
24,1,40,4,0,1,1,College,1,45271138,15,0,Asian,1,1
20,2,40,4,0,1,1,College,1,58172140,15,1,Asian,1,1
20,1,40,1,0,0,-1,NA,2,39689131,NA,0,White,1,0
24,2,35,1,1,0,-1,NA,1,46485940,36,1,White,1,0
19,1,39,1,0,0,-1,NA,1,43580637,30,0,White,1,0
18,1,37,1,0,1,1,High school,1,47720321,20,0,White,1,0
22,2,39,4,0,0,-1,NA,1,52091753,30,1,Asian,1,0
19,2,39,4,0,0,-1,NA,1,61407146,40,1,Asian,1,0
22,2,40,6,0,1,1,College,7,8926023,NA,1,Other,0,1
20,2,40,4,0,1,1,College,1,9388455,30,1,Asian,1,1
18,2,40,4,0,1,1,College,7,7493370,NA,1,Asian,0,1
18,1,37,1,1,1,1,High school,7,10527491,NA,0,White,0,0
20,1,40,1,0,1,1,College,1,10904292,10,0,White,1,1
20,1,40,1,0,1,1,College,1,10904292,6,0,White,1,1
20,1,40,1,0,1,1,College,1,10904292,10,0,White,1,1
21,1,40,1,0,1,1,College,7,10904292,NA,0,White,0,1
23,1,40,1,0,0,-1,NA,1,9883876,40,0,White,1,0
23,1,43,1,0,0,-1,NA,1,9883876,40,0,White,1,0
22,1,40,1,1,0,-1,NA,1,7412834,40,0,White,1,0
21,2,42,1,1,0,-1,NA,1,10319947,40,1,White,1,0
21,2,40,1,0,0,-1,NA,1,10919639,40,1,White,1,0
22,1,39,1,0,0,-1,NA,1,13923635,33,0,White,1,0
23,1,40,1,1,1,2,College,1,12525125,40,0,White,1,1
20,1,39,1,1,0,-1,NA,1,12525125,40,0,White,1,0
22,1,39,1,0,0,-1,NA,1,9719514,40,0,White,1,0
22,1,39,7,0,0,-1,NA,4,10847407,NA,0,Other,0,0
20,2,40,1,0,1,1,College,1,10881651,25,1,White,1,1
21,2,41,2,1,0,-1,NA,1,10913005,40,1,Black,1,0
22,2,39,1,0,0,-1,NA,1,48133566,40,1,White,1,0
20,2,40,1,0,1,1,College,1,48538464,13,1,White,1,1
22,1,42,1,1,0,-1,NA,1,33958470,40,0,White,1,0
18,1,39,1,1,0,-1,NA,1,40082142,30,0,White,1,0
22,2,39,1,1,0,-1,NA,1,43714283,35,1,White,1,0
20,1,39,1,1,0,-1,NA,6,30525828,NA,0,White,0,0
21,2,35,1,1,0,-1,NA,1,43714283,40,1,White,1,0
23,1,33,1,1,0,-1,NA,1,30525828,40,0,White,1,0
23,1,33,1,1,0,-1,NA,1,30525828,40,0,White,1,0
21,2,40,4,0,1,1,College,1,50367974,20,1,Asian,1,1
20,1,39,2,0,1,1,College,7,88978343,NA,0,Black,0,1
18,1,39,1,1,0,-1,NA,1,49530298,NA,0,White,1,0
23,1,43,1,0,0,-1,NA,4,58456764,NA,0,White,0,0
20,1,40,1,0,1,1,College,7,58456764,NA,0,White,0,1
24,1,39,1,1,0,-1,NA,6,37428606,NA,0,White,0,0
19,2,39,2,0,0,-1,NA,4,124733170,NA,1,Black,0,0
18,1,39,1,1,1,1,College,1,54208648,NA,0,White,1,1
20,1,39,1,1,0,-1,NA,1,37428606,20,0,White,1,0
18,1,39,1,1,0,-1,NA,1,44563680,20,0,White,1,0
22,1,40,1,0,1,1,College,7,48430978,NA,0,White,0,1
19,2,40,4,0,1,1,College,1,47768031,4,1,Asian,1,1
22,2,43,1,0,1,1,College,1,50635833,40,1,White,1,1
22,2,43,1,0,0,-1,NA,1,50635833,40,1,White,1,0
19,2,40,1,0,1,1,College,7,53454633,NA,1,White,0,1
19,2,40,1,0,1,1,College,7,53454633,NA,1,White,0,1
20,2,40,1,0,1,1,College,7,53640944,NA,1,White,0,1
18,1,40,1,0,1,1,College,1,37071523,30,0,White,1,1
20,1,39,1,0,0,-1,NA,6,44137582,NA,0,White,0,0
19,1,39,1,0,1,1,College,7,40412595,NA,0,White,0,1
18,2,37,1,0,1,1,High school,1,44967943,10,1,White,1,0
20,2,40,1,1,1,1,College,7,46411553,NA,1,White,0,1
21,1,39,1,0,0,-1,NA,7,45478667,NA,0,White,0,0
22,1,40,1,0,0,-1,NA,1,45478667,40,0,White,1,0
21,2,40,2,0,1,1,College,1,97788476,25,1,Black,1,1
19,2,40,1,0,1,1,College,1,42957796,20,1,White,1,1
19,2,37,2,1,1,1,High school,7,84073109,NA,1,Black,0,0
23,2,43,1,0,0,-1,NA,1,54347422,40,1,White,1,0
19,1,40,1,0,1,1,College,7,37949078,NA,0,White,0,1
24,1,43,1,0,0,-1,NA,1,45346922,15,0,White,1,0
23,1,43,1,0,0,-1,NA,1,45346922,40,0,White,1,0
22,1,39,1,1,0,-1,NA,1,40147173,40,0,White,1,0
21,1,40,4,0,1,1,College,7,32423783,NA,0,Asian,0,1
20,1,40,4,0,1,1,College,7,32423783,NA,0,Asian,0,1
19,1,39,2,0,0,-1,NA,1,87238739,12,0,Black,1,0
18,2,37,4,0,0,-1,NA,7,36273433,NA,1,Asian,0,0
20,2,39,1,1,1,1,College,7,52566609,NA,1,White,0,1
20,1,39,1,1,0,-1,NA,1,34366039,20,0,White,1,0
18,1,39,1,1,0,-1,NA,7,40563208,NA,0,White,0,0
22,1,39,1,1,0,-1,NA,1,34366039,40,0,White,1,0
23,1,39,1,1,0,-1,NA,1,34366039,40,0,White,1,0
21,2,42,1,0,1,1,College,1,48021603,45,1,White,1,1
20,1,40,1,0,1,1,College,1,33620290,NA,0,White,1,1
21,1,41,1,0,0,-1,NA,1,33620290,40,0,White,1,0
23,2,42,1,0,0,-1,NA,1,25247975,40,1,White,1,0
18,2,37,2,0,1,2,High school,1,40609194,40,1,Black,1,0
18,1,37,1,0,1,1,High school,7,30881047,NA,0,White,0,0
19,1,40,1,0,0,-1,NA,7,23439249,NA,0,White,0,0
19,2,39,1,0,0,-1,NA,1,29781553,35,1,White,1,0
21,2,39,1,0,0,-1,NA,1,33818043,70,1,White,1,0
24,1,43,1,0,0,-1,NA,1,33427389,40,0,White,1,0
23,1,43,1,0,0,-1,NA,1,33427389,40,0,White,1,0
24,2,43,1,0,0,-1,NA,1,28492641,40,1,White,1,0
18,1,38,1,0,1,1,High school,1,24513270,9,0,White,1,0
19,2,39,1,0,1,1,College,4,32523888,NA,1,White,0,1
22,1,39,1,0,0,-1,NA,6,35507886,NA,0,White,0,0
24,2,42,1,0,0,-1,NA,1,28641226,44,1,White,1,0
24,1,43,1,0,0,-1,NA,1,33601709,40,0,White,1,0
20,1,39,1,0,0,-1,NA,1,37497279,40,0,White,1,0
19,1,40,1,1,1,1,College,7,27301574,NA,0,White,0,1
22,1,39,1,0,0,-1,NA,1,33427389,NA,0,White,1,0
23,2,39,1,0,0,-1,NA,7,28492641,NA,1,White,0,0
23,1,43,1,0,0,-1,NA,1,28829183,50,0,White,1,0
19,2,39,1,1,0,-1,NA,1,23876352,NA,1,White,1,0
23,1,39,1,1,0,-1,NA,1,27048154,65,0,White,1,0
23,2,39,1,0,0,-1,NA,7,27142973,NA,1,White,0,0
20,2,41,1,0,0,-1,NA,1,30936738,35,1,White,1,0
22,2,39,1,0,0,-1,NA,1,23935679,20,1,White,1,0
23,2,39,1,1,0,-1,NA,1,19506201,25,1,White,1,0
21,1,39,1,1,0,-1,NA,1,18503686,40,0,White,1,0
20,1,38,1,1,0,-1,NA,1,18503686,40,0,White,1,0
18,1,37,1,1,1,1,High school,1,22031073,15,0,White,1,0
20,1,40,1,0,1,1,College,7,26702631,NA,0,White,0,1
24,2,39,1,0,0,-1,NA,1,28569682,40,1,White,1,0
19,1,39,1,0,0,-1,NA,1,15758338,35,0,White,1,0
20,2,40,1,0,1,1,College,1,23957888,10,1,White,1,1
20,2,40,1,0,1,1,College,2,23957888,8,1,White,1,1
20,2,40,1,0,1,1,College,1,23957888,15,1,White,1,1
21,2,40,1,0,1,1,College,1,23957888,10,1,White,1,1
21,2,39,4,0,0,-1,NA,7,25653127,NA,1,Asian,0,0
24,1,39,4,0,0,-1,NA,1,16871975,48,0,Asian,1,0
19,2,42,1,0,1,1,College,1,61497740,10,1,White,1,1
21,2,40,1,0,1,1,College,7,53192806,NA,1,White,0,1
19,2,40,1,0,1,1,College,7,60685166,NA,1,White,0,1
23,2,39,1,0,0,-1,NA,1,67638204,40,1,White,1,0
24,1,31,1,0,0,-1,NA,6,55216876,NA,0,White,0,0
21,1,39,1,1,0,-1,NA,1,51204323,40,0,White,1,0
19,1,39,1,0,1,1,College,7,48607946,NA,0,White,0,1
22,2,43,1,0,0,-1,NA,1,54528903,30,1,White,1,0
24,2,43,1,0,0,-1,NA,1,56474923,40,1,White,1,0
19,1,40,1,0,1,1,College,7,49771184,NA,0,White,0,1
21,1,43,1,0,1,1,College,7,58919825,NA,0,White,0,1
18,2,39,1,0,0,-1,NA,1,62064462,30,1,White,1,0
20,1,39,2,0,0,-1,NA,1,37226554,40,0,Black,1,0
19,2,40,2,0,1,1,College,1,68103099,20,1,Black,1,1
20,2,39,1,0,0,-1,NA,7,49626552,NA,1,White,0,0
24,1,43,1,0,0,-1,NA,1,61179735,45,0,White,1,0
19,2,39,1,0,1,1,College,7,67238544,NA,1,White,0,1
23,1,39,2,0,0,-1,NA,7,32893672,NA,0,Black,0,0
19,2,39,2,0,0,-1,NA,1,60176428,40,1,Black,1,0
24,1,43,1,0,0,-1,NA,1,58919825,40,0,White,1,0
21,1,39,1,0,0,-1,NA,1,64954663,70,0,White,1,0
22,1,39,1,0,0,-1,NA,7,64954663,NA,0,White,0,0
24,1,40,2,0,1,2,College,1,59648367,16,0,Black,1,1
23,2,43,2,0,0,-1,NA,1,50520522,40,1,Black,1,0
20,1,40,2,0,1,1,College,4,59648367,NA,0,Black,0,1
19,1,38,2,0,1,1,High school,7,41018049,NA,0,Black,0,0
21,2,40,3,0,0,-1,NA,1,80258640,40,1,Other,1,0
20,2,39,1,0,0,-1,NA,1,44486137,40,1,White,1,0
21,2,39,1,0,0,-1,NA,1,44486137,40,1,White,1,0
23,1,39,1,1,0,-1,NA,1,31932204,50,0,White,1,0
23,2,43,1,0,0,-1,NA,1,44486137,40,1,White,1,0
20,1,40,4,0,1,1,College,1,39830729,10,0,Asian,1,1
18,2,38,1,0,1,1,High school,1,56405068,10,1,White,1,0
24,2,40,1,0,1,2,College,1,41903898,32,1,White,1,1
18,1,39,1,0,1,1,High school,1,36480482,4,0,White,1,0
23,2,39,1,0,0,-1,NA,1,43144268,20,1,White,1,0
18,2,39,1,0,1,1,College,7,68108654,NA,1,White,0,1
20,2,40,1,1,1,1,College,1,50103326,12,1,White,1,1
23,2,43,1,0,0,-1,NA,1,44660587,40,1,White,1,0
22,1,41,1,0,0,-1,NA,1,50979322,40,0,White,1,0
22,1,39,1,0,0,-1,NA,1,41424551,40,0,White,1,0
22,1,39,1,0,0,-1,NA,4,39240296,NA,0,White,0,0
22,2,39,1,0,0,-1,NA,1,40921878,40,1,White,1,0
23,1,43,1,0,0,-1,NA,1,41945073,40,0,White,1,0
23,1,43,1,0,0,-1,NA,1,41945073,40,0,White,1,0
19,1,40,8,0,1,1,College,1,46725535,40,0,Other,1,1
22,1,41,1,0,0,-1,NA,1,42263535,40,0,White,1,0
20,1,40,1,0,1,1,College,1,53910418,15,0,White,1,1
20,1,40,7,0,1,1,College,1,46894178,12,0,Other,1,1
20,1,39,2,0,0,-1,NA,1,48171694,25,0,Black,1,0
24,2,39,2,0,0,-1,NA,1,43800341,30,1,Black,1,0
19,1,36,3,0,0,-1,NA,1,11764386,NA,0,Other,1,0
21,1,35,1,0,0,-1,NA,2,7332312,NA,0,White,1,0
18,1,39,1,0,0,-1,NA,1,6932162,20,0,White,1,0
20,2,40,1,0,1,1,College,1,9942849,18,1,White,1,1
20,2,40,1,0,1,1,College,7,9942849,NA,1,White,0,1
22,1,40,1,0,1,1,College,1,9586573,25,0,White,1,1
21,2,40,1,0,1,1,College,1,10234300,15,1,White,1,1
23,2,40,1,0,1,1,College,1,10234300,35,1,White,1,1
19,1,36,1,0,1,1,High school,7,6330805,NA,0,White,0,0
20,2,40,1,0,1,1,College,1,7426170,5,1,White,1,1
18,1,37,1,0,1,1,High school,1,10166956,4,0,White,1,0
21,1,40,1,0,1,2,College,1,9580054,18,0,White,1,1
24,1,40,1,0,0,-1,NA,7,9580054,NA,0,White,0,0
24,1,40,1,0,0,-1,NA,1,9580054,40,0,White,1,0
22,2,39,1,0,0,-1,NA,4,6647723,NA,1,White,0,0
24,1,39,1,0,0,-1,NA,1,6914340,38,0,White,1,0
21,2,39,1,0,0,-1,NA,1,6647723,35,1,White,1,0
21,1,39,1,0,0,-1,NA,1,6914340,40,0,White,1,0
23,1,36,1,0,1,1,High school,7,9567010,NA,0,White,0,0
18,2,40,1,0,0,-1,NA,1,9929594,16,1,White,1,0
21,1,39,1,0,0,-1,NA,1,11543125,NA,0,White,1,0
24,1,43,1,0,0,-1,NA,1,20700985,40,0,White,1,0
23,2,43,1,0,0,-1,NA,1,17537825,40,1,White,1,0
20,2,39,1,1,0,-1,NA,7,14847918,NA,1,White,0,0
18,2,39,1,1,1,2,College,4,18594672,NA,1,White,0,1
19,1,39,1,1,1,1,High school,1,13347684,7,0,White,1,0
21,2,40,1,0,1,1,College,1,14261790,NA,1,White,1,1
22,2,40,1,0,1,1,College,7,14261790,NA,1,White,0,1
21,2,40,1,0,1,1,College,7,14261790,NA,1,White,0,1
21,1,39,1,0,0,-1,NA,1,14157549,NA,0,White,1,0
20,1,39,1,0,0,-1,NA,1,20339700,40,0,White,1,0
23,1,43,4,0,0,-1,NA,1,9118421,40,0,Asian,1,0
19,1,39,1,0,0,-1,NA,1,13157700,40,0,White,1,0
21,2,40,1,1,1,1,College,1,13290872,20,1,White,1,1
22,2,39,1,1,1,1,College,7,12639360,NA,1,White,0,1
22,2,43,1,0,0,-1,NA,2,12766209,NA,1,White,1,0
22,1,40,4,0,1,2,College,1,29332264,35,0,Asian,1,1
20,1,37,1,1,1,1,High school,7,28487425,NA,0,White,0,0
20,1,39,2,0,0,-1,NA,1,23590165,35,0,Black,1,0
24,1,43,4,0,1,1,College,7,31403148,NA,0,Asian,0,1
20,2,40,4,0,1,1,College,7,21744503,NA,1,Asian,0,1
21,2,42,1,1,0,-1,NA,1,25342376,40,1,White,1,0
22,1,39,1,0,0,-1,NA,1,20761721,20,0,White,1,0
19,1,39,3,0,0,-1,NA,7,20025929,NA,0,Other,0,0
19,1,39,3,0,0,-1,NA,4,20759579,NA,0,Other,0,0
21,2,39,1,1,0,-1,NA,1,16061594,35,1,White,1,0
20,2,39,1,1,1,1,College,1,16061594,12,1,White,1,1
18,1,39,1,1,0,-1,NA,4,18167367,NA,0,White,0,0
19,1,39,1,1,1,1,College,7,11929755,NA,0,White,0,1
24,2,40,1,1,1,1,College,7,14129091,NA,1,White,0,1
22,2,40,3,0,1,1,College,7,29791723,NA,1,Other,0,1
22,2,36,1,0,0,-1,NA,1,13748629,20,1,White,1,0
19,2,36,1,0,0,-1,NA,1,12169972,12,1,White,1,0
20,1,39,3,0,0,-1,NA,7,9584335,NA,0,Other,0,0
22,2,40,4,0,1,1,College,7,6113819,NA,1,Asian,0,1
23,2,40,1,0,1,1,College,1,6751813,25,1,White,1,1
19,2,40,1,0,1,1,College,1,7282327,15,1,White,1,1
20,1,39,1,0,0,-1,NA,1,6031302,28,0,White,1,0
21,1,39,1,0,0,-1,NA,1,6411202,15,0,White,1,0
18,2,40,7,0,0,-1,NA,1,31263357,40,1,Other,1,0
23,1,36,1,1,0,-1,NA,6,26175235,NA,0,White,0,0
23,1,41,1,0,0,-1,NA,1,28641925,55,0,White,1,0
23,2,42,1,1,0,-1,NA,1,31641740,40,1,White,1,0
19,1,39,1,0,0,-1,NA,1,24425406,20,0,White,1,0
18,2,40,1,0,1,1,College,1,22214684,10,1,White,1,1
21,1,39,1,0,0,-1,NA,1,36114693,40,0,White,1,0
24,2,43,1,0,0,-1,NA,4,33147881,NA,1,White,0,0
23,2,43,1,0,1,1,College,1,7703879,10,1,White,1,1
22,2,43,1,0,0,-1,NA,1,7328228,40,1,White,1,0
22,1,39,1,0,0,-1,NA,1,7708495,40,0,White,1,0
21,2,39,1,0,0,-1,NA,1,7335251,40,1,White,1,0
18,2,37,1,1,1,1,High school,7,6560312,NA,1,White,0,0
24,2,39,1,1,0,-1,NA,7,55784989,NA,1,White,0,0
21,2,39,1,0,1,1,College,1,55938579,10,1,White,1,1
24,1,39,1,0,1,1,College,7,56507462,NA,0,White,0,1
24,2,39,1,0,1,1,College,7,55918372,NA,1,White,0,1
18,1,39,4,0,1,1,College,7,52718326,NA,0,Asian,0,1
21,2,40,4,0,1,1,College,7,39595594,NA,1,Asian,0,1
18,2,40,4,0,1,1,College,7,36065596,NA,1,Asian,0,1
20,1,40,1,1,0,-1,NA,1,60610934,48,0,White,1,0
22,2,43,2,0,1,2,College,1,80256321,40,1,Black,1,1
19,2,40,1,0,1,1,College,1,49624723,NA,1,White,1,1
23,2,44,1,0,0,-1,NA,1,52423056,40,1,White,1,0
20,2,39,1,0,1,1,College,1,58380144,20,1,White,1,1
20,1,40,1,0,1,2,College,1,47429859,30,0,White,1,1
20,2,40,1,0,1,1,College,1,46935403,40,1,White,1,1
23,1,40,1,1,0,-1,NA,1,60914454,40,0,White,1,0
24,1,39,4,0,0,-1,NA,6,42899819,NA,0,Asian,0,0
24,1,39,4,0,0,-1,NA,6,42899819,NA,0,Asian,0,0
21,1,39,1,1,0,-1,NA,1,50281734,40,0,White,1,0
23,1,39,1,1,0,-1,NA,4,50281734,NA,0,White,0,0
21,2,40,2,0,1,1,College,1,89582839,40,1,Black,1,1
20,1,39,2,0,0,-1,NA,7,79361970,NA,0,Black,0,0
23,1,39,2,0,0,-1,NA,7,79361970,NA,0,Black,0,0
19,1,40,1,0,1,1,College,7,62423804,NA,0,White,0,1
23,2,41,1,1,0,-1,NA,2,58929635,24,1,White,1,0
19,2,34,1,0,0,-1,NA,1,50565467,40,1,White,1,0
19,1,32,1,0,1,1,High school,7,45369591,NA,0,White,0,0
18,2,40,1,0,1,1,College,7,59002572,NA,1,White,0,1
22,2,39,1,1,0,-1,NA,1,51484904,40,1,White,1,0
23,1,43,4,0,1,1,College,7,38926572,NA,0,Asian,0,1
19,2,42,4,0,1,1,College,7,49318531,NA,1,Asian,0,1
21,1,43,4,0,1,1,College,7,38926572,NA,0,Asian,0,1
23,1,39,4,0,0,-1,NA,7,38926572,NA,0,Asian,0,0
20,1,39,4,0,0,-1,NA,7,38926572,NA,0,Asian,0,0
20,1,39,4,0,0,-1,NA,7,38926572,NA,0,Asian,0,0
21,2,40,1,0,1,1,College,7,54476692,NA,1,White,0,1
21,2,40,1,0,1,1,College,1,54476692,10,1,White,1,1
21,2,40,1,0,1,1,College,7,54476692,NA,1,White,0,1
22,2,40,1,0,1,1,College,1,54476692,8,1,White,1,1
22,2,43,1,0,0,-1,NA,1,58380144,33,1,White,1,0
24,1,43,1,0,0,-1,NA,1,55263706,40,0,White,1,0
24,1,43,1,0,1,1,College,7,52956187,NA,0,White,0,1
18,2,39,2,0,1,1,College,7,59594500,NA,1,Black,0,1
21,1,41,1,0,0,-1,NA,1,68301813,50,0,White,1,0
24,1,39,1,0,0,-1,NA,1,68301813,40,0,White,1,0
18,2,39,1,0,1,1,College,7,51434119,NA,1,White,0,1
20,2,42,1,0,1,1,College,7,54444571,NA,1,White,0,1
19,1,43,1,0,0,-1,NA,5,48008381,NA,0,White,0,0
24,2,39,1,1,0,-1,NA,1,63803729,40,1,White,1,0
22,2,40,1,1,1,1,College,1,63803729,40,1,White,1,1
20,1,39,1,1,0,-1,NA,4,57852652,NA,0,White,0,0
22,1,40,1,1,0,-1,NA,4,82902033,NA,0,White,0,0
21,2,40,2,0,1,1,College,1,70011804,15,1,Black,1,1
18,2,40,2,0,1,1,College,1,50547615,15,1,Black,1,1
20,2,40,1,0,1,2,College,1,20148667,25,1,White,1,1
22,2,40,1,0,0,-1,NA,1,20148667,10,1,White,1,0
24,1,39,1,0,0,-1,NA,1,23119972,40,0,White,1,0
23,2,40,1,0,0,-1,NA,1,24273134,40,1,White,1,0
18,2,40,1,0,1,1,College,1,26536161,25,1,White,1,1
19,1,39,1,0,0,-1,NA,7,18071617,NA,0,White,0,0
24,1,39,1,1,0,-1,NA,1,18281892,40,0,White,1,0
24,2,43,1,0,0,-1,NA,1,22621603,10,1,White,1,0
24,1,39,1,0,0,-1,NA,1,19761349,50,0,White,1,0
21,2,39,1,0,0,-1,NA,1,29261586,16,1,White,1,0
24,2,43,1,0,0,-1,NA,1,15771269,40,1,White,1,0
18,2,36,1,1,0,-1,NA,1,15123543,NA,1,White,1,0
23,2,42,1,0,1,1,College,2,17283975,45,1,White,1,1
20,1,39,1,0,0,-1,NA,7,23330696,NA,0,White,0,0
18,1,40,1,0,0,-1,NA,7,24624417,NA,0,White,0,0
22,1,40,1,1,0,-1,NA,7,24099331,NA,0,White,0,0
18,1,40,1,0,1,1,College,7,21004846,NA,0,White,0,1
19,1,39,2,0,0,-1,NA,7,17102200,NA,0,Black,0,0
23,2,42,1,0,0,-1,NA,1,32068220,8,1,White,1,0
19,1,40,1,0,0,-1,NA,1,21522715,40,0,White,1,0
24,1,39,1,0,0,-1,NA,1,24545758,20,0,White,1,0
21,1,39,1,0,0,-1,NA,1,23330696,40,0,White,1,0
18,1,37,1,0,1,1,High school,7,21004846,NA,0,White,0,0
21,2,40,1,0,1,1,College,7,21391216,NA,1,White,0,1
19,2,40,1,0,1,1,College,1,21237285,20,1,White,1,1
24,2,40,1,0,1,1,College,1,24277407,18,1,White,1,1
24,2,40,1,0,1,1,College,1,24277407,20,1,White,1,1
23,2,40,1,0,1,2,College,1,24277407,22,1,White,1,1
20,2,40,1,0,1,2,College,7,24277407,NA,1,White,0,1
18,2,40,1,0,1,1,College,7,23602759,NA,1,White,0,1
21,2,39,1,0,0,-1,NA,1,15397245,30,1,White,1,0
19,2,39,1,1,1,1,College,7,12867727,NA,1,White,0,1
23,2,40,1,0,1,1,College,1,24277407,25,1,White,1,1
24,1,39,1,1,0,-1,NA,7,21468632,NA,0,White,0,0
18,2,39,1,0,0,-1,NA,1,50006619,15,1,White,1,0
20,2,40,1,0,1,2,College,1,51275082,40,1,White,1,1
20,1,39,1,0,0,-1,NA,1,47641263,40,0,White,1,0
21,1,39,1,0,0,-1,NA,1,34447082,40,0,White,1,0
21,2,39,1,0,1,1,College,7,35007109,NA,1,White,0,1
18,1,36,1,0,1,2,High school,7,75148325,NA,0,White,0,0
22,2,37,2,0,0,-1,NA,1,149735770,20,1,Black,1,0
24,2,43,1,0,0,-1,NA,1,59106422,40,1,White,1,0
23,1,42,1,0,0,-1,NA,1,47431641,40,0,White,1,0
23,2,43,1,0,0,-1,NA,1,51049271,NA,1,White,1,0
21,2,39,1,0,0,-1,NA,1,51049271,NA,1,White,1,0
18,1,37,1,0,1,1,High school,7,52388786,NA,0,White,0,0
23,2,43,1,0,0,-1,NA,1,54200069,30,1,White,1,0
22,2,42,1,0,1,2,College,4,42844478,NA,1,White,0,1
23,2,43,1,0,1,1,College,1,42844478,20,1,White,1,1
21,2,43,1,0,0,-1,NA,4,48224470,NA,1,White,0,0
21,2,40,1,0,0,-1,NA,1,54849910,40,1,White,1,0
21,2,39,1,0,0,-1,NA,1,42844478,15,1,White,1,0
20,1,42,1,0,0,-1,NA,4,41307804,NA,0,White,0,0
24,2,39,1,0,0,-1,NA,1,50865410,40,1,White,1,0
24,1,43,1,0,0,-1,NA,2,42434349,40,0,White,1,0
24,2,43,2,0,1,2,College,1,114653392,40,1,Black,1,1
23,2,39,1,0,0,-1,NA,1,60063580,18,1,White,1,0
22,2,42,1,0,0,-1,NA,1,34280800,40,1,White,1,0
21,2,41,1,0,1,1,College,1,34280800,12,1,White,1,1
22,1,40,1,0,0,-1,NA,1,38203920,40,0,White,1,0
18,1,39,1,0,1,1,College,1,35337371,40,0,White,1,1
21,2,40,1,0,1,1,College,1,45228766,12,1,White,1,1
24,1,42,1,0,1,1,College,2,33778542,24,0,White,1,1
21,2,40,1,0,1,1,College,1,38184861,24,1,White,1,1
18,2,39,1,1,0,-1,NA,1,39831624,NA,1,White,1,0
18,1,39,1,1,0,-1,NA,4,38475012,NA,0,White,0,0
18,1,37,1,0,1,1,High school,1,44437376,40,0,White,1,0
21,1,40,1,0,1,1,College,7,48152933,NA,0,White,0,1
24,2,43,3,1,1,1,College,1,4910490,20,1,Other,1,1
23,1,40,1,1,0,-1,NA,1,3849233,30,0,White,1,0
20,1,39,1,1,0,-1,NA,1,3740592,40,0,White,1,0
20,2,38,4,0,0,-1,NA,6,3109806,NA,1,Asian,0,0
18,2,40,1,1,1,1,College,4,4450358,NA,1,White,0,1
24,1,43,1,0,0,-1,NA,1,5305387,40,0,White,1,0
22,1,42,1,0,0,-1,NA,1,4808529,20,0,White,1,0
21,1,39,1,0,0,-1,NA,2,5366734,NA,0,White,1,0
21,2,40,1,0,1,1,College,7,4181469,NA,1,White,0,1
19,1,39,4,0,1,1,College,7,43214599,NA,0,Asian,0,1
23,2,40,1,1,0,-1,NA,2,18096629,40,1,White,1,0
19,1,40,1,1,1,1,College,1,20158312,40,0,White,1,1
22,1,40,1,0,0,-1,NA,1,10910236,45,0,White,1,0
18,1,37,1,0,1,1,High school,7,19247315,NA,0,White,0,0
20,1,39,1,0,0,-1,NA,1,19530713,40,0,White,1,0
22,2,40,2,1,0,-1,NA,1,27736795,20,1,Black,1,0
19,2,39,1,1,0,-1,NA,1,12598589,25,1,White,1,0
18,1,39,1,1,1,1,College,1,19088432,15,0,White,1,1
22,1,39,4,0,0,-1,NA,1,8008902,40,0,Asian,1,0
23,2,40,5,0,0,-1,NA,1,11109487,24,1,Other,1,0
22,1,39,8,1,0,-1,NA,1,14198484,40,0,Other,1,0
22,2,39,15,0,0,-1,NA,1,15158064,20,1,Other,1,0
18,2,39,1,0,1,1,College,7,9303796,NA,1,White,0,1
24,1,39,1,0,0,-1,NA,1,9308948,40,0,White,1,0
23,1,39,1,0,0,-1,NA,1,12088380,8,0,White,1,0
24,2,43,1,0,0,-1,NA,1,9874388,15,1,White,1,0
24,1,43,1,0,0,-1,NA,1,11947674,50,0,White,1,0
18,1,39,1,0,1,1,College,7,24535577,NA,0,White,0,1
19,1,40,1,0,1,1,College,1,27083165,17,0,White,1,1
21,1,40,1,0,1,1,College,4,19005432,NA,0,White,0,1
19,1,40,1,0,1,1,College,4,15758338,NA,0,White,0,1
22,1,42,1,0,1,1,College,1,53910418,20,0,White,1,1
20,2,40,1,0,1,2,College,1,53084631,54,1,White,1,1
21,1,40,1,0,1,1,College,7,41659004,NA,0,White,0,1
21,1,40,1,0,1,1,College,7,41659004,NA,0,White,0,1
21,1,40,1,0,1,1,College,7,41659004,NA,0,White,0,1
20,1,40,4,0,1,1,College,7,29457306,NA,0,Asian,0,1
24,1,39,3,0,0,-1,NA,1,13754374,40,0,Other,1,0
18,1,39,1,0,1,1,College,1,9935380,8,0,White,1,1
19,1,39,1,0,0,-1,NA,7,7948699,NA,0,White,0,0
19,2,39,5,1,0,-1,NA,4,8015245,NA,1,Other,0,0
21,2,40,1,0,0,-1,NA,1,7257022,NA,1,White,1,0
22,2,38,1,0,0,-1,NA,7,6647723,NA,1,White,0,0
19,1,40,1,0,1,1,College,7,6713502,NA,0,White,0,1
23,1,39,1,0,0,-1,NA,1,14409023,40,0,White,1,0
23,2,39,1,1,0,-1,NA,1,14370889,40,1,White,1,0
18,1,37,1,0,1,1,High school,7,14787626,NA,0,White,0,0
22,1,41,1,0,0,-1,NA,1,11543125,30,0,White,1,0
21,1,42,1,1,0,-1,NA,1,10935297,40,0,White,1,0
22,2,43,1,0,0,-1,NA,1,16411624,40,1,White,1,0
24,2,41,1,0,0,-1,NA,1,12766209,40,1,White,1,0
21,1,39,1,1,0,-1,NA,7,13335598,NA,0,White,0,0
21,1,39,1,1,0,-1,NA,1,30243164,40,0,White,1,0
20,2,40,1,0,0,-1,NA,6,14646379,NA,1,White,0,0
22,1,37,1,1,0,-1,NA,1,15521470,20,0,White,1,0
23,1,42,1,1,1,1,College,1,15828258,20,0,White,1,1
21,1,39,1,1,0,-1,NA,1,15253632,40,0,White,1,0
20,1,40,1,1,1,1,College,7,16513950,NA,0,White,0,1
18,2,40,1,0,1,1,College,7,15959509,NA,1,White,0,1
18,2,38,1,0,1,1,High school,1,15959509,30,1,White,1,0
21,1,39,1,0,0,-1,NA,7,15752600,NA,0,White,0,0
24,2,42,1,1,0,-1,NA,1,16864397,10,1,White,1,0
19,2,39,1,0,0,-1,NA,1,8074956,40,1,White,1,0
20,1,40,1,0,1,1,College,1,7093324,NA,0,White,1,1
22,2,42,1,0,0,-1,NA,1,6701424,40,1,White,1,0
20,1,41,1,0,0,-1,NA,1,6260679,40,0,White,1,0
24,2,40,1,0,0,-1,NA,1,5882231,40,1,White,1,0
22,1,39,1,0,0,-1,NA,1,27855439,35,0,White,1,0
18,1,37,1,1,1,1,High school,1,28918431,20,0,White,1,0
19,1,40,2,0,1,1,College,1,53563009,24,0,Black,1,1
19,2,39,2,0,0,-1,NA,1,67237232,16,1,Black,1,0
22,1,39,1,0,0,-1,NA,7,31578150,NA,0,White,0,0
20,1,40,8,0,1,1,College,4,42362003,NA,0,Other,0,1
18,1,39,1,0,1,1,College,1,37299468,NA,0,White,1,1
20,1,40,1,0,1,1,College,1,6644331,4,0,White,1,1
18,1,40,1,0,1,1,College,7,7117229,NA,0,White,0,1
20,1,40,1,0,1,1,College,1,6950205,16,0,White,1,1
18,1,37,1,0,1,1,High school,7,39810601,NA,0,White,0,0
18,1,39,4,0,1,1,College,1,40281344,16,0,Asian,1,1
22,1,39,1,0,0,-1,NA,1,5566557,40,0,White,1,0
20,1,39,1,0,0,-1,NA,1,5566557,40,0,White,1,0
23,1,40,1,0,1,1,College,7,37592473,NA,0,White,0,1
20,1,40,1,0,1,1,College,7,37592473,NA,0,White,0,1
23,1,40,2,0,0,-1,NA,1,40979149,40,0,Black,1,0
21,2,39,2,0,1,2,College,1,26066178,40,1,Black,1,1
24,2,43,1,0,0,-1,NA,1,27470771,60,1,White,1,0
21,2,38,2,0,0,-1,NA,1,32517367,40,1,Black,1,0
22,2,40,1,0,1,1,College,7,26503308,NA,1,White,0,1
24,1,43,1,0,0,-1,NA,1,23180094,40,0,White,1,0
22,1,44,1,0,0,-1,NA,1,23180094,40,0,White,1,0
19,2,44,1,0,1,1,College,7,33681471,NA,1,White,0,1
20,1,40,1,0,0,-1,NA,1,20490085,40,0,White,1,0
24,1,39,1,0,0,-1,NA,4,20490085,NA,0,White,0,0
21,1,39,1,0,0,-1,NA,4,20490085,NA,0,White,0,0
20,2,40,1,0,1,1,College,7,38072287,NA,1,White,0,1
22,1,39,1,0,0,-1,NA,1,28636106,40,0,White,1,0
24,1,43,1,0,0,-1,NA,4,28636106,NA,0,White,0,0
21,2,39,1,1,1,1,College,1,38647712,25,1,White,1,1
22,2,42,1,1,1,1,College,1,38647712,25,1,White,1,1
22,2,39,1,1,1,1,College,1,38647712,30,1,White,1,1
18,1,39,1,0,0,-1,NA,4,25436399,NA,0,White,0,0
18,1,39,1,0,0,-1,NA,1,25436399,25,0,White,1,0
22,2,43,1,0,1,1,College,1,38072287,5,1,White,1,1
20,2,39,2,0,0,-1,NA,1,14620870,35,1,Black,1,0
23,1,42,2,0,1,1,College,7,8983074,NA,0,Black,0,1
19,1,39,1,1,1,1,College,1,9673796,25,0,White,1,1
20,2,40,1,0,1,1,College,7,7629248,NA,1,White,0,1
22,2,43,2,0,0,-1,NA,4,9671589,NA,1,Black,0,0
23,2,39,1,1,0,-1,NA,1,4432258,25,1,White,1,0
23,2,43,1,0,0,-1,NA,1,5417964,40,1,White,1,0
22,1,43,1,0,0,-1,NA,1,4870716,40,0,White,1,0
22,1,43,1,0,0,-1,NA,1,4870716,40,0,White,1,0
22,2,39,2,0,0,-1,NA,1,81521030,40,1,Black,1,0
23,2,39,1,0,1,1,College,1,53602983,24,1,White,1,1
23,1,43,1,1,0,-1,NA,1,45759779,40,0,White,1,0
20,2,42,1,0,1,2,College,1,58436246,35,1,White,1,1
20,2,41,1,0,1,1,College,1,58436246,35,1,White,1,1
20,2,40,2,0,1,1,College,7,82170970,NA,1,Black,0,1
18,2,40,1,1,1,1,High school,7,67894191,NA,1,White,0,0
24,2,39,7,0,0,-1,NA,7,78462443,NA,1,Other,0,0
24,1,43,1,0,0,-1,NA,1,57624145,40,0,White,1,0
22,1,41,1,0,0,-1,NA,1,57624145,40,0,White,1,0
23,1,39,2,0,0,-1,NA,1,68093483,40,0,Black,1,0
23,1,40,4,0,1,1,College,2,48323465,56,0,Asian,1,1
21,2,42,1,0,0,-1,NA,1,52461216,24,1,White,1,0
21,2,37,1,1,1,1,High school,7,56759936,NA,1,White,0,0
20,1,40,4,0,1,1,College,7,38844455,NA,0,Asian,0,1
23,2,43,1,1,1,2,College,1,58331807,40,1,White,1,1
23,1,41,2,0,0,-1,NA,4,64154583,NA,0,Black,0,0
23,1,39,1,0,0,-1,NA,5,59198831,NA,0,White,0,0
21,2,39,1,1,0,-1,NA,1,54925078,25,1,White,1,0
18,1,38,4,0,1,1,High school,7,47123288,NA,0,Asian,0,0
22,1,42,1,0,1,1,College,7,58506128,NA,0,White,0,1
21,1,38,1,1,1,1,College,2,49613112,20,0,White,1,1
21,1,39,2,0,1,1,College,2,64996314,20,0,Black,1,1
23,2,42,1,1,0,-1,NA,1,57471210,40,1,White,1,0
18,2,37,1,1,1,1,High school,7,68784987,NA,1,White,0,0
18,1,39,1,1,0,-1,NA,1,59070939,NA,0,White,1,0
22,1,39,1,1,0,-1,NA,1,49613112,NA,0,White,1,0
20,1,39,1,1,0,-1,NA,7,60836630,NA,0,White,0,0
24,2,42,1,0,0,-1,NA,6,64791174,NA,1,White,0,0
19,2,39,1,0,0,-1,NA,1,50746840,30,1,White,1,0
23,2,42,1,0,1,1,College,1,54739239,40,1,White,1,1
24,2,43,1,0,0,-1,NA,1,66094076,40,1,White,1,0
24,1,39,1,1,0,-1,NA,1,40559782,40,0,White,1,0
21,1,39,1,1,0,-1,NA,1,40559782,40,0,White,1,0
24,1,41,1,0,0,-1,NA,1,74770879,32,0,White,1,0
21,2,40,1,0,1,1,College,7,63472516,NA,1,White,0,1
24,2,39,7,0,0,-1,NA,1,66592586,45,1,Other,1,0
18,2,39,7,0,0,-1,NA,1,60655772,40,1,Other,1,0
22,2,39,4,0,0,-1,NA,1,36718524,40,1,Asian,1,0
19,2,35,1,0,1,1,High school,7,49177360,NA,1,White,0,0
19,2,40,2,0,1,1,College,7,57905213,NA,1,Black,0,1
23,1,39,1,0,0,-1,NA,1,52071121,70,0,White,1,0
22,2,41,1,0,1,1,College,1,53999300,36,1,White,1,1
24,1,40,1,0,0,-1,NA,1,52071121,50,0,White,1,0
22,1,40,3,1,1,1,College,1,76955113,NA,0,Other,1,1
18,2,39,3,1,1,1,College,7,61396605,NA,1,Other,0,1
18,2,39,3,1,1,1,College,7,61396605,NA,1,Other,0,1
23,2,39,2,0,0,-1,NA,2,59227810,12,1,Black,1,0
22,1,43,1,0,0,-1,NA,1,43917754,40,0,White,1,0
20,2,39,1,0,1,1,College,7,38181795,NA,1,White,0,1
18,1,36,1,0,1,1,High school,7,36707231,NA,0,White,0,0
24,2,43,1,0,0,-1,NA,1,15329002,40,1,White,1,0
24,2,43,1,0,0,-1,NA,1,20715406,40,1,White,1,0
24,1,36,1,0,0,-1,NA,7,20011662,NA,0,White,0,0
23,1,39,2,0,0,-1,NA,3,24144544,NA,0,Black,0,0
22,2,39,2,0,1,1,High school,7,38370940,NA,1,Black,0,0
18,1,37,1,0,1,1,High school,7,22624936,NA,0,White,0,0
24,1,42,1,0,0,-1,NA,1,22877173,55,0,White,1,0
19,1,39,2,0,0,-1,NA,1,27151541,40,0,Black,1,0
19,1,40,1,0,0,-1,NA,4,15449556,NA,0,White,0,0
19,2,39,1,0,0,-1,NA,1,29698635,40,1,White,1,0
23,1,39,1,0,1,2,College,1,26202961,40,0,White,1,1
21,2,40,1,0,0,-1,NA,7,18302900,NA,1,White,0,0
20,2,40,1,0,0,-1,NA,1,49857734,12,1,White,1,0
19,1,40,1,0,1,1,College,1,46975874,35,0,White,1,1
19,2,38,4,0,0,-1,NA,7,93011364,NA,1,Asian,0,0
19,2,40,2,0,1,1,College,4,69343761,NA,1,Black,0,1
19,1,39,2,0,0,-1,NA,4,67660093,NA,0,Black,0,0
22,2,40,2,0,0,-1,NA,1,72832928,40,1,Black,1,0
18,1,40,2,0,1,2,College,1,35607360,20,0,Black,1,1
24,1,39,1,0,0,-1,NA,1,39011186,40,0,White,1,0
21,1,39,1,0,0,-1,NA,1,39011186,40,0,White,1,0
24,2,40,1,0,0,-1,NA,1,34555532,NA,1,White,1,0
21,1,40,1,1,1,1,College,7,32897349,NA,0,White,0,1
23,2,43,4,0,1,2,College,1,33527733,40,1,Asian,1,1
23,2,43,1,0,0,-1,NA,1,35641988,45,1,White,1,0
23,2,43,8,0,0,-1,NA,1,33777005,45,1,Other,1,0
19,2,40,2,1,1,1,College,7,32313240,NA,1,Black,0,1
23,2,43,4,0,0,-1,NA,1,32705647,40,1,Asian,1,0
18,1,39,2,0,0,-1,NA,4,33889671,NA,0,Black,0,0
18,2,35,1,1,1,2,High school,1,31649378,40,1,White,1,0
19,2,36,1,0,0,-1,NA,7,22977303,NA,1,White,0,0
20,2,40,1,0,1,1,High school,7,22639618,NA,1,White,0,0
24,2,43,4,0,0,-1,NA,1,20715866,40,1,Asian,1,0
24,1,34,2,0,0,-1,NA,6,38340229,NA,0,Black,0,0
21,2,40,1,1,0,-1,NA,7,16255800,NA,1,White,0,0
22,1,40,1,1,0,-1,NA,7,18408999,NA,0,White,0,0
20,1,39,1,0,0,-1,NA,1,18928612,25,0,White,1,0
20,1,39,1,0,0,-1,NA,1,18928612,40,0,White,1,0
18,1,34,1,0,1,1,High school,7,20275821,NA,0,White,0,0
20,2,40,1,0,0,-1,NA,1,15928069,NA,1,White,1,0
19,2,36,1,0,0,-1,NA,1,16814755,40,1,White,1,0
23,2,43,4,0,0,-1,NA,7,15864668,NA,1,Asian,0,0
20,2,40,1,0,1,1,College,1,14640477,5,1,White,1,1
19,2,40,1,0,1,1,College,1,12959417,30,1,White,1,1
18,2,38,1,0,0,-1,NA,1,15631101,NA,1,White,1,0
24,1,38,1,0,0,-1,NA,1,11542726,30,0,White,1,0
19,1,40,2,0,0,-1,NA,1,55865261,35,0,Black,1,0
22,2,39,1,1,0,-1,NA,6,58115400,NA,1,White,0,0
24,1,43,1,0,0,-1,NA,2,63030305,8,0,White,1,0
23,2,43,1,0,1,2,College,1,45661405,40,1,White,1,1
23,2,43,2,0,1,2,College,1,83446647,25,1,Black,1,1
21,1,40,1,0,1,1,College,7,63030305,NA,0,White,0,1
18,2,40,1,0,1,1,College,7,53572320,NA,1,White,0,1
23,1,43,1,0,0,-1,NA,1,63030305,15,0,White,1,0
19,1,40,1,0,1,1,College,7,57710867,NA,0,White,0,1
24,1,40,1,1,0,-1,NA,1,53449607,40,0,White,1,0
24,2,43,2,1,1,1,College,7,64187715,NA,1,Black,0,1
18,1,37,1,1,1,1,High school,7,55744968,NA,0,White,0,0
19,2,40,1,1,1,1,College,1,55661682,30,1,White,1,1
19,2,40,3,1,1,1,College,7,63093834,NA,1,Other,0,1
21,2,40,1,0,1,1,College,7,55492041,NA,1,White,0,1
24,1,43,2,0,0,-1,NA,1,56692192,40,0,Black,1,0
20,1,40,1,0,1,1,College,7,58618662,NA,0,White,0,1
18,2,39,1,0,1,1,College,7,65106129,NA,1,White,0,1
18,1,37,1,0,1,1,High school,7,58769755,NA,0,White,0,0
24,1,43,2,0,1,1,College,7,67942967,NA,0,Black,0,1
24,1,43,6,0,1,1,College,7,65088481,NA,0,Other,0,1
24,1,40,1,0,1,1,College,7,54878513,NA,0,White,0,1
24,2,43,1,0,1,1,College,7,63952723,NA,1,White,0,1
20,2,40,1,0,1,1,College,1,50189109,8,1,White,1,1
19,1,39,1,1,0,-1,NA,7,59979487,NA,0,White,0,0
21,2,40,4,0,1,1,College,7,59284931,NA,1,Asian,0,1
22,2,39,4,0,1,1,College,7,44468144,NA,1,Asian,0,1
22,1,43,2,0,0,-1,NA,1,55119236,40,0,Black,1,0
22,2,42,1,0,1,1,College,1,60236024,12,1,White,1,1
18,2,39,4,0,1,1,College,1,62937626,8,1,Asian,1,1
20,1,39,1,0,0,-1,NA,1,67027225,40,0,White,1,0
21,2,37,1,1,0,-1,NA,1,57094137,37,1,White,1,0
23,1,39,2,1,1,1,High school,7,93677595,NA,0,Black,0,0
20,2,42,1,0,0,-1,NA,1,49217695,25,1,White,1,0
21,1,39,1,0,0,-1,NA,2,51658183,35,0,White,1,0
19,2,39,1,0,0,-1,NA,7,43704331,NA,1,White,0,0
18,1,38,1,1,1,1,High school,7,48062395,NA,0,White,0,0
24,1,43,1,0,0,-1,NA,1,59291897,40,0,White,1,0
22,1,40,1,0,1,1,College,1,59291897,20,0,White,1,1
18,2,40,1,0,1,1,College,7,55749950,NA,1,White,0,1
24,2,43,1,0,0,-1,NA,1,56669644,50,1,White,1,0
24,1,39,1,0,0,-1,NA,1,39439980,NA,0,White,1,0
24,2,42,2,0,0,-1,NA,1,74541239,40,1,Black,1,0
21,2,40,1,0,1,1,College,7,46902239,NA,1,White,0,1
21,2,40,1,0,1,1,College,1,46902239,10,1,White,1,1
21,2,40,4,0,1,1,College,7,53199793,NA,1,Asian,0,1
18,1,39,5,1,1,1,College,7,50002329,NA,0,Other,0,1
23,1,43,1,0,1,1,College,1,43848608,NA,0,White,1,1
22,1,39,1,0,0,-1,NA,1,50926416,NA,0,White,1,0
18,2,37,2,0,1,1,High school,7,68645037,NA,1,Black,0,0
19,2,39,1,1,0,-1,NA,7,46109147,NA,1,White,0,0
19,1,40,1,0,1,1,College,7,39080637,NA,0,White,0,1
19,1,40,1,0,1,1,College,7,39080637,NA,0,White,0,1
23,2,36,1,1,0,-1,NA,1,39413594,NA,1,White,1,0
18,1,39,10,0,1,2,College,7,57889622,NA,0,Other,0,1
21,1,42,1,0,0,-1,NA,1,65163700,40,0,White,1,0
20,2,42,1,0,0,-1,NA,5,60802194,NA,1,White,0,0
21,1,41,1,0,0,-1,NA,1,67041876,40,0,White,1,0
20,2,39,1,0,0,-1,NA,1,52091122,35,1,White,1,0
24,1,42,1,0,0,-1,NA,1,47902781,40,0,White,1,0
20,2,40,2,0,1,1,College,1,80743564,35,1,Black,1,1
23,1,39,2,0,0,-1,NA,7,105401249,NA,0,Black,0,0
22,2,39,1,0,0,-1,NA,7,53168581,NA,1,White,0,0
19,1,39,1,0,0,-1,NA,1,60552666,40,0,White,1,0
24,1,39,1,0,1,2,College,1,97650459,40,0,White,1,1
19,1,39,1,0,0,-1,NA,7,41629289,NA,0,White,0,0
20,2,40,1,0,1,1,College,7,37711014,NA,1,White,0,1
23,1,40,1,0,0,-1,NA,1,50047050,NA,0,White,1,0
23,2,37,1,0,0,-1,NA,6,40037869,NA,1,White,0,0
24,2,40,1,0,0,-1,NA,1,40699912,25,1,White,1,0
20,1,39,2,0,0,-1,NA,1,74273694,40,0,Black,1,0
20,2,39,1,1,0,-1,NA,6,40791334,NA,1,White,0,0
23,2,43,1,0,0,-1,NA,1,40699912,40,1,White,1,0
24,1,39,1,0,0,-1,NA,1,48766503,9,0,White,1,0
21,1,43,1,0,0,-1,NA,1,48766503,25,0,White,1,0
18,1,40,1,0,1,1,College,7,52237370,NA,0,White,0,1
21,2,39,6,0,1,1,College,7,76290213,NA,1,Other,0,1
19,1,39,1,0,0,-1,NA,7,44708713,NA,0,White,0,0
24,1,43,1,0,0,-1,NA,1,69866792,40,0,White,1,0
21,1,40,1,0,1,1,College,7,69866792,NA,0,White,0,1
19,1,40,1,0,1,1,College,7,57929995,NA,0,White,0,1
24,2,43,1,0,0,-1,NA,1,55848384,40,1,White,1,0
23,1,43,1,0,0,-1,NA,1,49687671,40,0,White,1,0
22,1,39,1,0,0,-1,NA,1,53841851,50,0,White,1,0
23,1,43,1,0,0,-1,NA,1,53841851,40,0,White,1,0
19,1,40,1,0,1,1,College,1,58583009,32,0,White,1,1
22,2,40,1,0,1,1,College,1,57759674,35,1,White,1,1
20,2,40,6,0,1,1,College,7,44701885,NA,1,Other,0,1
18,1,37,6,0,1,1,High school,7,60593974,NA,0,Other,0,0
20,1,37,2,0,0,-1,NA,6,95021006,NA,0,Black,0,0
19,2,39,2,0,0,-1,NA,7,112760720,NA,1,Black,0,0
23,1,36,1,0,0,-1,NA,4,44761288,NA,0,White,0,0
24,1,39,2,0,0,-1,NA,1,48070635,45,0,Black,1,0
24,2,39,1,0,0,-1,NA,1,46216603,32,1,White,1,0
20,2,40,1,0,1,1,College,7,18276274,NA,1,White,0,1
19,2,39,1,0,1,1,College,7,15987639,NA,1,White,0,1
18,1,38,1,0,1,1,High school,7,15075382,NA,0,White,0,0
22,1,40,1,0,1,1,College,2,12491490,15,0,White,1,1
20,2,40,1,0,1,1,College,1,12230525,16,1,White,1,1
22,1,43,1,0,0,-1,NA,1,14913356,38,0,White,1,0
20,2,40,1,0,1,1,College,1,19349290,20,1,White,1,1
24,1,43,2,0,0,-1,NA,1,15758559,40,0,Black,1,0
22,1,43,2,0,0,-1,NA,1,15758559,NA,0,Black,1,0
20,2,40,1,0,1,1,College,1,15535748,30,1,White,1,1
24,2,40,1,1,0,-1,NA,4,18031775,NA,1,White,0,0
23,2,40,1,0,1,1,College,1,19416785,NA,1,White,1,1
21,1,40,6,0,1,1,College,1,18598743,5,0,Other,1,1
22,2,43,1,0,1,1,College,1,12993757,40,1,White,1,1
20,2,40,1,0,1,1,College,7,30114648,NA,1,White,0,1
18,2,39,1,0,0,-1,NA,7,29277788,NA,1,White,0,0
20,2,40,2,0,1,1,College,7,46972877,NA,1,Black,0,1
22,2,39,2,0,0,-1,NA,2,60089530,30,1,Black,1,0
23,2,43,1,0,0,-1,NA,1,37924310,40,1,White,1,0
19,2,39,7,1,0,-1,NA,1,27668643,NA,1,Other,1,0
23,1,43,1,0,0,-1,NA,1,33664500,10,0,White,1,0
22,2,43,1,0,0,-1,NA,1,35398012,20,1,White,1,0
19,1,40,1,0,0,-1,NA,1,38011335,30,0,White,1,0
24,2,41,1,0,0,-1,NA,7,33339446,NA,1,White,0,0
18,2,40,1,0,1,1,College,1,39115560,20,1,White,1,1
19,1,39,1,0,1,1,College,7,32793876,NA,0,White,0,1
22,2,43,1,0,0,-1,NA,1,38920305,40,1,White,1,0
19,1,39,6,0,0,-1,NA,1,39040635,40,0,Other,1,0
18,1,36,6,0,1,1,High school,1,39040635,NA,0,Other,1,0
23,2,38,2,1,0,-1,NA,1,45251217,40,1,Black,1,0
23,2,42,6,0,0,-1,NA,1,60241770,40,1,Other,1,0
19,1,40,6,0,1,1,College,1,56701250,40,0,Other,1,1
20,2,40,6,0,1,1,College,1,60241770,45,1,Other,1,1
19,2,40,1,0,1,1,College,1,52126930,25,1,White,1,1
24,1,39,2,1,0,-1,NA,1,48342725,48,0,Black,1,0
23,1,40,1,0,1,1,College,1,38094451,25,0,White,1,1
18,1,37,1,0,1,1,High school,1,51073700,NA,0,White,1,0
22,1,43,1,0,0,-1,NA,1,8521217,40,0,White,1,0
24,2,43,1,0,0,-1,NA,1,6883974,40,1,White,1,0
19,2,39,1,0,0,-1,NA,1,5450159,NA,1,White,1,0
22,1,39,1,0,0,-1,NA,1,4410878,30,0,White,1,0
24,1,39,1,0,0,-1,NA,4,6207693,NA,0,White,0,0
18,2,37,1,0,1,1,High school,7,50534782,NA,1,White,0,0
24,2,40,1,0,1,2,College,1,53799316,40,1,White,1,1
20,2,40,4,0,1,1,College,7,58158776,NA,1,Asian,0,1
23,2,34,1,1,0,-1,NA,7,57843455,NA,1,White,0,0
18,1,40,1,1,1,1,College,2,61305275,NA,0,White,1,1
21,2,40,2,0,1,1,College,7,66354223,NA,1,Black,0,1
23,1,40,2,0,0,-1,NA,1,42626744,40,0,Black,1,0
18,2,40,2,0,1,1,College,7,67782549,NA,1,Black,0,1
18,1,37,1,0,1,1,High school,1,56141862,16,0,White,1,0
18,1,37,1,0,1,1,High school,7,56462573,NA,0,White,0,0
18,1,39,6,0,0,-1,NA,7,62850221,NA,0,Other,0,0
23,2,39,2,0,0,-1,NA,1,56660029,30,1,Black,1,0
18,1,39,2,0,0,-1,NA,7,82956053,NA,0,Black,0,0
21,2,39,1,0,0,-1,NA,1,7830793,48,1,White,1,0
20,1,39,1,0,0,-1,NA,1,6718350,60,0,White,1,0
21,1,42,1,0,1,1,College,7,11452425,NA,0,White,0,1
20,2,40,1,0,1,1,College,1,7466783,10,1,White,1,1
18,2,39,1,0,1,1,College,7,9467317,NA,1,White,0,1
22,1,39,1,0,0,-1,NA,1,6904592,40,0,White,1,0
20,1,43,4,0,1,1,College,7,5821843,NA,0,Asian,0,1
19,2,40,4,0,1,1,College,7,9391157,NA,1,Asian,0,1
23,2,39,1,0,0,-1,NA,1,8401434,40,1,White,1,0
23,2,43,1,0,1,1,College,7,6722604,NA,1,White,0,1
20,2,40,1,0,0,-1,NA,1,27338918,40,1,White,1,0
23,2,43,1,0,0,-1,NA,1,27338918,40,1,White,1,0
24,1,39,1,0,0,-1,NA,1,38693157,40,0,White,1,0
24,2,40,1,0,0,-1,NA,1,36277278,40,1,White,1,0
20,2,40,4,0,1,1,College,7,24390024,NA,1,Asian,0,1
18,1,37,1,0,1,1,High school,7,28733264,NA,0,White,0,0
22,1,41,1,1,0,-1,NA,1,22997662,40,0,White,1,0
22,2,39,1,0,0,-1,NA,1,26389604,40,1,White,1,0
19,1,39,1,0,0,-1,NA,1,33093910,15,0,White,1,0
18,2,40,1,0,1,1,College,7,29847751,NA,1,White,0,1
18,1,37,1,1,0,-1,NA,4,9373611,NA,0,White,0,0
23,2,43,1,0,0,-1,NA,1,5098353,40,1,White,1,0
23,2,43,1,0,0,-1,NA,1,5098353,25,1,White,1,0
20,2,39,1,1,0,-1,NA,4,4432258,NA,1,White,0,0
24,2,41,2,0,0,-1,NA,1,6323133,40,1,Black,1,0
23,1,43,1,0,0,-1,NA,1,3802844,40,0,White,1,0
23,1,44,1,0,0,-1,NA,1,3802844,23,0,White,1,0
24,1,43,1,0,0,-1,NA,1,3802844,40,0,White,1,0
23,1,43,1,1,1,2,College,1,3986641,45,0,White,1,1
23,1,43,1,0,1,2,College,1,3802844,40,0,White,1,1
22,2,43,4,0,0,-1,NA,1,5096574,40,1,Asian,1,0
22,1,43,1,0,0,-1,NA,1,3802844,40,0,White,1,0
23,1,45,1,0,0,-1,NA,1,4870716,40,0,White,1,0
20,2,39,4,0,0,-1,NA,1,4283993,20,1,Asian,1,0
20,2,39,2,0,0,-1,NA,1,71869319,30,1,Black,1,0
19,1,40,1,0,1,1,College,1,47649207,15,0,White,1,1
20,1,40,2,0,0,-1,NA,2,29436168,45,0,Black,1,0
18,1,39,6,0,1,1,College,1,71440772,20,0,Other,1,1
18,2,37,1,0,1,1,High school,7,43614144,NA,1,White,0,0
23,2,41,1,1,1,1,College,1,35132201,20,1,White,1,1
23,1,34,1,0,0,-1,NA,1,19786127,36,0,White,1,0
23,1,40,1,0,0,-1,NA,1,19786127,40,0,White,1,0
21,2,40,1,0,1,1,College,1,19648149,40,1,White,1,1
24,1,40,1,0,1,1,College,7,20286922,NA,0,White,0,1
22,1,39,1,0,0,-1,NA,4,23546933,NA,0,White,0,0
23,2,43,1,0,0,-1,NA,1,29473029,40,1,White,1,0
24,2,43,1,0,0,-1,NA,1,29473029,40,1,White,1,0
20,2,39,1,0,1,1,College,7,19648149,NA,1,White,0,1
23,2,39,1,1,0,-1,NA,7,14487154,NA,1,White,0,0
18,2,40,2,0,1,1,College,7,23415148,NA,1,Black,0,1
21,1,31,1,1,0,-1,NA,7,29877190,NA,0,White,0,0
24,1,31,1,1,0,-1,NA,1,29877190,40,0,White,1,0
19,1,37,1,0,0,-1,NA,1,30419327,5,0,White,1,0
19,1,39,1,1,0,-1,NA,1,39250393,40,0,White,1,0
23,2,43,1,0,0,-1,NA,1,39745621,50,1,White,1,0
24,1,39,1,0,0,-1,NA,1,19564944,40,0,White,1,0
21,2,40,1,0,0,-1,NA,1,15501821,40,1,White,1,0
20,2,39,1,0,0,-1,NA,1,15501821,40,1,White,1,0
21,2,40,1,0,1,1,College,7,15065246,NA,1,White,0,1
20,1,39,2,0,0,-1,NA,1,36103267,40,0,Black,1,0
22,1,36,1,0,1,1,High school,7,18946942,NA,0,White,0,0
20,1,39,1,0,0,-1,NA,1,12067509,35,0,White,1,0
24,1,39,1,0,0,-1,NA,1,17044321,NA,0,White,1,0
23,1,39,4,0,1,1,College,7,53162012,NA,0,Asian,0,1
21,1,39,1,1,0,-1,NA,4,53449607,NA,0,White,0,0
21,2,39,1,0,0,-1,NA,1,45661405,35,1,White,1,0
21,1,39,1,1,0,-1,NA,1,53449607,40,0,White,1,0
22,1,39,1,0,1,1,College,7,16604501,NA,0,White,0,1
20,1,40,1,0,1,1,College,7,13271008,NA,0,White,0,1
18,2,39,1,0,1,1,College,7,16475105,NA,1,White,0,1
19,1,40,1,1,1,1,College,1,37843829,NA,0,White,1,1
21,1,41,2,0,1,1,College,1,42180072,20,0,Black,1,1
18,1,37,2,0,1,1,High school,1,33507060,20,0,Black,1,0
20,2,40,2,0,1,1,College,2,52518143,6,1,Black,1,1
19,2,39,1,1,0,-1,NA,7,29625188,NA,1,White,0,0
18,2,40,6,0,1,1,College,7,39903075,NA,1,Other,0,1
24,1,42,1,0,0,-1,NA,4,41555360,NA,0,White,0,0
18,2,37,1,0,1,1,High school,1,5327767,8,1,White,1,0
23,1,39,1,0,0,-1,NA,1,6609468,40,0,White,1,0
21,1,40,1,0,0,-1,NA,1,6609468,40,0,White,1,0
21,2,40,1,0,1,1,College,1,6548292,6,1,White,1,1
19,1,39,7,0,0,-1,NA,1,8233576,20,0,Other,1,0
20,2,40,1,0,0,-1,NA,1,6883974,35,1,White,1,0
18,2,37,1,0,1,1,High school,7,8670925,NA,1,White,0,0
22,2,39,1,0,0,-1,NA,7,7466783,NA,1,White,0,0
18,1,39,1,0,0,-1,NA,1,8522655,27,0,White,1,0
18,1,35,6,0,0,-1,NA,7,9700030,NA,0,Other,0,0
18,2,37,8,0,1,2,High school,6,6583946,NA,1,Other,0,0
24,2,43,1,0,0,-1,NA,1,7820304,20,1,White,1,0
19,1,39,1,0,0,-1,NA,1,6928669,90,0,White,1,0
19,2,39,1,0,0,-1,NA,1,5297329,40,1,White,1,0
21,2,40,4,0,1,1,College,1,9390510,30,1,Asian,1,1
20,1,39,1,0,1,1,College,7,67491744,NA,0,White,0,1
18,2,37,1,0,1,1,High school,7,54956354,NA,1,White,0,0
24,2,40,1,1,0,-1,NA,1,55361849,40,1,White,1,0
21,1,36,1,1,0,-1,NA,1,67432898,40,0,White,1,0
18,2,37,1,0,1,1,High school,7,54956354,NA,1,White,0,0
19,1,40,1,0,1,1,College,7,62924971,NA,0,White,0,1
24,1,43,1,1,0,-1,NA,7,56285377,NA,0,White,0,0
21,2,40,1,1,1,1,College,1,60621261,30,1,White,1,1
19,2,40,1,0,1,1,College,1,52501006,20,1,White,1,1
22,2,34,1,1,0,-1,NA,7,47001250,NA,1,White,0,0
18,2,39,1,1,0,-1,NA,1,58861645,40,1,White,1,0
21,1,34,1,1,0,-1,NA,7,60765805,NA,0,White,0,0
23,1,39,1,1,0,-1,NA,1,56549518,40,0,White,1,0
19,1,37,1,1,1,1,High school,7,40067838,NA,0,White,0,0
24,2,39,1,0,0,-1,NA,1,19691647,24,1,White,1,0
24,2,40,1,0,1,2,College,1,25079654,35,1,White,1,1
21,2,40,2,0,1,1,College,7,37584967,NA,1,Black,0,1
23,2,42,1,0,0,-1,NA,1,23818805,40,1,White,1,0
23,1,36,1,0,0,-1,NA,1,22817690,40,0,White,1,0
21,1,39,1,0,0,-1,NA,1,11970262,40,0,White,1,0
23,2,39,1,0,0,-1,NA,4,18547479,NA,1,White,0,0
24,2,39,2,0,0,-1,NA,1,38184799,7,1,Black,1,0
18,2,39,1,0,0,-1,NA,7,17184441,NA,1,White,0,0
18,2,39,1,0,1,1,College,6,63176203,NA,1,White,0,1
18,2,39,1,0,1,1,College,1,63176203,20,1,White,1,1
19,1,37,1,0,1,1,High school,7,52174507,NA,0,White,0,0
18,2,40,4,0,1,1,College,7,47651166,NA,1,Asian,0,1
24,1,39,4,0,0,-1,NA,4,41115693,NA,0,Asian,0,0
19,1,39,1,1,0,-1,NA,1,48144790,40,0,White,1,0
19,1,39,1,1,0,-1,NA,4,48144790,NA,0,White,0,0
18,2,40,4,0,1,1,College,7,48068140,NA,1,Asian,0,1
23,1,41,1,0,0,-1,NA,1,41151947,40,0,White,1,0
23,2,43,4,0,1,1,College,7,37080627,NA,1,Asian,0,1
23,1,43,1,1,0,-1,NA,1,53582293,38,0,White,1,0
20,1,42,1,0,0,-1,NA,7,58454422,NA,0,White,0,0
22,2,43,1,0,0,-1,NA,7,58045442,NA,1,White,0,0
24,2,43,1,1,0,-1,NA,1,34737455,40,1,White,1,0
20,1,40,1,1,1,1,College,7,34896791,NA,0,White,0,1
23,1,39,2,1,0,-1,NA,1,45765417,40,0,Black,1,0
21,2,40,1,1,1,2,College,1,51358390,20,1,White,1,1
24,2,40,1,1,1,2,College,1,51358390,20,1,White,1,1
21,1,40,1,0,1,1,College,7,54265691,NA,0,White,0,1
18,1,40,1,0,0,-1,NA,7,58127953,NA,0,White,0,0
22,1,40,1,1,0,-1,NA,1,43375759,40,0,White,1,0
19,1,39,1,1,0,-1,NA,7,46756298,NA,0,White,0,0
18,1,38,1,1,1,1,College,7,43137211,NA,0,White,0,1
23,1,39,2,0,0,-1,NA,4,38793354,NA,0,Black,0,0
23,2,39,1,1,0,-1,NA,1,54400909,40,1,White,1,0
23,1,39,1,0,0,-1,NA,1,59629100,40,0,White,1,0
23,1,43,1,1,0,-1,NA,1,41839237,40,0,White,1,0
19,2,40,1,1,1,1,College,1,40228698,20,1,White,1,1
21,2,43,1,0,0,-1,NA,1,60148786,40,1,White,1,0
23,1,39,1,1,0,-1,NA,1,42085145,40,0,White,1,0
24,1,40,1,1,0,-1,NA,1,48721927,30,0,White,1,0
23,1,41,1,1,0,-1,NA,1,38835668,40,0,White,1,0
22,2,43,1,1,0,-1,NA,1,44951515,40,1,White,1,0
18,2,39,1,0,1,1,College,7,46299343,NA,1,White,0,1
23,1,41,1,1,0,-1,NA,1,43576413,40,0,White,1,0
21,1,36,3,1,0,-1,NA,1,59456837,40,0,Other,1,0
20,2,40,2,0,1,2,College,1,105661494,40,1,Black,1,1
18,1,39,2,0,1,1,College,7,69256791,NA,0,Black,0,1
18,2,37,6,0,1,1,High school,7,56235547,NA,1,Other,0,0
18,1,39,6,0,1,1,College,7,56239738,NA,0,Other,0,1
18,2,37,7,1,1,1,High school,7,56195539,NA,1,Other,0,0
21,1,40,4,0,1,1,College,4,47646485,NA,0,Asian,0,1
24,1,40,4,0,0,-1,NA,1,44336267,NA,0,Asian,1,0
19,2,39,1,0,0,-1,NA,1,60406359,40,1,White,1,0
20,2,40,1,1,0,-1,NA,1,44657935,16,1,White,1,0
19,1,39,1,1,1,1,College,7,47849665,NA,0,White,0,1
20,1,39,1,1,0,-1,NA,1,45146553,40,0,White,1,0
21,2,37,1,0,0,-1,NA,7,65210671,NA,1,White,0,0
21,2,39,1,0,0,-1,NA,7,65210671,NA,1,White,0,0
23,2,43,1,0,0,-1,NA,1,69234318,50,1,White,1,0
18,1,39,1,1,0,-1,NA,1,58359647,20,0,White,1,0
24,1,39,4,0,0,-1,NA,1,56277387,40,0,Asian,1,0
24,2,39,1,0,0,-1,NA,1,46469613,20,1,White,1,0
24,2,43,1,0,0,-1,NA,1,69194119,40,1,White,1,0
22,1,40,1,1,1,2,High school,3,37128788,NA,0,White,0,0
21,1,40,6,0,1,1,College,7,55255051,NA,0,Other,0,1
18,2,37,1,0,1,1,High school,7,50732540,NA,1,White,0,0
20,1,40,11,0,1,1,College,4,50433510,NA,0,Other,0,1
18,1,37,11,0,1,1,High school,1,50252139,12,0,Other,1,0
21,1,39,1,1,0,-1,NA,1,33656325,40,0,White,1,0
24,2,40,1,0,0,-1,NA,7,57041991,NA,1,White,0,0
18,2,39,1,0,1,1,College,1,10024712,NA,1,White,1,1
23,2,43,4,0,1,1,College,1,7307315,20,1,Asian,1,1
21,1,40,4,0,1,1,College,7,8783747,NA,0,Asian,0,1
18,1,40,4,0,1,1,College,7,8065915,NA,0,Asian,0,1
21,1,40,15,0,1,2,College,1,14539650,40,0,Other,1,1
18,1,40,15,0,0,-1,NA,1,13091278,40,0,Other,1,0
23,1,39,1,1,0,-1,NA,1,8887631,40,0,White,1,0
20,2,39,1,1,0,-1,NA,1,8469532,NA,1,White,1,0
21,2,40,1,0,1,1,College,7,13507433,NA,1,White,0,1
23,1,35,1,0,0,-1,NA,1,12149715,16,0,White,1,0
21,1,40,1,0,1,2,College,1,12149715,40,0,White,1,1
23,2,39,1,0,0,-1,NA,7,14341663,NA,1,White,0,0
22,2,39,1,0,0,-1,NA,1,10284462,40,1,White,1,0
24,2,43,1,0,0,-1,NA,1,10884808,40,1,White,1,0
18,1,39,1,0,0,-1,NA,1,8478726,40,0,White,1,0
19,1,40,1,0,1,1,College,1,10211385,20,0,White,1,1
22,2,42,1,0,1,1,College,4,13652573,NA,1,White,0,1
21,1,40,1,0,1,1,College,1,10319799,25,0,White,1,1
20,1,39,1,1,0,-1,NA,1,7983003,40,0,White,1,0
23,1,39,1,0,0,-1,NA,1,12088380,40,0,White,1,0
23,1,43,1,1,1,2,College,1,8476040,40,0,White,1,1
21,2,42,1,1,0,-1,NA,1,45321803,36,1,White,1,0
21,1,40,6,0,1,1,College,1,72671931,25,0,Other,1,1
23,1,39,1,0,0,-1,NA,1,51738687,60,0,White,1,0
21,2,39,1,0,0,-1,NA,1,50314783,40,1,White,1,0
21,1,40,1,0,1,1,College,7,38342678,NA,0,White,0,1
18,1,39,1,0,1,1,College,1,37071523,20,0,White,1,1
21,1,39,1,1,0,-1,NA,3,30525828,NA,0,White,0,0
20,2,39,2,0,0,-1,NA,4,101581701,NA,1,Black,0,0
22,1,40,1,1,0,-1,NA,1,32409341,40,0,White,1,0
24,1,40,1,0,0,-1,NA,1,50781309,40,0,White,1,0
24,1,43,1,0,0,-1,NA,1,50781309,40,0,White,1,0
24,1,39,1,0,0,-1,NA,1,49903566,40,0,White,1,0
21,2,40,1,0,1,1,College,7,48530166,NA,1,White,0,1
23,2,40,1,0,0,-1,NA,1,56847971,30,1,White,1,0
19,1,39,1,0,0,-1,NA,7,57185336,NA,0,White,0,0
23,1,39,2,0,0,-1,NA,1,58119430,40,0,Black,1,0
22,2,41,1,0,1,1,College,1,53760179,28,1,White,1,1
23,1,40,1,0,1,1,College,2,51419279,18,0,White,1,1
22,1,40,1,0,0,-1,NA,7,51702522,NA,0,White,0,0
18,1,40,2,0,1,1,College,7,106705374,NA,0,Black,0,1
22,2,39,1,1,0,-1,NA,1,59515909,40,1,White,1,0
20,2,39,1,1,0,-1,NA,4,59515909,NA,1,White,0,0
18,1,39,1,0,1,1,College,7,44797063,NA,0,White,0,1
21,1,39,2,0,0,-1,NA,1,77650166,40,0,Black,1,0
23,1,43,1,0,0,-1,NA,4,47003352,NA,0,White,0,0
21,1,40,1,0,1,1,College,7,47003352,NA,0,White,0,1
24,1,39,1,1,0,-1,NA,1,35253391,40,0,White,1,0
24,1,39,1,0,0,-1,NA,1,50211947,NA,0,White,1,0
24,2,39,1,0,0,-1,NA,1,56950712,40,1,White,1,0
23,1,39,1,0,0,-1,NA,1,43351158,40,0,White,1,0
21,2,39,1,0,0,-1,NA,7,48205790,NA,1,White,0,0
20,2,39,1,1,0,-1,NA,1,48047953,NA,1,White,1,0
24,1,39,1,1,0,-1,NA,1,52315489,40,0,White,1,0
21,2,39,1,0,0,-1,NA,1,49629379,40,1,White,1,0
23,2,43,1,0,1,1,College,7,50531221,NA,1,White,0,1
21,1,39,1,1,0,-1,NA,1,33285045,25,0,White,1,0
20,1,39,1,0,0,-1,NA,1,45854243,40,0,White,1,0
23,2,43,1,0,0,-1,NA,1,52897634,35,1,White,1,0
19,1,39,1,1,0,-1,NA,1,48465280,40,0,White,1,0
18,2,40,1,0,1,1,College,1,56341425,15,1,White,1,1
24,2,40,2,0,1,2,College,7,63745238,NA,1,Black,0,1
19,1,39,1,0,0,-1,NA,1,41228384,40,0,White,1,0
20,1,39,1,0,0,-1,NA,7,46166145,NA,0,White,0,0
18,1,38,1,0,1,1,High school,1,42702167,30,0,White,1,0
24,2,39,1,0,0,-1,NA,1,30328491,40,1,White,1,0
22,2,43,1,0,0,-1,NA,1,30328491,40,1,White,1,0
19,1,40,1,0,1,1,College,7,29940875,NA,0,White,0,1
22,2,40,1,0,0,-1,NA,1,41095470,40,1,White,1,0
19,1,39,8,0,0,-1,NA,1,27060708,40,0,Other,1,0
18,2,35,1,1,0,-1,NA,7,28303022,NA,1,White,0,0
20,1,39,1,1,0,-1,NA,4,20614812,NA,0,White,0,0
18,1,39,1,0,0,-1,NA,4,24372621,NA,0,White,0,0
24,2,43,1,0,0,-1,NA,1,30407021,45,1,White,1,0
19,2,38,1,0,0,-1,NA,7,36340915,NA,1,White,0,0
20,1,39,1,0,0,-1,NA,1,37371107,30,0,White,1,0
22,1,39,1,0,0,-1,NA,4,37371107,NA,0,White,0,0
18,2,38,1,0,0,-1,NA,1,40388678,35,1,White,1,0
22,1,40,1,0,1,2,College,7,35155938,NA,0,White,0,1
24,2,40,1,0,0,-1,NA,1,22841071,40,1,White,1,0
19,1,39,1,0,1,1,College,1,27073048,40,0,White,1,1
18,2,39,1,0,1,1,College,7,29350496,NA,1,White,0,1
19,1,39,1,0,0,-1,NA,1,23380908,40,0,White,1,0
21,1,40,1,0,1,1,College,7,26525890,NA,0,White,0,1
18,1,40,1,0,1,1,College,7,24535577,NA,0,White,0,1
21,1,36,1,0,0,-1,NA,1,55216876,30,0,White,1,0
21,1,40,1,0,1,1,College,4,51990687,NA,0,White,0,1
20,1,40,1,0,1,1,College,7,51990687,NA,0,White,0,1
18,1,39,1,0,1,1,College,7,47553598,NA,0,White,0,1
24,1,43,1,1,0,-1,NA,1,56427825,NA,0,White,1,0
23,1,39,1,0,0,-1,NA,1,59069387,40,0,White,1,0
23,2,42,1,0,1,1,College,1,59086691,24,1,White,1,1
19,1,40,1,0,1,1,College,7,41832179,NA,0,White,0,1
23,2,40,1,0,0,-1,NA,1,49825203,NA,1,White,1,0
22,1,40,1,0,1,1,College,7,42483920,NA,0,White,0,1
22,2,39,1,0,0,-1,NA,1,86030945,30,1,White,1,0
20,1,39,1,0,1,1,College,1,48080066,10,0,White,1,1
23,1,43,2,0,0,-1,NA,4,61618805,NA,0,Black,0,0
23,1,43,2,0,0,-1,NA,4,61618805,NA,0,Black,0,0
20,1,38,1,1,0,-1,NA,1,42908107,36,0,White,1,0
19,1,39,1,1,0,-1,NA,1,51124272,36,0,White,1,0
24,2,44,1,0,0,-1,NA,1,86030945,40,1,White,1,0
22,2,42,2,0,1,1,College,1,61037074,30,1,Black,1,1
21,2,40,2,0,0,-1,NA,1,66695392,NA,1,Black,1,0
24,2,40,1,0,0,-1,NA,1,43144268,40,1,White,1,0
22,1,39,1,0,0,-1,NA,1,62848437,40,0,White,1,0
19,1,39,3,0,0,-1,NA,1,60535004,40,0,Other,1,0
23,1,43,1,0,0,-1,NA,1,64793911,37,0,White,1,0
23,2,43,1,0,0,-1,NA,1,59769524,35,1,White,1,0
21,2,39,1,0,0,-1,NA,1,59769524,40,1,White,1,0
24,2,43,8,0,0,-1,NA,1,88922834,40,1,Other,1,0
19,1,39,1,0,0,-1,NA,1,48087646,40,0,White,1,0
20,2,39,1,0,1,2,College,1,41903898,30,1,White,1,1
18,1,39,1,0,1,1,College,1,62269259,15,0,White,1,1
24,2,40,1,0,0,-1,NA,1,68155317,34,1,White,1,0
24,2,40,1,0,0,-1,NA,1,68155317,34,1,White,1,0
22,2,39,1,0,0,-1,NA,1,44660587,30,1,White,1,0
18,1,39,2,0,1,2,College,1,41603886,8,0,Black,1,1
19,2,37,6,0,1,1,High school,7,76286504,NA,1,Other,0,0
18,2,40,1,0,1,1,College,4,57549312,NA,1,White,0,1
18,1,39,1,0,1,1,College,1,57747394,20,0,White,1,1
21,2,40,4,0,1,1,College,1,54143084,16,1,Asian,1,1
21,1,40,1,0,1,1,College,1,6919045,9,0,White,1,1
23,1,40,1,0,1,1,College,7,6919045,NA,0,White,0,1
24,1,39,1,1,0,-1,NA,1,6744590,NA,0,White,1,0
23,1,38,1,0,0,-1,NA,1,6515748,40,0,White,1,0
22,2,43,1,0,0,-1,NA,1,6264500,40,1,White,1,0
23,2,34,1,0,0,-1,NA,7,6834024,NA,1,White,0,0
24,2,43,1,0,0,-1,NA,1,11188903,40,1,White,1,0
22,2,43,1,0,0,-1,NA,2,11188903,20,1,White,1,0
22,1,39,1,0,0,-1,NA,1,9567010,40,0,White,1,0
19,1,40,1,0,1,1,College,7,7932479,NA,0,White,0,1
18,2,37,1,0,1,2,High school,4,8270928,NA,1,White,0,0
20,1,40,1,0,1,1,College,1,20700985,20,0,White,1,1
18,2,38,1,0,1,1,High school,7,22236639,NA,1,White,0,0
19,2,39,1,0,1,1,College,1,11804493,8,1,White,1,1
18,1,37,1,0,0,-1,NA,7,15841742,NA,0,White,0,0
21,2,39,7,1,0,-1,NA,1,16538102,40,1,Other,1,0
22,1,40,1,0,1,1,College,1,15591963,20,0,White,1,1
21,1,41,1,0,0,-1,NA,1,20339700,80,0,White,1,0
21,1,39,1,0,0,-1,NA,1,20339700,80,0,White,1,0
23,1,43,1,0,1,1,College,1,14157549,12,0,White,1,1
23,1,40,1,0,0,-1,NA,1,16287558,40,0,White,1,0
21,1,40,1,1,1,1,College,7,13895069,NA,0,White,0,1
19,2,37,1,0,0,-1,NA,1,16269261,26,1,White,1,0
24,1,39,1,0,0,-1,NA,1,15191200,40,0,White,1,0
22,1,39,1,0,0,-1,NA,1,15191200,30,0,White,1,0
18,1,37,1,0,1,1,High school,1,13792232,15,0,White,1,0
24,2,39,1,0,0,-1,NA,2,19427920,35,1,White,1,0
20,2,40,1,0,1,2,College,1,30518341,25,1,White,1,1
19,2,39,1,1,0,-1,NA,1,28109018,40,1,White,1,0
20,1,39,1,1,0,-1,NA,1,38176483,40,0,White,1,0
21,1,39,2,1,0,-1,NA,4,24483139,NA,0,Black,0,0
19,2,40,1,1,1,1,College,4,30257133,NA,1,White,0,1
24,2,39,1,1,0,-1,NA,1,32077319,40,1,White,1,0
23,2,39,1,1,0,-1,NA,1,32077319,40,1,White,1,0
24,1,39,1,1,0,-1,NA,1,38176483,40,0,White,1,0
22,2,39,1,1,0,-1,NA,1,16922491,40,1,White,1,0
19,1,39,1,1,0,-1,NA,7,18493565,NA,0,White,0,0
18,2,37,1,1,1,1,High school,7,17334583,NA,1,White,0,0
23,1,39,1,1,0,-1,NA,4,15828258,NA,0,White,0,0
18,1,38,1,1,1,1,High school,7,17413022,NA,0,White,0,0
21,2,39,1,1,0,-1,NA,1,15394685,40,1,White,1,0
20,2,39,1,1,0,-1,NA,1,15394685,40,1,White,1,0
18,1,40,1,1,1,1,College,7,13292324,NA,0,White,0,1
19,1,39,1,1,1,1,College,7,14060995,NA,0,White,0,1
19,2,40,1,0,1,1,College,1,20927378,22,1,White,1,1
22,2,38,3,0,0,-1,NA,1,7894154,25,1,Other,1,0
19,1,39,7,0,0,-1,NA,1,8629588,40,0,Other,1,0
18,2,39,1,0,0,-1,NA,1,9353700,40,1,White,1,0
20,1,39,1,0,0,-1,NA,6,6933798,NA,0,White,0,0
24,2,40,1,0,1,1,College,1,10161699,NA,1,White,1,1
19,1,39,1,0,0,-1,NA,1,6742085,40,0,White,1,0
19,1,39,1,0,0,-1,NA,1,6807623,60,0,White,1,0
21,1,39,1,0,0,-1,NA,1,6404357,40,0,White,1,0
24,2,40,1,1,0,-1,NA,7,6969998,NA,1,White,0,0
22,1,39,1,1,0,-1,NA,1,5417043,72,0,White,1,0
22,1,39,3,0,0,-1,NA,4,35070599,NA,0,Other,0,0
21,2,39,3,0,0,-1,NA,1,22338856,40,1,Other,1,0
18,1,36,1,0,1,1,High school,7,29976143,NA,0,White,0,0
19,1,40,7,0,1,1,College,7,33848495,NA,0,Other,0,1
24,2,40,1,0,0,-1,NA,1,24973612,30,1,White,1,0
21,2,39,3,0,0,-1,NA,7,21399586,NA,1,Other,0,0
23,1,39,1,1,0,-1,NA,1,28209025,55,0,White,1,0
24,2,39,1,0,0,-1,NA,7,28615189,NA,1,White,0,0
24,2,43,4,0,0,-1,NA,1,24737859,40,1,Asian,1,0
18,2,40,1,0,1,1,High school,7,25579877,NA,1,White,0,0
18,1,37,1,0,1,1,High school,7,30443081,NA,0,White,0,0
21,2,37,1,0,0,-1,NA,7,35197774,NA,1,White,0,0
20,1,39,1,0,0,-1,NA,1,37818814,40,0,White,1,0
18,1,39,1,1,1,1,College,1,35480269,7,0,White,1,1
18,2,39,1,1,1,1,College,7,39412647,NA,1,White,0,1
18,1,39,3,0,1,2,College,1,35944629,60,0,Other,1,1
19,2,39,1,0,0,-1,NA,1,37816855,30,1,White,1,0
21,2,40,4,0,1,1,College,7,22244101,NA,1,Asian,0,1
22,2,39,1,1,0,-1,NA,7,30052522,NA,1,White,0,0
19,1,39,1,0,1,1,College,1,8479513,25,0,White,1,1
23,2,42,1,0,0,-1,NA,1,9759302,15,1,White,1,0
22,1,41,1,0,0,-1,NA,1,5732816,50,0,White,1,0
19,1,40,1,0,0,-1,NA,1,5608127,20,0,White,1,0
19,1,39,1,0,1,1,College,1,5367082,25,0,White,1,1
24,1,40,1,0,0,-1,NA,1,7915501,40,0,White,1,0
24,2,46,1,0,0,-1,NA,1,7005717,40,1,White,1,0
18,1,37,1,0,1,1,High school,7,7126165,NA,0,White,0,0
21,1,40,1,0,1,1,College,1,63196001,15,0,White,1,1
19,1,40,1,0,1,1,College,1,61821495,15,0,White,1,1
24,2,40,1,1,0,-1,NA,7,68624472,NA,1,White,0,0
23,2,40,1,1,0,-1,NA,1,52105139,15,1,White,1,0
18,1,39,1,0,1,1,College,7,50174433,NA,0,White,0,1
19,2,40,1,0,1,1,College,1,51587372,25,1,White,1,1
23,2,33,1,1,0,-1,NA,7,49458098,NA,1,White,0,0
23,1,39,1,1,0,-1,NA,1,42949173,40,0,White,1,0
23,1,44,1,1,1,1,College,1,53384231,35,0,White,1,1
22,1,43,1,0,0,-1,NA,1,76135660,45,0,White,1,0
20,2,40,1,1,1,2,College,1,56872125,30,1,White,1,1
22,2,39,1,1,0,-1,NA,7,43323478,NA,1,White,0,0
21,2,41,1,1,0,-1,NA,1,64268015,NA,1,White,1,0
22,2,39,1,1,1,2,College,5,57345387,NA,1,White,0,1
18,1,37,7,1,1,2,College,7,73707818,NA,0,Other,0,1
23,1,38,1,1,0,-1,NA,7,40907380,NA,0,White,0,0
23,1,39,1,0,0,-1,NA,1,73239069,60,0,White,1,0
21,2,40,1,0,1,1,College,1,55657677,25,1,White,1,1
19,1,40,1,0,1,1,College,1,61867040,25,0,White,1,1
21,1,39,1,1,0,-1,NA,1,46682824,40,0,White,1,0
18,1,39,1,1,0,-1,NA,7,57091014,NA,0,White,0,0
21,2,39,4,1,0,-1,NA,5,57467598,NA,1,Asian,0,0
20,2,40,1,0,1,1,College,7,55637572,NA,1,White,0,1
18,1,38,1,0,1,1,High school,7,56368624,NA,0,White,0,0
18,1,38,1,0,1,1,High school,7,56368624,NA,0,White,0,0
20,2,39,1,1,0,-1,NA,1,54661640,20,1,White,1,0
18,2,39,1,1,0,-1,NA,1,68455073,25,1,White,1,0
19,2,41,1,1,1,2,College,1,46514025,20,1,White,1,1
21,2,40,1,1,0,-1,NA,7,58929635,NA,1,White,0,0
24,2,38,1,1,0,-1,NA,7,58929635,NA,1,White,0,0
20,2,39,1,1,0,-1,NA,7,56434512,NA,1,White,0,0
20,1,39,1,1,0,-1,NA,6,49007457,NA,0,White,0,0
19,1,40,1,0,1,2,College,1,61063307,40,0,White,1,1
24,1,37,1,1,0,-1,NA,7,52750438,NA,0,White,0,0
22,1,40,1,1,1,1,College,1,37621898,25,0,White,1,1
18,2,37,1,1,1,1,High school,7,67373386,NA,1,White,0,0
19,1,39,1,0,0,-1,NA,4,48649171,NA,0,White,0,0
19,1,40,1,1,1,1,College,1,82826113,35,0,White,1,1
22,1,39,1,1,0,-1,NA,1,50281734,NA,0,White,1,0
23,1,39,1,0,0,-1,NA,1,54718246,NA,0,White,1,0
21,2,39,1,0,0,-1,NA,7,57803924,NA,1,White,0,0
19,1,39,1,0,0,-1,NA,1,45369591,40,0,White,1,0
24,1,43,1,0,0,-1,NA,1,79079966,20,0,White,1,0
19,2,40,1,0,1,1,College,1,67875385,20,1,White,1,1
22,1,43,1,1,0,-1,NA,1,54285783,40,0,White,1,0
19,2,40,2,0,1,1,College,1,54055591,20,1,Black,1,1
23,1,40,1,0,1,1,College,7,68982680,NA,0,White,0,1
22,2,39,6,0,0,-1,NA,7,53128446,NA,1,Other,0,0
20,2,39,1,0,0,-1,NA,1,56061910,40,1,White,1,0
23,2,40,2,0,1,2,College,7,78581769,NA,1,Black,0,1
24,2,43,1,0,0,-1,NA,1,55938579,40,1,White,1,0
18,2,39,1,0,0,-1,NA,4,49396595,NA,1,White,0,0
22,2,39,1,1,0,-1,NA,1,55784989,42,1,White,1,0
22,2,40,1,1,0,-1,NA,1,44369192,40,1,White,1,0
24,1,39,1,0,0,-1,NA,1,22988269,40,0,White,1,0
22,1,39,1,1,0,-1,NA,1,19405903,40,0,White,1,0
21,1,40,4,0,1,1,College,1,14814455,24,0,Asian,1,1
18,1,40,4,0,1,1,College,1,14761178,10,0,Asian,1,1
18,1,37,1,0,1,1,High school,7,18056344,NA,0,White,0,0
23,1,40,1,0,1,2,College,1,21656764,40,0,White,1,1
20,2,40,1,1,1,1,College,4,16638160,NA,1,White,0,1
19,2,39,1,1,0,-1,NA,4,29947989,NA,1,White,0,0
23,1,39,1,1,0,-1,NA,1,22703472,40,0,White,1,0
22,1,39,1,0,0,-1,NA,1,21979357,25,0,White,1,0
23,2,43,1,0,1,1,College,2,25770034,40,1,White,1,1
24,2,39,4,0,0,-1,NA,1,25659001,24,1,Asian,1,0
18,2,40,4,0,1,1,College,7,20479662,NA,1,Asian,0,1
24,2,40,1,1,0,-1,NA,1,33701611,40,1,White,1,0
18,2,40,1,0,1,1,College,1,24960350,16,1,White,1,1
19,2,39,1,0,1,1,College,1,19718473,10,1,White,1,1
21,1,40,1,0,1,1,College,1,22061741,10,0,White,1,1
22,1,40,1,0,1,1,College,1,22061741,10,0,White,1,1
22,1,40,1,0,1,1,College,1,22061741,5,0,White,1,1
19,2,42,5,0,1,2,College,1,29594716,15,1,Other,1,1
18,2,40,5,0,1,1,College,7,29594716,NA,1,Other,0,1
19,2,40,1,0,1,1,College,1,17565991,40,1,White,1,1
18,1,39,1,0,1,1,College,7,21004846,NA,0,White,0,1
18,2,39,1,0,1,1,College,7,26540833,NA,1,White,0,1
18,1,40,1,0,1,2,College,1,24624417,15,0,White,1,1
20,2,40,1,0,1,1,College,1,45257460,NA,1,White,1,1
24,2,39,1,1,0,-1,NA,1,45134173,40,1,White,1,0
23,2,39,1,0,0,-1,NA,5,53985584,NA,1,White,0,0
21,2,40,1,0,0,-1,NA,1,56638536,40,1,White,1,0
19,1,40,1,0,1,1,College,7,40555430,NA,0,White,0,1
24,1,43,1,0,0,-1,NA,1,41457117,50,0,White,1,0
19,1,40,4,0,1,1,College,7,31242913,NA,0,Asian,0,1
23,2,40,4,0,1,1,College,1,54627839,20,1,Asian,1,1
18,2,39,4,0,1,1,College,7,31537339,NA,1,Asian,0,1
23,1,43,4,0,0,-1,NA,1,29810907,40,0,Asian,1,0
18,1,40,4,0,1,1,College,7,45918510,NA,0,Asian,0,1
19,2,39,3,1,0,-1,NA,4,57650292,NA,1,Other,0,0
23,2,40,1,0,1,1,College,1,51850248,24,1,White,1,1
21,2,40,1,0,1,1,College,7,51850248,NA,1,White,0,1
18,1,38,1,1,1,1,High school,1,34779629,20,0,White,1,0
19,1,39,1,0,0,-1,NA,7,43049623,NA,0,White,0,0
18,1,39,1,0,1,1,College,7,46969089,NA,0,White,0,1
18,1,39,1,0,1,1,College,7,46969089,NA,0,White,0,1
24,2,43,1,0,0,-1,NA,1,57068133,41,1,White,1,0
19,1,40,1,0,0,-1,NA,1,44131440,15,0,White,1,0
18,1,39,1,0,0,-1,NA,1,57270370,20,0,White,1,0
24,1,39,1,0,1,2,College,4,51045983,NA,0,White,0,1
22,1,40,1,0,1,1,College,7,44041184,NA,0,White,0,1
19,1,40,1,0,1,1,College,7,43083293,NA,0,White,0,1
21,2,39,1,0,1,1,College,1,47580522,40,1,White,1,1
20,2,40,9,0,0,-1,NA,1,57643479,40,1,Other,1,0
23,2,40,1,0,0,-1,NA,1,4176986,55,1,White,1,0
23,1,39,3,0,0,-1,NA,1,7888799,40,0,Other,1,0
23,1,40,1,0,0,-1,NA,1,5337177,30,0,White,1,0
19,2,40,1,0,1,1,College,1,5003890,6,1,White,1,1
23,1,39,1,0,0,-1,NA,1,6690379,25,0,White,1,0
21,2,39,1,0,0,-1,NA,1,5652981,32,1,White,1,0
18,1,37,1,1,1,1,High school,7,45509622,NA,0,White,0,0
23,2,40,1,0,1,1,College,1,20801829,35,1,White,1,1
24,2,39,1,0,0,-1,NA,7,19592873,NA,1,White,0,0
19,2,40,1,0,1,1,College,7,25144752,NA,1,White,0,1
19,1,40,1,0,1,1,College,7,17049072,NA,0,White,0,1
24,1,39,1,1,0,-1,NA,1,11819496,50,0,White,1,0
22,2,40,2,0,1,2,College,1,36316200,35,1,Black,1,1
21,2,40,5,0,0,-1,NA,7,14278612,NA,1,Other,0,0
23,1,40,8,0,1,1,College,7,8960522,NA,0,Other,0,1
19,2,39,4,0,0,-1,NA,1,6872730,40,1,Asian,1,0
24,2,39,1,0,0,-1,NA,1,9487542,40,1,White,1,0
22,2,39,1,0,0,-1,NA,1,9487542,28,1,White,1,0
23,2,39,1,0,0,-1,NA,1,9487542,28,1,White,1,0
19,2,40,1,0,0,-1,NA,7,16414084,NA,1,White,0,0
20,1,39,1,0,0,-1,NA,1,11614798,40,0,White,1,0
20,2,39,1,0,0,-1,NA,7,13072077,NA,1,White,0,0
20,1,38,7,0,0,-1,NA,1,11027643,40,0,Other,1,0
18,2,40,2,0,1,1,College,1,46130868,20,1,Black,1,1
21,2,39,1,0,0,-1,NA,1,30925181,50,1,White,1,0
19,2,39,1,1,1,1,High school,6,24044215,NA,1,White,0,0
18,1,38,1,0,0,-1,NA,7,8685978,NA,0,White,0,0
18,1,36,1,0,1,1,High school,7,10535974,NA,0,White,0,0
22,2,39,3,0,0,-1,NA,1,10049521,32,1,Other,1,0
18,1,39,1,0,0,-1,NA,1,9942140,35,0,White,1,0
23,1,42,1,0,1,1,College,7,6515748,NA,0,White,0,1
22,1,43,1,0,1,1,College,7,6919045,NA,0,White,0,1
23,2,43,1,0,0,-1,NA,1,6652246,40,1,White,1,0
18,2,39,1,0,0,-1,NA,2,9757578,20,1,White,1,0
21,1,40,1,0,1,1,College,1,11390646,35,0,White,1,1
20,1,39,1,0,0,-1,NA,1,10034314,37,0,White,1,0
22,1,39,1,0,0,-1,NA,1,10034314,40,0,White,1,0
18,2,37,7,0,1,1,High school,7,15985874,NA,1,Other,0,0
23,2,43,1,0,1,1,College,1,18000494,NA,1,White,1,1
24,2,40,1,0,0,-1,NA,1,32399250,40,1,White,1,0
21,1,40,1,1,0,-1,NA,1,20821809,NA,0,White,1,0
21,2,40,1,1,1,1,College,1,14451067,15,1,White,1,1
24,2,42,1,0,1,1,College,1,6098629,20,1,White,1,1
19,1,40,1,0,1,1,College,7,6494684,NA,0,White,0,1
23,1,40,3,0,0,-1,NA,1,8722516,40,0,Other,1,0
20,1,39,3,0,0,-1,NA,1,8722516,10,0,Other,1,0
24,2,44,1,0,0,-1,NA,1,9230887,40,1,White,1,0
24,1,42,1,0,0,-1,NA,1,6038190,40,0,White,1,0
24,1,39,1,0,0,-1,NA,2,7725693,NA,0,White,1,0
20,2,39,1,0,0,-1,NA,7,6821160,NA,1,White,0,0
24,1,37,1,0,0,-1,NA,7,34545344,NA,0,White,0,0
19,1,39,10,0,0,-1,NA,4,44964882,NA,0,Other,0,0
23,2,39,7,0,0,-1,NA,1,37784944,40,1,Other,1,0
21,1,39,1,0,0,-1,NA,1,28841908,40,0,White,1,0
21,1,39,7,0,0,-1,NA,1,46054061,40,0,Other,1,0
20,1,39,7,0,0,-1,NA,1,46054061,40,0,Other,1,0
20,1,39,7,0,0,-1,NA,7,46054061,NA,0,Other,0,0
24,2,39,1,0,0,-1,NA,4,39870554,NA,1,White,0,0
23,2,39,1,0,0,-1,NA,1,38680757,24,1,White,1,0
23,2,40,1,0,1,1,College,7,46056713,NA,1,White,0,1
20,1,40,1,0,1,1,College,7,37812990,NA,0,White,0,1
18,1,39,4,0,1,1,College,7,26917443,NA,0,Asian,0,1
22,2,43,1,0,0,-1,NA,1,58406152,16,1,White,1,0
24,2,43,1,0,0,-1,NA,1,58406152,20,1,White,1,0
20,2,39,1,1,1,1,College,1,4038456,12,1,White,1,1
22,2,38,1,0,0,-1,NA,1,6510351,40,1,White,1,0
22,1,43,1,0,0,-1,NA,1,5050654,42,0,White,1,0
22,2,40,1,0,0,-1,NA,7,4363149,NA,1,White,0,0
19,1,37,1,0,0,-1,NA,6,34449749,NA,0,White,0,0
22,1,39,1,0,0,-1,NA,6,19298753,NA,0,White,0,0
21,1,40,1,0,1,1,College,7,31064091,NA,0,White,0,1
18,1,40,1,0,1,1,College,7,28733264,NA,0,White,0,1
24,1,40,1,0,0,-1,NA,1,31571639,30,0,White,1,0
20,1,39,1,0,0,-1,NA,1,31571639,40,0,White,1,0
21,1,39,1,0,0,-1,NA,1,31571639,40,0,White,1,0
22,2,39,1,0,0,-1,NA,1,5393676,12,1,White,1,0
23,2,39,3,0,0,-1,NA,1,9736078,48,1,Other,1,0
19,1,39,3,0,0,-1,NA,1,7396296,35,0,Other,1,0
18,2,39,3,0,0,-1,NA,1,10975016,40,1,Other,1,0
22,2,40,3,0,0,-1,NA,1,10307022,20,1,Other,1,0
20,1,40,1,0,1,2,College,1,64023556,20,0,White,1,1
18,1,40,1,0,1,2,College,1,68580316,25,0,White,1,1
23,2,39,4,0,0,-1,NA,1,52354789,40,1,Asian,1,0
22,2,41,1,1,1,2,College,1,57364710,24,1,White,1,1
18,2,38,1,1,1,1,High school,7,52142644,NA,1,White,0,0
24,2,40,1,1,0,-1,NA,1,57096761,40,1,White,1,0
20,2,39,1,1,1,1,College,7,57096761,NA,1,White,0,1
23,2,40,1,1,1,2,College,1,60621261,20,1,White,1,1
19,1,39,1,1,0,-1,NA,4,60672041,NA,0,White,0,0
18,1,39,2,0,0,-1,NA,1,67115935,40,0,Black,1,0
24,1,39,2,1,0,-1,NA,1,65920812,40,0,Black,1,0
20,2,40,1,0,1,1,College,7,57960834,NA,1,White,0,1
24,2,39,1,1,0,-1,NA,7,13044066,NA,1,White,0,0
24,1,39,1,0,0,-1,NA,1,19167548,40,0,White,1,0
24,2,39,1,0,1,1,College,1,12528153,40,1,White,1,1
24,1,39,1,0,0,-1,NA,7,23839992,NA,0,White,0,0
22,2,39,1,1,0,-1,NA,1,24030253,40,1,White,1,0
18,1,39,1,1,0,-1,NA,7,24593106,NA,0,White,0,0
21,1,39,1,0,1,1,College,7,49055016,NA,0,White,0,1
18,2,39,1,0,1,2,College,7,58826875,NA,1,White,0,1
21,2,42,1,0,1,1,College,7,36756048,NA,1,White,0,1
18,1,38,1,0,1,1,College,7,41258018,NA,0,White,0,1
22,2,43,1,0,0,-1,NA,1,35943075,40,1,White,1,0
23,1,43,1,1,0,-1,NA,1,34124941,40,0,White,1,0
23,2,40,2,0,0,-1,NA,7,40103438,NA,1,Black,0,0
23,1,39,1,1,0,-1,NA,1,36230528,40,0,White,1,0
21,1,39,1,1,0,-1,NA,1,36230528,40,0,White,1,0
22,2,40,1,1,0,-1,NA,1,36880835,30,1,White,1,0
22,1,39,1,1,0,-1,NA,7,37050003,NA,0,White,0,0
23,1,39,1,1,0,-1,NA,7,43346783,NA,0,White,0,0
18,2,38,1,1,1,1,College,7,61559929,NA,1,White,0,1
19,2,39,1,0,0,-1,NA,7,44264825,NA,1,White,0,0
24,2,43,5,1,0,-1,NA,7,53121202,NA,1,Other,0,0
19,1,39,5,1,0,-1,NA,1,61741489,40,0,Other,1,0
20,2,40,1,1,1,1,College,1,61876267,NA,1,White,1,1
18,2,40,1,0,1,2,College,1,65561269,8,1,White,1,1
19,1,40,1,0,1,1,College,1,53515323,12,0,White,1,1
20,2,39,1,0,0,-1,NA,7,56885716,NA,1,White,0,0
19,2,39,1,0,0,-1,NA,7,64898234,NA,1,White,0,0
18,1,39,1,1,1,1,College,7,53863103,NA,0,White,0,1
24,1,39,1,1,0,-1,NA,1,44420813,40,0,White,1,0
22,1,40,1,0,1,1,College,7,46475680,NA,0,White,0,1
20,2,43,1,1,1,1,College,6,38809791,NA,1,White,0,1
20,1,39,3,1,1,1,College,7,59456837,NA,0,Other,0,1
18,2,39,1,1,1,1,College,7,52437418,NA,1,White,0,1
21,1,39,1,0,0,-1,NA,1,48294337,40,0,White,1,0
19,1,40,1,0,1,1,College,7,41931835,NA,0,White,0,1
19,2,40,1,0,1,1,College,7,50211426,NA,1,White,0,1
20,1,41,4,0,1,1,College,7,39222492,NA,0,Asian,0,1
18,1,39,1,1,0,-1,NA,1,47821979,35,0,White,1,0
19,2,40,1,1,0,-1,NA,1,52386924,35,1,White,1,0
24,2,42,1,1,1,1,College,1,45244538,20,1,White,1,1
19,1,40,4,0,1,1,College,7,49403754,NA,0,Asian,0,1
18,2,37,1,1,1,1,High school,7,54278053,NA,1,White,0,0
21,2,39,1,0,0,-1,NA,1,47390351,40,1,White,1,0
18,2,39,1,0,1,1,College,4,60500384,NA,1,White,0,1
22,2,39,1,1,0,-1,NA,6,42439680,NA,1,White,0,0
24,1,39,1,0,0,-1,NA,1,54617863,32,0,White,1,0
19,2,40,1,1,0,-1,NA,1,44384126,40,1,White,1,0
18,1,37,1,0,1,1,High school,1,58805911,NA,0,White,1,0
19,2,36,1,1,0,-1,NA,1,48855636,40,1,White,1,0
23,1,43,1,0,0,-1,NA,1,42188886,40,0,White,1,0
22,2,40,1,1,1,1,College,7,43998260,NA,1,White,0,1
23,1,44,1,0,0,-1,NA,1,44180168,45,0,White,1,0
21,1,40,1,0,1,1,College,1,42188886,15,0,White,1,1
20,2,39,2,1,0,-1,NA,1,14125170,40,1,Black,1,0
24,2,37,1,1,1,1,High school,7,10719680,NA,1,White,0,0
20,1,39,2,1,0,-1,NA,4,12746868,NA,0,Black,0,0
23,2,43,4,0,1,1,College,7,4795923,NA,1,Asian,0,1
22,2,40,1,0,1,1,College,1,5274709,24,1,White,1,1
22,1,40,1,1,1,1,College,7,4136600,NA,0,White,0,1
22,2,43,4,0,0,-1,NA,1,5096574,75,1,Asian,1,0
23,1,43,1,0,0,-1,NA,1,3802844,45,0,White,1,0
24,2,39,2,0,1,1,College,1,68773295,38,1,Black,1,1
24,1,39,1,1,0,-1,NA,1,42504736,40,0,White,1,0
22,2,39,1,1,0,-1,NA,7,56445742,NA,1,White,0,0
21,1,39,1,0,0,-1,NA,1,82831521,40,0,White,1,0
21,2,40,1,0,0,-1,NA,7,73310615,NA,1,White,0,0
22,1,39,1,0,0,-1,NA,7,57917483,NA,0,White,0,0
19,2,39,1,1,0,-1,NA,6,62380497,NA,1,White,0,0
18,1,38,1,1,0,-1,NA,7,56490671,NA,0,White,0,0
18,2,39,1,0,0,-1,NA,7,68597226,NA,1,White,0,0
19,2,37,6,0,1,1,High school,7,61054457,NA,1,Other,0,0
18,2,39,1,0,1,1,College,7,82530033,NA,1,White,0,1
24,1,43,1,0,0,-1,NA,1,72199697,40,0,White,1,0
24,1,39,1,1,0,-1,NA,1,57327033,30,0,White,1,0
22,2,42,2,0,1,1,College,1,58158942,20,1,Black,1,1
23,1,40,1,1,1,2,College,4,62060010,NA,0,White,0,1
21,1,39,1,0,0,-1,NA,1,77007291,45,0,White,1,0
22,1,39,1,1,0,-1,NA,7,65035958,NA,0,White,0,0
18,2,37,1,0,1,1,High school,7,66877352,NA,1,White,0,0
24,1,40,1,0,0,-1,NA,1,58306405,30,0,White,1,0
21,1,39,1,0,0,-1,NA,1,58306405,30,0,White,1,0
22,2,40,2,0,1,2,College,1,53641876,20,1,Black,1,1
23,1,40,2,0,1,2,College,1,61972865,40,0,Black,1,1
21,2,40,1,0,1,1,College,7,68009134,NA,1,White,0,1
19,2,40,1,0,1,1,College,1,77588417,NA,1,White,1,1
18,1,37,1,0,1,1,High school,7,46170017,NA,0,White,0,0
21,2,40,1,0,1,1,College,2,50478005,10,1,White,1,1
21,2,40,1,0,1,1,College,4,50478005,NA,1,White,0,1
21,1,40,2,0,1,1,College,7,113034991,NA,0,Black,0,1
18,2,37,2,0,1,1,High school,7,108808129,NA,1,Black,0,0
22,2,43,2,0,1,1,College,1,79660005,NA,1,Black,1,1
21,2,40,1,0,1,1,College,7,54165827,NA,1,White,0,1
21,2,40,2,0,1,1,College,7,79660005,NA,1,Black,0,1
21,2,40,2,0,1,1,College,1,79660005,NA,1,Black,1,1
22,2,39,1,0,0,-1,NA,7,53971722,NA,1,White,0,0
18,1,40,1,1,1,2,College,1,70171889,20,0,White,1,1
21,1,43,2,0,0,-1,NA,1,74341518,40,0,Black,1,0
21,2,40,1,0,1,1,College,1,52949976,20,1,White,1,1
22,1,40,1,0,0,-1,NA,1,56529275,40,0,White,1,0
20,2,40,2,0,1,2,College,1,90680450,24,1,Black,1,1
24,1,38,9,0,0,-1,NA,7,8551358,NA,0,Other,0,0
19,1,39,4,0,0,-1,NA,1,5395340,20,0,Asian,1,0
18,2,39,4,0,0,-1,NA,1,7151200,20,1,Asian,1,0
18,1,39,4,0,1,1,College,1,10467338,26,0,Asian,1,1
23,2,39,4,0,1,2,College,1,8924749,30,1,Asian,1,1
21,1,40,4,0,1,1,College,1,11084836,20,0,Asian,1,1
20,2,42,1,1,0,-1,NA,1,14701492,40,1,White,1,0
18,1,39,1,1,1,1,College,1,9612567,40,0,White,1,1
18,1,37,1,0,1,1,High school,7,8478726,NA,0,White,0,0
23,2,43,1,0,0,-1,NA,1,10073501,40,1,White,1,0
18,1,39,1,0,0,-1,NA,7,13056095,NA,0,White,0,0
23,2,39,1,0,0,-1,NA,1,11364876,25,1,White,1,0
23,1,39,1,0,0,-1,NA,4,14783569,NA,0,White,0,0
24,2,39,1,0,0,-1,NA,1,9487542,40,1,White,1,0
21,2,40,1,0,1,1,College,1,12311697,20,1,White,1,1
23,2,39,1,0,0,-1,NA,7,41016695,NA,1,White,0,0
24,1,39,1,0,0,-1,NA,1,42177464,20,0,White,1,0
19,1,37,1,0,0,-1,NA,7,41260108,NA,0,White,0,0
19,2,40,1,0,1,1,College,1,36307042,15,1,White,1,1
19,2,39,1,1,0,-1,NA,1,47516895,NA,1,White,1,0
19,1,38,1,0,1,1,High school,7,47922884,NA,0,White,0,0
23,2,40,2,0,1,1,College,1,107849523,40,1,Black,1,1
23,1,40,1,1,0,-1,NA,1,42233205,40,0,White,1,0
20,1,39,1,0,0,-1,NA,1,47003352,40,0,White,1,0
19,1,39,1,0,0,-1,NA,7,43435269,NA,0,White,0,0
18,2,39,1,0,1,1,College,4,62652629,NA,1,White,0,1
22,2,42,4,0,0,-1,NA,1,36138118,NA,1,Asian,1,0
22,1,42,4,0,0,-1,NA,1,33427475,40,0,Asian,1,0
18,1,39,1,0,1,1,College,7,41944413,NA,0,White,0,1
23,1,43,1,0,0,-1,NA,7,48758362,NA,0,White,0,0
21,1,39,1,0,1,1,College,1,43382487,30,0,White,1,1
20,1,40,2,0,1,1,College,7,48276392,NA,0,Black,0,1
22,2,43,1,0,0,-1,NA,1,63947815,25,1,White,1,0
23,2,43,1,0,1,2,College,1,50292895,40,1,White,1,1
22,1,39,1,0,0,-1,NA,4,49723722,NA,0,White,0,0
21,2,39,1,0,0,-1,NA,1,47300587,40,1,White,1,0
19,2,39,1,0,1,1,College,1,43476251,8,1,White,1,1
19,1,39,1,0,1,1,College,7,29285335,NA,0,White,0,1
23,2,41,2,0,0,-1,NA,1,32031326,40,1,Black,1,0
21,2,39,8,0,1,1,College,1,24215546,25,1,Other,1,1
22,2,43,1,0,0,-1,NA,1,25552597,25,1,White,1,0
18,1,37,1,0,1,1,High school,7,34044129,NA,0,White,0,0
23,2,40,1,0,0,-1,NA,1,40882275,35,1,White,1,0
19,1,40,1,0,1,1,College,7,15648189,NA,0,White,0,1
19,1,41,1,0,0,-1,NA,1,20709143,60,0,White,1,0
23,1,39,1,1,0,-1,NA,1,19407506,32,0,White,1,0
19,2,34,1,0,0,-1,NA,6,39862980,NA,1,White,0,0
24,2,34,1,1,0,-1,NA,1,45123667,40,1,White,1,0
24,1,32,1,1,0,-1,NA,1,39877487,30,0,White,1,0
18,1,39,1,0,0,-1,NA,1,45066267,40,0,White,1,0
24,2,40,1,0,1,1,College,7,48388289,NA,1,White,0,1
19,1,40,1,0,1,1,High school,1,37098525,15,0,White,1,0
20,1,39,2,0,0,-1,NA,1,18333119,40,0,Black,1,0
18,1,40,1,0,1,1,College,7,22624936,NA,0,White,0,1
18,2,39,1,0,1,1,College,7,20794412,NA,1,White,0,1
18,2,39,1,0,1,1,College,7,20794412,NA,1,White,0,1
22,1,40,1,0,0,-1,NA,1,26552319,25,0,White,1,0
19,2,40,1,0,0,-1,NA,1,53578668,20,1,White,1,0
21,2,39,2,0,0,-1,NA,7,70964263,NA,1,Black,0,0
18,1,37,4,0,1,1,High school,1,29800807,8,0,Asian,1,0
24,1,40,4,0,1,2,College,1,33097862,20,0,Asian,1,1
20,1,39,1,0,0,-1,NA,1,36491305,40,0,White,1,0
23,1,40,1,0,0,-1,NA,3,45246502,NA,0,White,0,0
18,1,39,1,0,1,1,College,7,41079721,NA,0,White,0,1
19,1,36,1,0,0,-1,NA,1,40434866,30,0,White,1,0
22,2,34,1,0,0,-1,NA,1,27497035,40,1,White,1,0
20,1,40,6,0,0,-1,NA,1,48349673,40,0,Other,1,0
20,1,39,3,1,0,-1,NA,7,63965814,NA,0,Other,0,0
21,1,39,1,0,1,1,College,1,34815326,20,0,White,1,1
21,1,39,1,0,1,1,College,1,34815326,NA,0,White,1,1
20,1,43,1,0,0,-1,NA,1,34815326,40,0,White,1,0
21,1,43,1,0,1,1,College,1,34815326,NA,0,White,1,1
22,2,43,1,0,0,-1,NA,2,31626969,42,1,White,1,0
18,2,40,1,0,1,1,College,7,41882100,NA,1,White,0,1
24,1,43,4,0,1,1,College,7,25810951,NA,0,Asian,0,1
24,1,43,4,0,1,1,College,7,25810951,NA,0,Asian,0,1
24,1,43,4,0,1,1,College,7,25810951,NA,0,Asian,0,1
22,1,42,1,0,0,-1,NA,1,51990687,45,0,White,1,0
21,1,39,1,0,0,-1,NA,1,61335033,40,0,White,1,0
22,1,43,4,0,0,-1,NA,1,39525380,40,0,Asian,1,0
24,1,43,1,0,0,-1,NA,1,69687504,NA,0,White,1,0
19,2,39,2,0,0,-1,NA,6,29942127,NA,1,Black,0,0
21,1,39,2,0,0,-1,NA,1,30604931,60,0,Black,1,0
19,2,39,1,0,1,1,College,1,19804588,20,1,White,1,1
23,2,42,1,0,1,1,College,1,14823863,25,1,White,1,1
24,2,39,1,0,0,-1,NA,6,79833915,NA,1,White,0,0
24,1,39,7,1,0,-1,NA,1,44238028,35,0,Other,1,0
18,1,37,1,0,1,1,High school,1,64595275,10,0,White,1,0
21,1,41,1,0,1,1,College,7,39115934,NA,0,White,0,1
23,1,41,1,0,0,-1,NA,1,37242645,40,0,White,1,0
23,2,43,2,0,0,-1,NA,1,56057422,25,1,Black,1,0
23,1,40,1,0,1,1,College,1,42263535,25,0,White,1,1
24,1,40,1,0,0,-1,NA,1,52970881,40,0,White,1,0
24,2,39,1,0,0,-1,NA,7,52159486,NA,1,White,0,0
20,1,40,1,0,1,1,College,7,9234201,NA,0,White,0,1
23,1,39,1,0,0,-1,NA,1,9027790,40,0,White,1,0
24,1,39,1,0,0,-1,NA,1,9586573,40,0,White,1,0
24,2,39,1,0,0,-1,NA,1,10234300,40,1,White,1,0
22,2,39,1,0,0,-1,NA,1,6652246,NA,1,White,1,0
21,1,39,1,0,0,-1,NA,1,6919045,NA,0,White,1,0
18,2,37,1,0,0,-1,NA,1,7804759,NA,1,White,1,0
23,1,39,1,0,0,-1,NA,5,10115242,NA,0,White,0,0
21,2,41,1,1,0,-1,NA,1,13883810,25,1,White,1,0
23,1,39,1,0,0,-1,NA,6,20700985,NA,0,White,0,0
22,1,40,1,1,1,1,College,1,28487425,40,0,White,1,1
21,1,40,1,1,1,1,College,1,28487425,40,0,White,1,1
22,1,39,1,0,0,-1,NA,1,37785931,40,0,White,1,0
22,1,39,4,0,1,1,College,4,8958143,NA,0,Asian,0,1
22,1,39,1,1,0,-1,NA,1,11707892,44,0,White,1,0
21,2,39,1,1,0,-1,NA,1,16506951,40,1,White,1,0
20,2,39,1,1,0,-1,NA,1,16506951,35,1,White,1,0
20,2,39,1,1,1,2,College,1,16506951,28,1,White,1,1
24,2,43,1,0,1,1,College,1,14098989,40,1,White,1,1
23,2,43,1,0,1,1,College,1,14098989,40,1,White,1,1
24,2,44,1,0,0,-1,NA,1,60326816,40,1,White,1,0
23,2,36,1,0,0,-1,NA,7,45661405,NA,1,White,0,0
18,1,37,1,1,1,1,High school,7,51005318,NA,0,White,0,0
20,2,40,1,0,1,1,College,1,57857083,10,1,White,1,1
22,1,40,4,0,1,1,College,7,36676183,NA,0,Asian,0,1
18,1,40,4,0,1,1,College,7,33022672,NA,0,Asian,0,1
22,1,39,4,0,0,-1,NA,1,36640566,40,0,Asian,1,0
20,1,40,4,0,1,1,College,7,36640566,NA,0,Asian,0,1
18,2,38,4,0,1,1,College,7,55917303,NA,1,Asian,0,1
24,2,39,1,1,0,-1,NA,1,43153741,40,1,White,1,0
21,2,39,1,0,1,2,College,1,16617644,35,1,White,1,1
23,1,40,1,1,1,2,College,1,13508424,40,0,White,1,1
24,1,39,1,1,0,-1,NA,1,10515891,40,0,White,1,0
21,1,39,1,1,0,-1,NA,1,10515891,40,0,White,1,0
23,1,43,1,0,0,-1,NA,1,20403458,40,0,White,1,0
23,2,40,1,0,1,1,College,1,18406224,40,1,White,1,1
19,2,40,1,0,0,-1,NA,6,16101317,NA,1,White,0,0
22,1,39,1,1,0,-1,NA,4,16193872,NA,0,White,0,0
19,1,39,2,0,0,-1,NA,7,45694990,NA,0,Black,0,0
19,1,40,5,1,1,1,College,7,55456099,NA,0,Other,0,1
21,1,31,6,1,0,-1,NA,7,79679064,NA,0,Other,0,0
24,2,39,1,0,0,-1,NA,1,60606533,40,1,White,1,0
23,2,39,1,0,0,-1,NA,7,70964420,NA,1,White,0,0
22,2,43,1,0,0,-1,NA,1,53953716,36,1,White,1,0
21,1,42,1,0,1,1,College,1,58275512,12,0,White,1,1
23,2,43,11,0,0,-1,NA,1,79106644,29,1,Other,1,0
24,2,43,1,1,1,2,College,7,49690411,NA,1,White,0,1
21,2,39,1,1,0,-1,NA,1,52444491,11,1,White,1,0
23,2,43,4,0,1,2,College,1,40462150,30,1,Asian,1,1
21,1,39,4,0,0,-1,NA,6,36126017,NA,0,Asian,0,0
24,2,43,1,1,0,-1,NA,1,55419335,40,1,White,1,0
22,1,39,1,0,0,-1,NA,1,67014722,40,0,White,1,0
19,2,40,1,0,1,1,College,1,63774891,NA,1,White,1,1
20,1,40,1,0,1,1,College,7,53266451,NA,0,White,0,1
18,2,37,1,0,1,1,High school,7,50084448,NA,1,White,0,0
18,2,37,1,0,1,1,High school,7,50084448,NA,1,White,0,0
20,1,39,1,1,0,-1,NA,1,40719515,40,0,White,1,0
21,1,39,1,1,0,-1,NA,1,40719515,40,0,White,1,0
23,1,42,1,1,1,1,College,1,39542275,10,0,White,1,1
22,2,43,1,0,0,-1,NA,1,46902239,40,1,White,1,0
20,2,40,1,0,1,1,College,7,45404360,NA,1,White,0,1
20,2,40,1,0,1,1,College,7,45404360,NA,1,White,0,1
21,2,40,1,0,1,1,College,7,45404360,NA,1,White,0,1
20,2,40,1,0,1,1,College,7,45404360,NA,1,White,0,1
19,2,39,2,0,0,-1,NA,1,49659556,25,1,Black,1,0
22,2,40,1,0,1,1,College,1,43006331,32,1,White,1,1
20,2,40,7,0,0,-1,NA,6,47083306,NA,1,Other,0,0
20,1,39,1,0,0,-1,NA,1,51981952,NA,0,White,1,0
20,1,40,1,0,1,1,College,1,37147871,NA,0,White,1,1
20,1,40,1,0,1,1,College,7,37147871,NA,0,White,0,1
21,1,40,1,0,1,1,College,1,6891985,35,0,White,1,1
22,1,40,1,0,1,1,College,1,6891985,35,0,White,1,1
19,1,40,1,0,1,1,College,1,5749153,20,0,White,1,1
20,1,40,1,0,1,1,College,7,6933798,NA,0,White,0,1
20,1,40,1,0,1,1,College,7,6933798,NA,0,White,0,1
19,1,40,1,0,1,1,College,1,5749153,2,0,White,1,1
20,2,40,1,0,1,1,College,7,9570478,NA,1,White,0,1
19,2,40,1,0,1,1,College,7,8372021,NA,1,White,0,1
20,1,40,1,0,1,1,College,1,6933798,20,0,White,1,1
23,1,34,2,0,0,-1,NA,1,9828042,40,0,Black,1,0
19,1,39,1,0,0,-1,NA,1,6526104,75,0,White,1,0
22,1,39,1,0,0,-1,NA,1,6038190,40,0,White,1,0
18,2,39,1,0,1,1,College,7,8102698,NA,1,White,0,1
21,1,39,1,0,0,-1,NA,4,5652587,NA,0,White,0,0
18,2,36,1,1,0,-1,NA,1,65381271,40,1,White,1,0
20,2,39,1,1,0,-1,NA,1,37072236,16,1,White,1,0
23,2,43,4,0,0,-1,NA,4,41238319,NA,1,Asian,0,0
21,2,40,4,0,1,1,College,1,41238319,24,1,Asian,1,1
19,2,40,4,0,1,1,College,1,37561870,24,1,Asian,1,1
19,2,39,1,0,0,-1,NA,1,43965270,60,1,White,1,0
20,1,39,6,0,0,-1,NA,1,69681138,24,0,Other,1,0
18,2,38,2,0,1,1,High school,7,68096506,NA,1,Black,0,0
19,1,40,1,0,1,1,College,7,45081961,NA,0,White,0,1
20,1,40,1,0,1,1,College,1,62375808,40,0,White,1,1
21,1,40,1,0,1,1,College,1,62375808,30,0,White,1,1
22,1,39,1,0,0,-1,NA,1,45466424,40,0,White,1,0
18,1,39,1,0,0,-1,NA,1,45583617,40,0,White,1,0
20,2,39,1,0,0,-1,NA,1,41646868,40,1,White,1,0
21,2,39,2,0,0,-1,NA,1,73226373,40,1,Black,1,0
18,2,40,12,0,0,-1,NA,4,60217408,NA,1,Other,0,0
20,2,40,1,0,0,-1,NA,1,50078616,25,1,White,1,0
18,1,39,1,0,0,-1,NA,1,50156579,40,0,White,1,0
23,2,40,2,0,1,1,College,1,94106084,20,1,Black,1,1
22,1,40,1,1,0,-1,NA,1,39723794,NA,0,White,1,0
22,2,40,1,0,0,-1,NA,7,63086020,NA,1,White,0,0
21,2,39,2,0,1,1,College,7,54213454,NA,1,Black,0,1
21,2,39,1,1,1,1,College,1,30522954,30,1,White,1,1
22,1,39,1,0,0,-1,NA,1,24968467,40,0,White,1,0
23,2,39,1,0,0,-1,NA,1,23572287,20,1,White,1,0
21,2,39,1,0,0,-1,NA,1,24973612,40,1,White,1,0
21,2,39,1,0,0,-1,NA,1,24973612,40,1,White,1,0
20,2,40,1,1,0,-1,NA,1,31573529,32,1,White,1,0
22,1,40,1,1,0,-1,NA,1,28588226,50,0,White,1,0
20,1,39,1,0,0,-1,NA,1,27629207,38,0,White,1,0
19,2,39,3,0,0,-1,NA,1,28889914,40,1,Other,1,0
22,2,39,1,0,0,-1,NA,1,27452089,25,1,White,1,0
19,2,34,1,0,0,-1,NA,6,24299963,NA,1,White,0,0
22,2,40,1,0,0,-1,NA,1,27452089,40,1,White,1,0
22,1,39,1,0,0,-1,NA,1,28841908,NA,0,White,1,0
24,1,40,2,0,0,-1,NA,1,24440124,40,0,Black,1,0
19,2,39,4,0,0,-1,NA,1,21457503,20,1,Asian,1,0
20,1,39,1,0,1,2,College,1,31346127,15,0,White,1,1
23,1,40,1,0,1,1,College,1,31346127,40,0,White,1,1
23,2,44,4,0,0,-1,NA,1,56239375,40,1,Asian,1,0
19,2,39,1,0,1,1,College,7,51191992,NA,1,White,0,1
18,2,38,1,0,1,1,High school,1,53359159,3,1,White,1,0
24,2,40,1,1,0,-1,NA,1,49390644,60,1,White,1,0
20,2,39,6,0,0,-1,NA,1,56399087,40,1,Other,1,0
19,1,39,2,0,1,1,College,7,75482909,NA,0,Black,0,1
18,1,39,1,0,1,1,College,7,53378919,NA,0,White,0,1
20,2,40,1,0,1,1,College,7,56308106,NA,1,White,0,1
18,2,40,1,0,1,1,College,1,71394433,6,1,White,1,1
21,2,40,2,0,1,2,College,7,90288683,NA,1,Black,0,1
21,1,39,1,0,0,-1,NA,7,44761288,NA,0,White,0,0
18,1,40,1,0,1,1,College,7,50843474,NA,0,White,0,1
20,2,40,1,0,0,-1,NA,1,12993757,40,1,White,1,0
21,2,40,1,0,1,1,College,1,12230525,13,1,White,1,1
19,1,40,1,0,1,1,College,7,14626762,NA,0,White,0,1
21,1,35,1,1,0,-1,NA,1,9305266,30,0,White,1,0
18,2,39,1,0,0,-1,NA,4,16475105,NA,1,White,0,0
19,2,39,1,0,0,-1,NA,1,14823966,40,1,White,1,0
24,1,39,1,0,0,-1,NA,7,33088907,NA,0,White,0,0
19,2,42,2,0,1,1,College,7,31084375,NA,1,Black,0,1
24,1,43,1,0,0,-1,NA,1,47158141,40,0,White,1,0
23,1,43,1,0,0,-1,NA,1,33664500,40,0,White,1,0
20,1,38,1,0,1,1,High school,6,33664500,NA,0,White,0,0
24,1,36,1,0,0,-1,NA,7,6332229,NA,0,White,0,0
23,2,36,1,0,0,-1,NA,7,8891556,NA,1,White,0,0
21,2,39,3,0,0,-1,NA,7,6597743,NA,1,Other,0,0
23,2,39,2,0,0,-1,NA,1,14168003,40,1,Black,1,0
21,2,40,1,0,1,1,College,7,40683454,NA,1,White,0,1
18,1,40,1,0,1,1,College,7,31854073,NA,0,White,0,1
23,1,43,1,0,0,-1,NA,1,41622081,40,0,White,1,0
24,1,43,1,0,1,1,College,7,41622081,NA,0,White,0,1
23,2,43,1,0,0,-1,NA,1,36656617,40,1,White,1,0
23,1,43,1,0,0,-1,NA,4,37804946,NA,0,White,0,0
20,1,40,1,0,1,1,College,7,37804946,NA,0,White,0,1
18,2,40,1,0,1,1,College,7,50791786,NA,1,White,0,1
22,1,40,1,0,1,1,College,7,54626378,NA,0,White,0,1
19,2,40,1,0,1,1,College,1,65621400,NA,1,White,1,1
22,1,39,1,1,0,-1,NA,1,45133412,32,0,White,1,0
18,1,36,1,1,1,1,High school,6,53737266,NA,0,White,0,0
18,1,37,1,0,1,1,High school,7,54659955,NA,0,White,0,0
23,1,40,1,0,1,2,College,1,51783023,NA,0,White,1,1
18,2,42,1,1,1,1,College,1,60902404,20,1,White,1,1
23,1,40,1,1,0,-1,NA,1,43864405,40,0,White,1,0
20,1,40,1,0,0,-1,NA,1,53918982,40,0,White,1,0
18,1,39,1,0,0,-1,NA,1,57756568,20,0,White,1,0
24,2,40,1,1,1,1,College,4,54240421,NA,1,White,0,1
19,2,39,1,0,1,2,College,1,66008525,20,1,White,1,1
23,2,44,1,0,1,1,College,7,57858928,NA,1,White,0,1
24,1,42,4,0,1,1,College,7,45310331,NA,0,Asian,0,1
23,1,42,4,0,1,1,College,7,45310331,NA,0,Asian,0,1
22,1,40,4,0,1,1,College,7,45310331,NA,0,Asian,0,1
20,1,42,1,1,1,1,College,7,47838040,NA,0,White,0,1
19,2,39,1,0,0,-1,NA,1,58734809,20,1,White,1,0
18,1,40,4,0,1,1,College,7,55971166,NA,0,Asian,0,1
21,1,41,1,1,0,-1,NA,1,38529992,16,0,White,1,0
24,1,43,1,0,0,-1,NA,1,71710933,40,0,White,1,0
23,1,40,2,1,0,-1,NA,1,72609288,40,0,Black,1,0
20,2,40,1,1,1,1,College,1,53566924,24,1,White,1,1
18,2,36,1,1,1,1,High school,1,48690580,25,1,White,1,0
22,2,40,1,1,1,2,College,1,57700065,40,1,White,1,1
20,1,40,1,1,1,2,College,1,63008085,40,0,White,1,1
19,2,39,1,1,1,2,College,7,54425950,NA,1,White,0,1
18,2,37,1,0,1,1,High school,1,60259896,30,1,White,1,0
23,1,40,1,1,1,2,College,7,61079696,NA,0,White,0,1
24,2,39,1,1,0,-1,NA,7,67362726,NA,1,White,0,0
22,1,42,2,0,1,1,College,1,69507649,40,0,Black,1,1
22,2,39,2,0,1,1,College,1,91308646,32,1,Black,1,1
24,2,40,1,0,0,-1,NA,6,48871407,NA,1,White,0,0
18,2,38,1,1,1,1,High school,4,66597690,NA,1,White,0,0
24,1,32,1,1,0,-1,NA,1,66157509,60,0,White,1,0
24,1,40,4,0,1,1,College,1,43586493,30,0,Asian,1,1
20,1,40,2,0,1,2,College,1,65468117,20,0,Black,1,1
24,2,43,4,0,0,-1,NA,1,38769430,40,1,Asian,1,0
24,2,39,1,1,0,-1,NA,1,51763117,39,1,White,1,0
19,2,39,1,0,0,-1,NA,1,54775328,NA,1,White,1,0
18,1,39,1,0,0,-1,NA,1,52568653,NA,0,White,1,0
24,1,38,2,0,0,-1,NA,2,62727273,40,0,Black,1,0
24,2,39,1,1,0,-1,NA,1,56434512,40,1,White,1,0
24,2,43,1,0,0,-1,NA,1,24273134,40,1,White,1,0
24,1,39,1,0,1,1,College,7,19737349,NA,0,White,0,1
19,1,39,1,0,0,-1,NA,1,19173280,40,0,White,1,0
20,2,39,1,0,0,-1,NA,1,24277407,40,1,White,1,0
23,1,39,1,0,1,1,College,7,22988269,NA,0,White,0,1
24,1,41,1,0,0,-1,NA,2,21979357,40,0,White,1,0
24,2,42,1,0,0,-1,NA,2,16282869,8,1,White,1,0
18,1,38,1,1,1,1,High school,7,23851665,NA,0,White,0,0
23,1,43,1,0,0,-1,NA,1,21979357,40,0,White,1,0
23,1,43,1,0,0,-1,NA,1,21979357,40,0,White,1,0
23,2,43,1,0,0,-1,NA,1,16282869,36,1,White,1,0
22,1,39,1,1,0,-1,NA,1,17766285,40,0,White,1,0
22,2,39,1,0,0,-1,NA,1,22621603,40,1,White,1,0
22,1,39,1,0,0,-1,NA,6,19044731,NA,0,White,0,0
22,2,40,1,0,0,-1,NA,1,16282869,30,1,White,1,0
21,1,40,1,0,1,1,College,1,21979357,20,0,White,1,1
18,1,37,1,0,1,1,High school,7,20330183,NA,0,White,0,0
22,2,40,1,0,1,1,College,1,15397245,10,1,White,1,1
22,2,40,1,0,1,1,College,1,15397245,10,1,White,1,1
23,2,40,1,1,1,1,College,1,15733212,20,1,White,1,1
21,2,40,1,0,1,1,College,1,15397245,10,1,White,1,1
22,2,40,1,0,1,1,College,7,15397245,NA,1,White,0,1
20,2,40,1,0,1,1,College,1,15397245,10,1,White,1,1
20,2,40,1,0,1,2,College,1,22621603,18,1,White,1,1
18,2,39,1,0,0,-1,NA,4,5327767,NA,1,White,0,0
23,2,40,1,0,1,1,College,1,5300428,36,1,White,1,1
22,1,40,1,0,1,1,College,7,4615656,NA,0,White,0,1
21,1,39,1,0,0,-1,NA,1,57721842,40,0,White,1,0
18,2,37,1,0,1,1,High school,7,53117959,NA,1,White,0,0
24,2,43,2,1,0,-1,NA,1,61901367,NA,1,Black,1,0
18,2,39,1,0,0,-1,NA,4,63028903,NA,1,White,0,0
19,2,40,7,0,1,1,College,7,52528275,NA,1,Other,0,1
20,1,39,1,1,0,-1,NA,1,43125927,NA,0,White,1,0
18,1,39,1,0,0,-1,NA,1,49717070,20,0,White,1,0
18,2,39,1,0,0,-1,NA,7,49576246,NA,1,White,0,0
24,1,41,1,0,0,-1,NA,1,45996160,40,0,White,1,0
22,2,43,4,0,0,-1,NA,4,34624124,NA,1,Asian,0,0
18,1,37,11,0,1,1,High school,7,49822808,NA,0,Other,0,0
21,1,40,1,1,0,-1,NA,7,52793099,NA,0,White,0,0
22,1,43,1,0,0,-1,NA,1,50359156,50,0,White,1,0
23,2,41,4,0,1,1,College,1,32611329,NA,1,Asian,1,1
21,2,40,2,0,1,1,College,1,49980256,10,1,Black,1,1
23,1,39,1,0,0,-1,NA,1,43857351,40,0,White,1,0
18,1,39,1,0,0,-1,NA,1,52580360,40,0,White,1,0
18,1,41,1,0,0,-1,NA,7,7774201,NA,0,White,0,0
21,2,40,1,0,0,-1,NA,7,7066358,NA,1,White,0,0
19,2,40,1,0,0,-1,NA,7,8061675,NA,1,White,0,0
19,2,39,1,0,0,-1,NA,6,8869127,NA,1,White,0,0
21,2,39,1,0,0,-1,NA,1,7436034,40,1,White,1,0
18,1,37,1,0,1,1,College,1,9427114,0,0,White,1,1
24,2,39,1,0,0,-1,NA,6,8468898,NA,1,White,0,0
23,1,39,1,1,0,-1,NA,1,34551129,40,0,White,1,0
19,2,40,6,0,1,1,College,1,50430647,7,1,Other,1,1
19,2,40,1,0,1,1,College,4,43008306,NA,1,White,0,1
21,2,40,1,0,1,1,College,1,66209091,20,1,White,1,1
24,1,40,1,0,0,-1,NA,1,52444259,40,0,White,1,0
22,2,40,1,0,0,-1,NA,1,57122975,36,1,White,1,0
20,1,39,1,0,0,-1,NA,1,43533390,20,0,White,1,0
21,1,39,2,0,1,1,College,1,42040609,4,0,Black,1,1
19,1,39,1,1,0,-1,NA,4,34290073,NA,0,White,0,0
21,1,39,1,1,0,-1,NA,3,28779327,NA,0,White,0,0
19,1,39,1,1,0,-1,NA,1,4036447,40,0,White,1,0
23,1,40,1,0,0,-1,NA,5,5572531,NA,0,White,0,0
18,1,37,1,0,1,1,High school,1,5148883,16,0,White,1,0
24,1,39,1,0,0,-1,NA,1,5579501,40,0,White,1,0
21,2,39,1,1,0,-1,NA,1,23194861,10,1,White,1,0
22,2,40,1,0,0,-1,NA,1,38954166,30,1,White,1,0
19,2,39,1,1,0,-1,NA,1,60141757,12,1,White,1,0
19,1,39,1,0,0,-1,NA,4,11176860,NA,0,White,0,0
19,2,39,1,0,0,-1,NA,1,15670446,40,1,White,1,0
18,2,39,1,0,0,-1,NA,1,17415868,20,1,White,1,0
19,2,36,4,0,1,1,High school,7,21972067,NA,1,Asian,0,0
20,1,40,1,0,1,1,College,7,12884234,NA,0,White,0,1
20,1,40,1,0,1,1,College,7,12884234,NA,0,White,0,1
20,1,40,1,0,1,1,College,7,12884234,NA,0,White,0,1
20,1,40,1,0,1,1,College,1,12884234,10,0,White,1,1
19,1,39,1,1,1,2,College,1,8803094,30,0,White,1,1
24,2,43,1,0,0,-1,NA,1,10439529,40,1,White,1,0
21,2,39,2,0,1,1,College,7,7910749,NA,1,Black,0,1
24,1,43,1,0,0,-1,NA,1,4583388,40,0,White,1,0
23,2,40,2,0,0,-1,NA,4,10095483,NA,1,Black,0,0
21,1,40,2,0,0,-1,NA,1,3981213,40,0,Black,1,0
24,1,42,1,0,0,-1,NA,1,46503332,40,0,White,1,0
24,2,39,1,0,0,-1,NA,7,47772850,NA,1,White,0,0
22,1,39,1,0,0,-1,NA,1,43382487,40,0,White,1,0
21,1,40,1,0,1,1,College,7,27685318,NA,0,White,0,1
18,2,40,1,0,1,1,College,7,29361465,NA,1,White,0,1
20,2,39,1,0,0,-1,NA,1,28770788,40,1,White,1,0
23,1,34,1,0,0,-1,NA,4,27678646,NA,0,White,0,0
23,1,39,1,0,0,-1,NA,1,41838249,60,0,White,1,0
23,2,39,1,1,0,-1,NA,1,35703804,20,1,White,1,0
23,1,41,1,0,0,-1,NA,1,19956468,30,0,White,1,0
18,1,41,4,0,1,2,College,1,21470576,40,0,Asian,1,1
18,1,39,4,0,1,1,College,6,21470576,NA,0,Asian,0,1
23,1,39,2,0,0,-1,NA,6,29710565,NA,0,Black,0,0
20,1,41,2,0,0,-1,NA,1,33760304,40,0,Black,1,0
20,1,39,1,0,0,-1,NA,1,19786127,40,0,White,1,0
18,2,37,1,0,1,1,High school,7,20552422,NA,1,White,0,0
23,1,39,1,0,0,-1,NA,1,30034024,NA,0,White,1,0
18,2,37,1,0,1,1,High school,7,22616865,NA,1,White,0,0
23,1,41,1,0,0,-1,NA,1,39011186,NA,0,White,1,0
20,1,39,1,0,0,-1,NA,1,39011186,NA,0,White,1,0
20,1,39,1,0,0,-1,NA,1,32791012,40,0,White,1,0
20,2,39,1,0,1,1,College,7,43723519,NA,1,White,0,1
24,2,43,1,0,1,1,College,1,38611617,15,1,White,1,1
20,1,39,1,0,0,-1,NA,1,28957276,35,0,White,1,0
20,1,38,1,0,1,1,High school,6,28957276,NA,0,White,0,0
22,1,40,1,0,1,1,College,1,38233910,10,0,White,1,1
24,1,39,1,1,0,-1,NA,1,27353571,38,0,White,1,0
19,1,39,1,0,0,-1,NA,1,6335113,37,0,White,1,0
19,2,38,1,1,1,1,High school,1,7084296,37,1,White,1,0
24,1,43,1,0,1,1,College,1,9240485,19,0,White,1,1
24,2,39,2,0,0,-1,NA,1,7807944,40,1,Black,1,0
19,1,40,1,0,1,1,College,7,8506822,NA,0,White,0,1
18,2,39,1,0,0,-1,NA,1,7799451,40,1,White,1,0
18,1,39,1,0,1,1,College,1,17591948,12,0,White,1,1
22,2,40,1,0,0,-1,NA,1,24457984,40,1,White,1,0
18,2,39,1,0,0,-1,NA,1,13719333,25,1,White,1,0
20,1,39,1,0,0,-1,NA,7,15968806,NA,0,White,0,0
24,1,44,1,0,1,1,College,7,11869340,NA,0,White,0,1
19,1,43,1,0,1,1,College,7,10867628,NA,0,White,0,1
24,1,39,3,0,0,-1,NA,1,23170997,40,0,Other,1,0
22,2,40,1,1,0,-1,NA,1,12712340,30,1,White,1,0
22,1,40,2,0,0,-1,NA,1,16296553,35,0,Black,1,0
21,2,40,1,0,1,1,College,7,10161699,NA,1,White,0,1
23,1,40,1,0,1,1,College,7,6298662,NA,0,White,0,1
20,1,40,1,0,1,1,College,7,6298662,NA,0,White,0,1
22,2,42,1,0,0,-1,NA,1,23572287,NA,1,White,1,0
23,1,34,1,0,0,-1,NA,1,24968467,NA,0,White,1,0
18,2,38,1,0,1,1,High school,1,31097658,10,1,White,1,0
18,2,38,1,0,1,1,High school,1,31097658,20,1,White,1,0
24,1,39,3,0,0,-1,NA,1,38830081,18,0,Other,1,0
20,1,40,1,1,1,1,College,7,24690759,NA,0,White,0,1
21,2,40,8,0,1,1,College,1,59834954,24,1,Other,1,1
20,1,40,8,0,1,1,College,1,38140319,10,0,Other,1,1
21,2,39,1,0,0,-1,NA,7,35398012,NA,1,White,0,0
23,1,39,4,0,0,-1,NA,1,23804350,50,0,Asian,1,0
24,1,40,2,0,0,-1,NA,1,28696446,40,0,Black,1,0
23,1,39,2,0,0,-1,NA,1,28696446,35,0,Black,1,0
23,1,40,2,0,1,2,College,1,28696446,35,0,Black,1,1
22,1,39,2,0,0,-1,NA,1,36564616,40,0,Black,1,0
23,1,39,1,0,0,-1,NA,1,6481126,40,0,White,1,0
23,1,42,1,0,0,-1,NA,7,10038166,NA,0,White,0,0
21,2,39,1,0,1,1,College,6,44173014,NA,1,White,0,1
23,1,38,5,1,1,2,College,1,61312904,NA,0,Other,1,1
23,1,43,4,0,0,-1,NA,1,28251171,40,0,Asian,1,0
19,1,40,4,0,1,1,College,1,25436921,16,0,Asian,1,1
23,2,40,1,0,1,1,College,7,49979446,NA,1,White,0,1
18,1,38,1,0,1,1,High school,7,5734566,NA,0,White,0,0
18,2,39,1,0,1,1,College,7,8341116,NA,1,White,0,1
24,2,43,2,0,0,-1,NA,1,38951939,40,1,Black,1,0
21,2,40,2,0,1,1,College,1,38951939,20,1,Black,1,1
21,1,39,2,0,1,1,College,7,46952395,NA,0,Black,0,1
18,1,39,1,0,0,-1,NA,1,8229130,30,0,White,1,0
19,2,39,1,0,0,-1,NA,1,7488061,20,1,White,1,0
20,2,40,1,0,1,1,College,1,12373851,32,1,White,1,1
24,1,39,1,0,0,-1,NA,1,11452425,40,0,White,1,0
22,2,33,1,1,1,1,High school,7,7220545,NA,1,White,0,0
19,2,37,1,0,0,-1,NA,7,7488061,NA,1,White,0,0
21,1,39,1,0,0,-1,NA,1,7257651,55,0,White,1,0
23,1,33,1,1,0,-1,NA,1,6772603,50,0,White,1,0
22,2,33,1,1,0,-1,NA,7,7350031,NA,1,White,0,0
20,1,33,1,1,0,-1,NA,1,6772603,50,0,White,1,0
22,2,39,1,0,0,-1,NA,7,4665339,NA,1,White,0,0
18,2,39,3,0,0,-1,NA,1,9430070,35,1,Other,1,0
20,2,39,1,0,0,-1,NA,1,4879163,NA,1,White,1,0
22,1,39,1,0,0,-1,NA,4,5340492,NA,0,White,0,0
24,2,39,1,0,0,-1,NA,1,24873859,40,1,White,1,0
21,2,42,2,0,0,-1,NA,7,35535560,NA,1,Black,0,0
20,1,36,1,0,0,-1,NA,7,27054809,NA,0,White,0,0
22,1,40,2,0,0,-1,NA,1,6683719,40,0,Black,1,0
24,1,39,7,0,0,-1,NA,7,9397277,NA,0,Other,0,0
18,1,39,1,0,0,-1,NA,7,7586817,NA,0,White,0,0
24,2,38,3,0,0,-1,NA,1,5671344,15,1,Other,1,0
24,1,39,3,1,0,-1,NA,1,9292509,60,0,Other,1,0
22,2,40,1,0,0,-1,NA,1,5984484,16,1,White,1,0
21,1,40,8,0,1,1,College,7,7224467,NA,0,Other,0,1
19,2,39,1,1,1,1,College,7,46916895,NA,1,White,0,1
18,1,39,1,1,1,2,College,7,62866347,NA,0,White,0,1
24,1,39,1,1,0,-1,NA,1,60765805,40,0,White,1,0
21,2,39,1,1,0,-1,NA,1,47001250,40,1,White,1,0
23,1,39,1,0,1,1,College,1,67975637,24,0,White,1,1
18,1,39,1,1,0,-1,NA,1,52718019,40,0,White,1,0
18,2,39,1,1,0,-1,NA,7,64798039,NA,1,White,0,0
24,1,42,1,1,1,1,High school,1,40854917,20,0,White,1,0
21,2,41,1,1,1,1,College,1,49909174,20,1,White,1,1
19,1,39,1,1,0,-1,NA,1,43064934,25,0,White,1,0
21,1,40,1,1,1,2,College,1,39951285,38,0,White,1,1
18,1,39,1,0,1,1,College,1,41258018,12,0,White,1,1
24,2,39,4,0,0,-1,NA,1,41691275,15,1,Asian,1,0
22,1,39,1,1,0,-1,NA,1,34124941,60,0,White,1,0
23,1,36,1,1,1,2,College,1,39951285,40,0,White,1,1
20,2,39,1,1,1,1,College,1,48805279,20,1,White,1,1
23,1,43,1,0,0,-1,NA,1,42724752,48,0,White,1,0
24,2,40,1,0,1,1,College,2,38160844,10,1,White,1,1
20,1,42,2,0,0,-1,NA,4,38793354,NA,0,Black,0,0
22,2,40,1,0,1,1,College,7,51448169,NA,1,White,0,1
21,2,44,1,0,0,-1,NA,1,51448169,10,1,White,1,0
21,2,42,4,0,1,1,College,4,47549863,NA,1,Asian,0,1
19,2,40,4,0,1,1,College,7,50631552,NA,1,Asian,0,1
21,1,40,1,1,0,-1,NA,1,48503694,NA,0,White,1,0
24,1,43,1,1,0,-1,NA,1,48721927,40,0,White,1,0
24,2,42,1,1,1,1,College,1,56090231,40,1,White,1,1
19,1,40,2,0,1,1,College,7,91755215,NA,0,Black,0,1
21,1,40,2,0,1,1,College,7,81232818,NA,0,Black,0,1
22,2,40,2,0,1,1,College,7,78017401,NA,1,Black,0,1
24,2,40,1,1,1,2,College,1,59203162,32,1,White,1,1
23,1,39,1,1,0,-1,NA,1,38835668,40,0,White,1,0
20,2,39,1,1,1,1,College,1,44951515,40,1,White,1,1
24,2,39,1,1,1,1,College,1,44951515,40,1,White,1,1
24,2,42,4,0,1,1,College,1,59720964,15,1,Asian,1,1
24,1,40,1,0,0,-1,NA,1,65634888,40,0,White,1,0
20,2,39,4,0,1,1,College,1,61872823,10,1,Asian,1,1
24,1,40,1,0,1,1,College,7,50822561,NA,0,White,0,1
23,1,39,2,0,0,-1,NA,4,45608345,NA,0,Black,0,0
22,1,39,1,0,0,-1,NA,1,59870945,40,0,White,1,0
24,2,39,1,1,0,-1,NA,7,44672047,NA,1,White,0,0
18,1,40,1,1,1,1,College,7,53223414,NA,0,White,0,1
22,2,39,1,1,1,2,College,1,68546381,25,1,White,1,1
20,1,43,1,0,0,-1,NA,1,64879176,10,0,White,1,0
19,1,40,2,0,0,-1,NA,1,49259360,40,0,Black,1,0
18,2,40,2,0,1,1,College,1,32041811,20,1,Black,1,1
18,2,35,2,0,1,1,College,7,32041811,NA,1,Black,0,1
20,1,42,1,0,1,1,College,7,75800006,NA,0,White,0,1
18,1,37,1,1,1,1,High school,1,69846574,28,0,White,1,0
18,2,39,2,0,1,1,College,7,38009031,NA,1,Black,0,1
23,2,44,2,0,0,-1,NA,1,52645032,37,1,Black,1,0
22,1,41,1,0,0,-1,NA,1,43811958,40,0,White,1,0
20,2,40,1,0,1,1,College,1,33910687,20,1,White,1,1
18,1,39,1,0,0,-1,NA,1,46045380,20,0,White,1,0
18,1,40,1,0,1,1,College,7,46143702,NA,0,White,0,1
18,2,37,2,0,1,1,High school,7,46874785,NA,1,Black,0,0
22,2,39,2,1,1,1,College,7,30191940,NA,1,Black,0,1
23,2,39,1,1,0,-1,NA,1,40513448,40,1,White,1,0
18,1,39,1,0,1,2,College,1,39023333,37,0,White,1,1
23,2,40,2,0,1,2,College,1,30884740,35,1,Black,1,1
24,2,40,1,1,1,1,College,7,32048357,NA,1,White,0,1
22,1,43,1,0,1,1,College,7,9753314,NA,0,White,0,1
21,2,39,1,0,0,-1,NA,6,10827263,NA,1,White,0,0
20,1,39,1,0,1,1,College,1,9753314,10,0,White,1,1
24,2,43,1,0,1,1,College,1,11918867,36,1,White,1,1
21,1,41,1,0,1,2,College,1,11326069,40,0,White,1,1
18,1,39,1,0,1,1,College,1,10476242,15,0,White,1,1
22,1,40,2,0,1,1,College,7,3981213,NA,0,Black,0,1
22,1,40,2,0,1,1,College,7,3981213,NA,0,Black,0,1
24,2,36,1,1,1,2,High school,1,63224565,20,1,White,1,0
23,1,39,1,0,0,-1,NA,1,60235910,40,0,White,1,0
23,2,43,1,0,1,1,College,1,68837722,35,1,White,1,1
24,1,46,1,0,0,-1,NA,6,57917483,NA,0,White,0,0
24,1,39,1,0,0,-1,NA,2,76479705,50,0,White,1,0
24,2,39,1,0,0,-1,NA,2,67688895,30,1,White,1,0
23,1,40,1,0,1,2,College,7,57600848,NA,0,White,0,1
20,1,39,1,1,1,1,College,6,48970600,NA,0,White,0,1
22,2,40,2,0,1,1,College,7,90207526,NA,1,Black,0,1
24,2,44,2,0,0,-1,NA,1,71056947,40,1,Black,1,0
24,1,39,1,1,0,-1,NA,1,58079185,40,0,White,1,0
20,1,39,1,0,0,-1,NA,4,61459601,NA,0,White,0,0
20,1,39,1,1,0,-1,NA,7,65889253,NA,0,White,0,0
18,1,38,1,1,1,1,High school,7,72486247,NA,0,White,0,0
24,2,39,1,1,1,2,College,6,53165320,NA,1,White,0,1
22,2,39,1,0,0,-1,NA,1,62258012,12,1,White,1,0
21,2,39,1,0,0,-1,NA,1,62258012,12,1,White,1,0
18,2,39,1,0,1,1,College,1,62990683,25,1,White,1,1
24,1,41,1,0,0,-1,NA,2,55804293,35,0,White,1,0
24,2,39,1,0,0,-1,NA,1,62258012,40,1,White,1,0
24,2,39,1,1,0,-1,NA,1,52921813,40,1,White,1,0
18,2,39,3,0,1,1,College,7,65819031,NA,1,Other,0,1
19,2,39,1,0,0,-1,NA,1,72901463,35,1,White,1,0
23,1,39,1,0,1,2,College,1,72199697,35,0,White,1,1
24,2,43,1,0,0,-1,NA,1,62010090,50,1,White,1,0
21,1,39,1,0,0,-1,NA,1,72199697,50,0,White,1,0
23,1,39,1,0,0,-1,NA,1,61175379,18,0,White,1,0
21,1,40,1,0,0,-1,NA,1,61175379,30,0,White,1,0
21,1,39,1,1,0,-1,NA,1,40802688,40,0,White,1,0
18,1,39,1,0,1,1,College,7,51217031,NA,0,White,0,1
20,1,40,1,0,1,1,College,7,71944253,NA,0,White,0,1
23,1,39,1,0,0,-1,NA,2,49044936,40,0,White,1,0
19,1,39,1,0,0,-1,NA,1,44905793,36,0,White,1,0
19,1,40,1,0,0,-1,NA,4,44905793,NA,0,White,0,0
21,2,39,15,0,0,-1,NA,1,10487627,40,1,Other,1,0
22,1,40,4,0,1,1,College,1,8117846,22,0,Asian,1,1
22,1,39,1,0,1,1,College,7,12675385,NA,0,White,0,1
21,1,39,18,1,0,-1,NA,1,17787756,40,0,Other,1,0
22,2,38,5,0,0,-1,NA,7,11799403,NA,1,Other,0,0
24,2,43,1,1,0,-1,NA,1,14701492,40,1,White,1,0
19,1,42,1,1,1,1,College,1,8778687,20,0,White,1,1
21,1,42,1,1,1,1,College,1,8143977,24,0,White,1,1
18,2,37,1,0,1,1,High school,7,9333568,NA,1,White,0,0
18,2,40,1,1,1,2,College,2,13414702,30,1,White,1,1
24,1,40,1,0,1,2,College,1,9719514,40,0,White,1,1
23,2,42,1,0,0,-1,NA,7,14974194,NA,1,White,0,0
21,2,40,1,0,1,1,College,1,53400845,40,1,White,1,1
22,1,39,1,0,0,-1,NA,1,35136190,40,0,White,1,0
21,2,39,1,0,0,-1,NA,4,42796360,NA,1,White,0,0
24,2,41,1,0,0,-1,NA,1,42796360,40,1,White,1,0
24,1,40,1,1,0,-1,NA,1,37964124,40,0,White,1,0
24,1,40,1,1,0,-1,NA,1,37964124,40,0,White,1,0
22,1,39,2,0,0,-1,NA,7,90958979,NA,0,Black,0,0
24,1,39,4,0,0,-1,NA,1,31209922,40,0,Asian,1,0
24,2,39,4,0,0,-1,NA,1,60978547,40,1,Asian,1,0
24,2,39,1,1,0,-1,NA,7,56283109,NA,1,White,0,0
22,1,40,1,1,0,-1,NA,1,33958470,45,0,White,1,0
18,2,40,1,1,1,1,College,1,45082569,20,1,White,1,1
24,2,40,1,0,0,-1,NA,1,45709770,35,1,White,1,0
20,2,40,1,0,1,2,College,1,45709770,30,1,White,1,1
23,1,43,1,0,0,-1,NA,1,42177464,40,0,White,1,0
22,1,39,1,0,0,-1,NA,2,40020162,15,0,White,1,0
24,2,39,1,0,0,-1,NA,1,52897634,45,1,White,1,0
19,2,39,1,1,0,-1,NA,1,44207413,36,1,White,1,0
24,1,40,1,1,0,-1,NA,1,41467036,40,0,White,1,0
18,1,37,1,1,1,1,High school,4,59260400,NA,0,White,0,0
23,2,39,4,0,0,-1,NA,1,33063993,40,1,Asian,1,0
18,2,39,4,0,0,-1,NA,1,30116296,NA,1,Asian,1,0
21,2,39,1,0,0,-1,NA,4,52897634,NA,1,White,0,0
23,2,39,7,0,0,-1,NA,1,47414410,18,1,Other,1,0
24,2,39,7,0,0,-1,NA,1,47414410,30,1,Other,1,0
23,2,42,1,1,0,-1,NA,1,23985823,40,1,White,1,0
21,2,40,3,1,1,2,College,1,34950176,42,1,Other,1,1
23,2,39,1,1,0,-1,NA,1,25464602,40,1,White,1,0
23,1,39,1,1,0,-1,NA,1,20733775,45,0,White,1,0
24,1,39,2,0,0,-1,NA,1,36416968,40,0,Black,1,0
22,2,42,1,0,0,-1,NA,1,27269440,40,1,White,1,0
21,1,39,1,0,0,-1,NA,4,37371107,NA,0,White,0,0
20,2,39,1,0,0,-1,NA,1,31854164,30,1,White,1,0
22,2,35,1,1,0,-1,NA,1,30027136,50,1,White,1,0
21,2,40,1,1,1,1,College,1,30027136,20,1,White,1,1
21,2,42,1,0,1,1,College,1,23799314,10,1,White,1,1
23,1,42,1,0,0,-1,NA,1,27674976,40,0,White,1,0
22,1,41,1,0,0,-1,NA,1,21812270,40,0,White,1,0
21,2,39,16,1,0,-1,NA,1,33352181,25,1,Other,1,0
21,2,40,1,1,0,-1,NA,1,29398565,40,1,White,1,0
23,1,38,1,1,0,-1,NA,1,19407506,NA,0,White,1,0
23,2,43,1,0,0,-1,NA,1,56875218,40,1,White,1,0
23,1,40,1,1,1,1,College,1,31047651,40,0,White,1,1
18,1,34,1,1,1,1,High school,7,36966315,NA,0,White,0,0
19,2,39,1,0,0,-1,NA,7,18710391,NA,1,White,0,0
24,2,43,4,1,0,-1,NA,1,30718945,40,1,Asian,1,0
19,2,40,1,0,1,1,College,7,30718664,NA,1,White,0,1
19,1,37,1,0,0,-1,NA,1,17511643,NA,0,White,1,0
22,1,39,1,0,0,-1,NA,4,24890854,NA,0,White,0,0
24,2,39,2,0,0,-1,NA,1,75337286,40,1,Black,1,0
24,1,43,1,0,0,-1,NA,1,36487692,40,0,White,1,0
24,1,39,2,0,0,-1,NA,1,46273117,40,0,Black,1,0
19,2,40,2,0,1,1,College,7,53469567,NA,1,Black,0,1
23,1,39,2,0,0,-1,NA,1,85173322,NA,0,Black,1,0
22,2,43,1,1,0,-1,NA,1,49190451,40,1,White,1,0
24,1,43,1,1,0,-1,NA,1,30941510,40,0,White,1,0
20,1,36,4,0,0,-1,NA,1,22753329,40,0,Asian,1,0
18,1,39,4,1,0,-1,NA,1,38076686,40,0,Asian,1,0
21,1,39,4,1,0,-1,NA,1,37234912,40,0,Asian,1,0
19,2,37,4,1,0,-1,NA,1,45963143,40,1,Asian,1,0
22,2,44,4,0,1,1,College,1,33527733,16,1,Asian,1,1
19,2,40,1,0,1,1,College,7,32094448,NA,1,White,0,1
23,1,40,2,0,0,-1,NA,1,32013030,NA,0,Black,1,0
18,1,36,4,0,1,1,High school,7,40912790,NA,0,Asian,0,0
19,2,40,1,0,1,1,College,7,53480163,NA,1,White,0,1
22,2,43,1,0,1,1,College,7,60417467,NA,1,White,0,1
22,1,39,1,0,1,2,College,1,61335033,42,0,White,1,1
18,2,40,1,0,1,1,College,1,78979328,20,1,White,1,1
23,1,40,1,1,0,-1,NA,1,40117137,40,0,White,1,0
22,2,40,1,0,0,-1,NA,1,57231122,40,1,White,1,0
18,1,38,1,0,1,1,High school,7,55200787,NA,0,White,0,0
20,1,40,1,0,1,1,College,7,55058870,NA,0,White,0,1
23,2,44,1,0,1,1,College,7,52899531,NA,1,White,0,1
18,2,39,1,0,1,1,College,7,59436948,NA,1,White,0,1
21,2,40,1,1,1,1,College,1,42499371,15,1,White,1,1
24,1,39,2,0,0,-1,NA,1,35063082,40,0,Black,1,0
19,1,35,2,0,0,-1,NA,4,43548956,NA,0,Black,0,0
18,2,34,3,0,1,1,High school,7,82926679,NA,1,Other,0,0
19,1,38,3,0,1,1,High school,6,60535004,NA,0,Other,0,0
24,2,40,2,0,1,1,College,1,57154343,20,1,Black,1,1
22,2,43,2,0,0,-1,NA,1,57154343,40,1,Black,1,0
20,2,40,1,0,1,1,College,1,50993570,16,1,White,1,1
20,2,40,1,1,1,1,College,1,50486879,16,1,White,1,1
20,2,40,4,0,1,1,College,1,47968671,20,1,Asian,1,1
20,2,40,1,0,1,1,College,2,50993570,NA,1,White,1,1
18,2,38,2,0,1,1,High school,7,28199090,NA,1,Black,0,0
23,2,42,2,0,0,-1,NA,1,22579305,40,1,Black,1,0
20,2,40,1,0,1,1,College,7,14187210,NA,1,White,0,1
24,2,39,1,0,0,-1,NA,7,15254555,NA,1,White,0,0
21,2,41,1,0,1,1,College,7,40620886,NA,1,White,0,1
21,2,37,1,0,1,1,High school,7,40620886,NA,1,White,0,0
23,2,38,1,1,0,-1,NA,1,51949085,50,1,White,1,0
22,1,39,1,0,0,-1,NA,1,57233369,40,0,White,1,0
20,1,39,4,0,0,-1,NA,1,6391284,40,0,Asian,1,0
18,2,39,1,0,0,-1,NA,1,9774834,25,1,White,1,0
23,2,40,1,0,1,1,College,7,9936088,NA,1,White,0,1
21,2,42,1,0,1,2,College,1,9942849,40,1,White,1,1
23,1,40,1,0,1,1,College,7,8701875,NA,0,White,0,1
24,1,42,1,0,0,-1,NA,1,9792409,40,0,White,1,0
20,2,40,1,0,0,-1,NA,1,18000494,37,1,White,1,0
21,1,39,1,1,0,-1,NA,1,14897884,40,0,White,1,0
20,2,39,1,0,0,-1,NA,1,18000494,37,1,White,1,0
19,1,39,1,0,0,-1,NA,1,16065867,50,0,White,1,0
24,1,42,1,1,0,-1,NA,1,14841807,60,0,White,1,0
22,2,40,4,0,1,2,College,1,13415792,35,1,Asian,1,1
23,2,43,1,0,0,-1,NA,1,12766209,35,1,White,1,0
19,2,42,1,0,1,1,College,7,24888262,NA,1,White,0,1
21,2,39,1,0,1,1,College,7,25291925,NA,1,White,0,1
21,2,40,4,0,1,1,College,1,20482146,20,1,Asian,1,1
19,1,37,1,0,0,-1,NA,4,21176663,NA,0,White,0,0
22,1,39,1,1,0,-1,NA,1,19837335,40,0,White,1,0
19,2,40,1,1,1,1,College,1,21792992,22,1,White,1,1
18,1,39,1,1,0,-1,NA,7,24791103,NA,0,White,0,0
21,1,39,2,1,0,-1,NA,1,24483139,60,0,Black,1,0
20,1,35,2,1,0,-1,NA,1,24483139,48,0,Black,1,0
20,1,39,1,1,1,1,College,1,20821809,NA,0,White,1,1
22,2,39,1,1,1,1,College,1,24746709,40,1,White,1,1
19,2,39,1,0,1,1,College,7,11748121,NA,1,White,0,1
23,2,43,1,0,0,-1,NA,1,13429868,40,1,White,1,0
23,2,44,1,1,1,1,College,1,11405075,NA,1,White,1,1
22,2,43,1,0,0,-1,NA,1,13429868,NA,1,White,1,0
24,2,43,4,0,0,-1,NA,4,47329987,NA,1,Asian,0,0
24,1,39,2,0,0,-1,NA,1,38360916,40,0,Black,1,0
22,1,40,1,1,1,1,College,7,10515891,NA,0,White,0,1
22,1,40,1,0,1,1,College,7,12400837,NA,0,White,0,1
23,2,43,1,0,1,1,College,7,17581961,NA,1,White,0,1
23,1,43,1,0,1,1,College,7,20453010,NA,0,White,0,1
23,2,44,3,0,1,1,College,1,22777118,35,1,Other,1,1
20,2,40,1,1,1,1,College,1,13351724,21,1,White,1,1
18,1,40,1,1,1,1,College,7,11753105,NA,0,White,0,1
22,2,40,1,1,1,1,College,1,14377183,25,1,White,1,1
20,1,39,1,1,1,1,College,1,14858064,25,0,White,1,1
18,2,38,1,1,0,-1,NA,7,15149329,NA,1,White,0,0
23,1,43,4,0,0,-1,NA,1,52725131,45,0,Asian,1,0
18,1,39,1,0,0,-1,NA,1,61133730,40,0,White,1,0
24,2,39,1,0,0,-1,NA,1,49471428,30,1,White,1,0
24,2,43,2,0,1,2,College,1,69253949,30,1,Black,1,1
23,2,38,2,0,0,-1,NA,1,77619407,28,1,Black,1,0
22,2,38,2,0,1,1,High school,7,77619407,NA,1,Black,0,0
22,2,33,2,0,1,1,High school,7,77619407,NA,1,Black,0,0
19,1,39,1,0,0,-1,NA,7,51777936,NA,0,White,0,0
19,1,39,1,0,0,-1,NA,7,60416391,NA,0,White,0,0
21,1,41,1,0,1,1,College,1,53852451,10,0,White,1,1
18,1,39,2,0,0,-1,NA,7,67986899,NA,0,Black,0,0
23,2,40,2,0,1,1,College,7,50855252,NA,1,Black,0,1
22,2,40,4,0,1,2,College,7,37123740,NA,1,Asian,0,1
21,2,40,1,0,1,1,College,1,64879532,17,1,White,1,1
18,1,37,1,1,1,1,High school,7,68611689,NA,0,White,0,0
22,1,40,1,0,1,2,College,7,57201631,NA,0,White,0,1
20,1,40,1,0,1,1,College,7,57201631,NA,0,White,0,1
20,1,39,1,0,1,1,College,7,57201631,NA,0,White,0,1
20,2,40,1,0,1,1,College,7,47272300,NA,1,White,0,1
21,1,39,2,0,0,-1,NA,7,35105364,NA,0,Black,0,0
19,1,39,2,0,0,-1,NA,1,51124180,35,0,Black,1,0
22,1,39,1,0,0,-1,NA,4,60731102,NA,0,White,0,0
23,1,39,1,0,0,-1,NA,1,53287265,40,0,White,1,0
23,2,36,1,0,0,-1,NA,1,69470228,40,1,White,1,0
20,1,39,1,1,1,1,College,7,58742757,NA,0,White,0,1
24,2,43,1,0,0,-1,NA,1,68882746,40,1,White,1,0
24,1,41,1,0,0,-1,NA,1,46264205,40,0,White,1,0
22,2,39,2,0,0,-1,NA,1,76073246,20,1,Black,1,0
19,2,40,2,0,1,1,College,7,72872768,NA,1,Black,0,1
18,1,40,1,0,1,1,College,7,46236568,NA,0,White,0,1
18,2,39,1,1,1,1,College,1,64409109,40,1,White,1,1
23,1,39,1,0,1,2,College,7,40667859,NA,0,White,0,1
21,2,39,1,1,0,-1,NA,1,40335347,40,1,White,1,0
24,1,42,1,1,0,-1,NA,1,35859965,40,0,White,1,0
19,1,34,1,0,0,-1,NA,4,48661359,NA,0,White,0,0
19,1,34,1,1,0,-1,NA,4,52276778,NA,0,White,0,0
19,2,39,1,1,0,-1,NA,1,38158737,20,1,White,1,0
19,1,39,1,1,0,-1,NA,7,35186533,NA,0,White,0,0
21,2,43,1,0,1,1,College,1,49373541,40,1,White,1,1
22,2,39,1,1,0,-1,NA,1,37726485,20,1,White,1,0
20,1,39,1,1,0,-1,NA,1,33654663,20,0,White,1,0
20,1,40,1,0,1,1,College,7,48655998,NA,0,White,0,1
20,1,40,2,0,0,-1,NA,1,62765583,NA,0,Black,1,0
21,2,40,1,0,1,1,College,7,6098629,NA,1,White,0,1
18,1,39,1,0,0,-1,NA,1,7382510,24,0,White,1,0
20,2,40,1,0,1,1,College,1,6475375,20,1,White,1,1
23,1,39,2,1,0,-1,NA,1,10634338,40,0,Black,1,0
22,2,39,2,1,0,-1,NA,7,8556944,NA,1,Black,0,0
20,2,39,1,0,0,-1,NA,1,8849157,40,1,White,1,0
21,1,39,1,0,0,-1,NA,1,6411202,NA,0,White,1,0
19,2,39,1,0,0,-1,NA,1,6207023,35,1,White,1,0
18,2,37,1,0,1,1,High school,7,54407710,NA,1,White,0,0
19,1,40,1,0,1,1,College,7,45081961,NA,0,White,0,1
18,1,38,2,0,1,1,High school,7,99108545,NA,0,Black,0,0
22,2,39,2,0,0,-1,NA,1,102797318,40,1,Black,1,0
20,1,39,1,0,1,1,College,7,44092945,NA,0,White,0,1
19,2,39,1,0,1,1,College,7,45061438,NA,1,White,0,1
20,2,40,1,0,1,1,College,7,63964626,NA,1,White,0,1
22,2,43,1,0,0,-1,NA,1,22581155,40,1,White,1,0
24,1,39,6,0,0,-1,NA,1,33596003,15,0,Other,1,0
24,2,43,1,0,1,2,College,1,30966062,55,1,White,1,1
24,1,43,1,0,0,-1,NA,1,43536405,40,0,White,1,0
19,1,39,1,1,0,-1,NA,1,28018556,30,0,White,1,0
18,1,40,1,0,0,-1,NA,1,36558207,40,0,White,1,0
19,1,40,1,0,1,1,College,7,34063781,NA,0,White,0,1
22,2,40,1,0,1,1,College,7,42342703,NA,1,White,0,1
24,1,40,1,0,0,-1,NA,1,34821137,20,0,White,1,0
22,1,39,1,1,1,1,College,1,30916843,35,0,White,1,1
18,1,40,1,0,1,1,College,7,28594848,NA,0,White,0,1
24,2,43,1,0,0,-1,NA,2,70082431,25,1,White,1,0
23,2,43,1,0,0,-1,NA,1,44999799,38,1,White,1,0
23,2,43,1,0,0,-1,NA,1,44999799,40,1,White,1,0
22,1,40,1,0,1,2,College,1,55889561,24,0,White,1,1
24,2,43,1,0,1,2,College,1,42248097,40,1,White,1,1
23,2,40,1,0,1,1,College,1,45780285,20,1,White,1,1
24,2,40,1,1,1,1,College,7,52338416,NA,1,White,0,1
22,2,40,1,0,1,1,College,7,63185235,NA,1,White,0,1
21,2,39,1,0,0,-1,NA,1,63185235,36,1,White,1,0
23,1,43,1,0,1,1,College,1,63982835,24,0,White,1,1
20,2,40,1,0,1,1,College,7,18212743,NA,1,White,0,1
18,1,40,1,0,1,1,College,7,15036453,NA,0,White,0,1
24,2,43,1,0,0,-1,NA,1,12993757,45,1,White,1,0
24,2,39,2,0,1,2,College,1,23535829,45,1,Black,1,1
24,1,40,1,1,1,2,College,1,35143219,NA,0,White,1,1
18,1,40,1,1,1,1,College,1,38661845,NA,0,White,1,1
20,1,39,2,0,0,-1,NA,7,28696446,NA,0,Black,0,0
24,2,43,1,1,0,-1,NA,1,5691559,40,1,White,1,0
19,2,39,1,1,0,-1,NA,7,6174575,NA,1,White,0,0
20,2,39,1,0,0,-1,NA,1,9300881,40,1,White,1,0
24,1,39,1,0,0,-1,NA,7,34622301,NA,0,White,0,0
24,2,39,1,0,0,-1,NA,1,38576955,40,1,White,1,0
18,2,40,1,0,1,1,College,7,38969333,NA,1,White,0,1
20,1,39,1,0,1,1,College,7,40139548,NA,0,White,0,1
18,1,39,1,0,0,-1,NA,1,37127764,30,0,White,1,0
18,2,38,1,0,1,1,High school,7,44474378,NA,1,White,0,0
23,1,40,2,0,1,1,College,7,49556906,NA,0,Black,0,1
23,1,41,4,0,0,-1,NA,1,25362049,40,0,Asian,1,0
22,2,39,4,0,0,-1,NA,7,43640954,NA,1,Asian,0,0
22,1,40,8,0,0,-1,NA,1,67547584,40,0,Other,1,0
24,1,40,1,1,0,-1,NA,7,41523681,NA,0,White,0,0
22,2,39,1,1,0,-1,NA,6,47816574,NA,1,White,0,0
19,2,39,1,1,1,1,College,7,51874541,NA,1,White,0,1
19,2,39,3,1,0,-1,NA,4,57900287,NA,1,Other,0,0
21,1,43,1,0,0,-1,NA,1,63196001,40,0,White,1,0
22,1,40,1,1,0,-1,NA,1,49181329,40,0,White,1,0
18,2,40,4,0,1,1,High school,7,51590964,NA,1,Asian,0,0
23,1,39,1,1,0,-1,NA,1,44906769,40,0,White,1,0
18,2,37,1,1,1,1,High school,7,57362978,NA,1,White,0,0
21,2,40,1,1,0,-1,NA,1,51484904,40,1,White,1,0
21,1,39,1,1,0,-1,NA,1,43864405,40,0,White,1,0
20,1,40,1,1,1,2,College,1,66895827,25,0,White,1,1
23,1,40,1,1,0,-1,NA,1,47677619,40,0,White,1,0
18,2,40,1,1,1,1,College,7,53739424,NA,1,White,0,1
21,1,43,4,0,1,1,College,7,42899819,NA,0,Asian,0,1
18,2,40,1,1,1,1,College,7,62559436,NA,1,White,0,1
22,1,40,1,1,1,2,College,1,47838040,40,0,White,1,1
18,1,37,2,0,1,1,High school,7,98976057,NA,0,Black,0,0
24,1,44,4,0,0,-1,NA,1,58036330,40,0,Asian,1,0
23,2,39,1,1,0,-1,NA,1,59121407,20,1,White,1,0
20,2,40,1,0,0,-1,NA,1,55657677,40,1,White,1,0
19,2,40,1,0,1,1,College,1,63497222,30,1,White,1,1
19,1,35,1,1,0,-1,NA,3,55451517,NA,0,White,0,0
23,1,34,4,0,0,-1,NA,1,50931434,40,0,Asian,1,0
18,2,40,4,0,1,2,College,1,64528249,40,1,Asian,1,1
18,1,43,4,0,1,1,College,1,50748272,40,0,Asian,1,1
18,2,43,4,0,1,1,College,7,64528249,NA,1,Asian,0,1
19,1,39,1,1,1,1,College,1,64652448,NA,0,White,1,1
24,1,39,1,1,0,-1,NA,3,65788501,NA,0,White,0,0
18,1,37,1,1,0,-1,NA,4,68881195,NA,0,White,0,0
20,2,40,1,0,1,1,College,7,54496378,NA,1,White,0,1
24,2,35,1,1,0,-1,NA,1,57700065,32,1,White,1,0
18,2,40,1,0,1,2,College,1,60259896,NA,1,White,1,1
21,2,40,1,0,1,1,College,1,54476692,8,1,White,1,1
19,2,39,1,1,0,-1,NA,1,56966031,25,1,White,1,0
23,2,43,1,0,0,-1,NA,1,64433721,40,1,White,1,0
24,2,33,1,1,0,-1,NA,7,67460900,NA,1,White,0,0
19,1,33,1,1,0,-1,NA,1,65661892,40,0,White,1,0
24,1,39,1,0,1,1,College,7,47429859,NA,0,White,0,1
18,1,37,1,0,1,1,High school,7,73462319,NA,0,White,0,0
23,2,39,1,0,0,-1,NA,1,70603025,36,1,White,1,0
24,1,42,1,0,0,-1,NA,1,72812793,40,0,White,1,0
21,2,40,4,0,1,1,College,1,66414908,30,1,Asian,1,1
22,2,42,1,0,1,1,College,1,34039844,10,1,White,1,1
23,1,42,1,1,1,1,College,1,24099331,32,0,White,1,1
19,1,39,1,0,1,1,College,7,18071617,NA,0,White,0,1
19,1,40,1,0,1,1,College,1,17556729,40,0,White,1,1
23,2,40,1,0,1,1,College,1,15397245,8,1,White,1,1
23,2,40,1,0,1,1,College,1,15397245,3,1,White,1,1
24,2,40,1,0,1,1,College,1,15397245,NA,1,White,1,1
22,2,40,1,0,1,1,College,7,15397245,NA,1,White,0,1
18,1,39,1,0,0,-1,NA,7,24624417,NA,0,White,0,0
19,2,40,1,0,0,-1,NA,1,30131293,40,1,White,1,0
23,2,39,1,0,0,-1,NA,1,5667084,40,1,White,1,0
24,1,38,1,1,0,-1,NA,1,42558409,40,0,White,1,0
21,2,40,1,0,1,1,College,1,50599453,12,1,White,1,1
21,2,41,5,0,1,1,College,7,57344321,NA,1,Other,0,1
20,2,42,8,0,0,-1,NA,1,68597418,37,1,Other,1,0
20,1,39,1,0,0,-1,NA,1,54387896,40,0,White,1,0
23,1,39,2,0,0,-1,NA,1,69174511,40,0,Black,1,0
19,1,39,2,0,0,-1,NA,6,78134949,NA,0,Black,0,0
22,2,39,1,1,0,-1,NA,1,45387264,20,1,White,1,0
18,2,39,1,0,0,-1,NA,1,47801215,NA,1,White,1,0
19,1,35,1,0,0,-1,NA,1,44986429,24,0,White,1,0
19,1,39,1,1,0,-1,NA,1,45629030,40,0,White,1,0
24,2,43,4,0,0,-1,NA,1,51901365,40,1,Asian,1,0
18,2,39,1,1,0,-1,NA,1,58286448,NA,1,White,1,0
21,2,39,1,1,0,-1,NA,4,64123814,NA,1,White,0,0
23,1,39,4,0,0,-1,NA,1,32200653,40,0,Asian,1,0
22,1,39,4,0,0,-1,NA,1,32200653,40,0,Asian,1,0
21,1,39,1,0,0,-1,NA,1,6876159,40,0,White,1,0
20,2,40,1,0,1,1,College,7,8014732,NA,1,White,0,1
24,2,44,1,0,1,1,College,7,11807317,NA,1,White,0,1
22,1,40,1,0,1,1,College,7,10928078,NA,0,White,0,1
18,2,40,1,0,1,1,College,1,7917263,NA,1,White,1,1
23,1,39,1,0,0,-1,NA,1,6904592,40,0,White,1,0
19,1,40,1,0,0,-1,NA,1,8156782,24,0,White,1,0
21,1,39,1,0,0,-1,NA,1,49090233,40,0,White,1,0
20,2,40,1,0,1,1,College,1,34280800,20,1,White,1,1
22,1,41,1,0,1,1,College,1,36261091,40,0,White,1,1
18,2,40,1,0,1,1,College,1,39852140,24,1,White,1,1
20,1,40,1,1,0,-1,NA,1,3744606,35,0,White,1,0
24,1,40,1,0,0,-1,NA,1,5860447,48,0,White,1,0
23,2,43,1,0,0,-1,NA,1,6395440,40,1,White,1,0
19,1,40,1,0,1,1,College,7,4676326,NA,0,White,0,1
23,2,40,1,0,0,-1,NA,1,6353400,40,1,White,1,0
18,2,37,1,0,1,1,High school,7,5113585,NA,1,White,0,0
20,1,39,1,0,0,-1,NA,6,20490085,NA,0,White,0,0
23,2,39,2,0,0,-1,NA,1,25269469,40,1,Black,1,0
20,2,39,2,0,1,1,College,2,35535560,40,1,Black,1,1
19,1,39,1,0,0,-1,NA,1,26240686,40,0,White,1,0
21,2,42,1,1,0,-1,NA,1,55361849,40,1,White,1,0
18,1,40,1,0,1,1,College,7,17818731,NA,0,White,0,1
19,1,40,1,0,1,1,College,7,11176860,NA,0,White,0,1
23,1,39,1,0,0,-1,NA,1,19967527,50,0,White,1,0
22,2,39,1,0,1,2,College,1,19592873,30,1,White,1,1
21,2,42,1,0,1,1,College,7,17614375,NA,1,White,0,1
21,2,42,1,0,1,1,College,1,17614375,20,1,White,1,1
21,1,39,1,0,0,-1,NA,1,20735834,40,0,White,1,0
18,1,37,1,0,0,-1,NA,1,19179965,40,0,White,1,0
21,2,40,1,0,1,1,College,7,15075199,NA,1,White,0,1
21,2,40,1,0,1,1,College,7,15075199,NA,1,White,0,1
22,2,40,1,0,1,1,College,7,15075199,NA,1,White,0,1
21,2,40,1,0,1,1,College,7,15075199,NA,1,White,0,1
20,1,39,1,1,0,-1,NA,1,7941528,40,0,White,1,0
19,1,40,1,0,1,1,College,7,9617406,NA,0,White,0,1
23,1,40,1,0,1,1,College,1,11385220,15,0,White,1,1
21,1,40,1,0,1,1,College,7,11385220,NA,0,White,0,1
24,2,43,1,0,0,-1,NA,1,23790424,36,1,White,1,0
24,2,40,1,0,0,-1,NA,2,22971945,20,1,White,1,0
18,2,39,2,0,0,-1,NA,1,26276508,NA,1,Black,1,0
20,2,39,1,0,0,-1,NA,1,31142868,40,1,White,1,0
19,2,39,1,0,0,-1,NA,1,39243124,30,1,White,1,0
20,2,40,1,0,1,1,College,1,15021206,NA,1,White,1,1
19,1,37,1,0,0,-1,NA,1,17511643,40,0,White,1,0
21,1,39,2,0,1,1,College,7,27182649,NA,0,Black,0,1
21,1,39,1,0,1,1,College,7,25227660,NA,0,White,0,1
21,2,39,1,0,0,-1,NA,7,19072991,NA,1,White,0,0
19,2,39,1,1,1,2,College,7,33285473,NA,1,White,0,1
18,2,39,1,1,1,1,College,7,36992912,NA,1,White,0,1
19,2,39,1,0,1,1,High school,7,14105122,NA,1,White,0,0
19,1,36,1,0,0,-1,NA,1,16394610,40,0,White,1,0
18,2,36,1,0,0,-1,NA,7,16645168,NA,1,White,0,0
19,2,40,1,0,1,1,College,7,23170614,NA,1,White,0,1
19,2,39,1,1,0,-1,NA,1,15108641,40,1,White,1,0
24,1,44,1,1,1,1,College,7,14335947,NA,0,White,0,1
18,2,37,1,0,1,1,High school,7,23567614,NA,1,White,0,0
21,1,40,1,0,1,1,College,1,20098624,NA,0,White,1,1
24,1,39,2,0,0,-1,NA,6,29059017,NA,0,Black,0,0
18,2,39,1,0,1,1,College,7,8670923,NA,1,White,0,1
20,2,39,1,0,0,-1,NA,1,10845584,25,1,White,1,0
23,1,39,1,0,0,-1,NA,1,14157549,30,0,White,1,0
21,2,40,1,0,1,1,College,1,14261790,15,1,White,1,1
19,1,39,1,0,0,-1,NA,4,13849624,NA,0,White,0,0
24,2,41,1,0,0,-1,NA,1,18598209,40,1,White,1,0
24,2,39,1,0,0,-1,NA,4,48480242,NA,1,White,0,0
20,2,39,1,1,0,-1,NA,1,45817771,36,1,White,1,0
21,1,39,1,0,1,1,College,7,19265478,NA,0,White,0,1
19,2,39,1,0,0,-1,NA,7,16101317,NA,1,White,0,0
19,1,39,1,0,0,-1,NA,1,17960312,48,0,White,1,0
24,1,39,1,0,0,-1,NA,1,7808591,45,0,White,1,0
18,2,39,3,0,0,-1,NA,1,8308586,20,1,Other,1,0
21,1,41,1,0,0,-1,NA,1,6404357,40,0,White,1,0
24,1,43,1,0,0,-1,NA,1,6404357,40,0,White,1,0
18,1,39,1,0,0,-1,NA,1,7146013,35,0,White,1,0
23,2,43,1,0,0,-1,NA,1,27477063,40,1,White,1,0
23,1,39,2,0,0,-1,NA,1,28622609,40,0,Black,1,0
18,1,40,2,0,1,1,College,7,41683300,NA,0,Black,0,1
24,2,41,1,0,0,-1,NA,1,22581155,40,1,White,1,0
22,1,39,1,0,0,-1,NA,1,38631908,20,0,White,1,0
18,1,39,1,0,0,-1,NA,1,33820657,40,0,White,1,0
21,2,40,2,0,1,1,College,1,50690947,15,1,Black,1,1
18,1,41,2,0,1,2,College,1,29002820,15,0,Black,1,1
24,1,41,1,0,0,-1,NA,1,8934143,40,0,White,1,0
18,2,39,1,0,0,-1,NA,1,5882968,15,1,White,1,0
23,2,40,1,0,0,-1,NA,1,6578559,40,1,White,1,0
19,1,42,1,0,1,1,College,7,7473586,NA,0,White,0,1
21,1,40,1,0,0,-1,NA,4,6316232,NA,0,White,0,0
19,1,42,1,0,0,-1,NA,1,5237099,40,0,White,1,0
20,1,39,7,0,0,-1,NA,6,9340841,NA,0,Other,0,0
24,1,39,1,0,0,-1,NA,1,7637335,40,0,White,1,0
22,1,36,1,0,0,-1,NA,7,11486874,NA,0,White,0,0
24,1,39,1,0,0,-1,NA,1,6904592,40,0,White,1,0
20,2,39,1,0,0,-1,NA,7,8047873,NA,1,White,0,0
18,2,40,1,0,1,1,College,7,7917263,NA,1,White,0,1
18,2,39,1,0,0,-1,NA,7,9366964,NA,1,White,0,0
20,1,39,1,0,0,-1,NA,1,10191837,40,0,White,1,0
20,1,39,1,1,0,-1,NA,1,6614320,40,0,White,1,0
23,2,39,1,0,0,-1,NA,1,7992735,40,1,White,1,0
21,1,42,1,0,0,-1,NA,2,5340492,40,0,White,1,0
21,2,42,1,0,1,1,College,1,4706937,35,1,White,1,1
21,1,39,1,0,0,-1,NA,6,5340492,NA,0,White,0,0
21,2,40,1,0,1,1,College,1,6510351,30,1,White,1,1
22,2,40,1,0,1,1,College,7,4256600,NA,1,White,0,1
20,2,39,1,1,1,1,College,7,3797907,NA,1,White,0,1
21,2,38,2,0,1,1,College,1,24550642,40,1,Black,1,1
20,2,39,1,0,0,-1,NA,1,24873859,50,1,White,1,0
18,1,37,2,0,1,1,High school,7,36907785,NA,0,Black,0,0
22,1,39,2,0,0,-1,NA,4,35485159,NA,0,Black,0,0
18,1,39,2,0,1,1,College,1,124746398,40,0,Black,1,1
22,2,40,2,0,1,1,College,7,45763032,NA,1,Black,0,1
22,1,43,1,0,0,-1,NA,1,55384228,45,0,White,1,0
23,1,39,1,0,0,-1,NA,4,11326069,NA,0,White,0,0
19,1,37,1,0,0,-1,NA,1,9567440,40,0,White,1,0
20,2,39,2,0,0,-1,NA,7,15525961,NA,1,Black,0,0
20,1,40,1,0,0,-1,NA,1,10665813,NA,0,White,1,0
21,1,39,1,0,1,1,College,7,4870716,NA,0,White,0,1
18,1,39,1,0,1,1,College,7,4505252,NA,0,White,0,1
18,1,39,1,1,0,-1,NA,7,55637950,NA,0,White,0,0
18,2,39,2,0,0,-1,NA,7,87982288,NA,1,Black,0,0
19,1,39,3,1,0,-1,NA,1,85606083,8,0,Other,1,0
18,2,40,1,0,1,1,College,1,85824416,16,1,White,1,1
24,2,43,1,1,0,-1,NA,1,55828605,40,1,White,1,0
20,1,39,1,1,0,-1,NA,1,38871850,40,0,White,1,0
18,2,38,1,1,1,1,High school,4,62239867,NA,1,White,0,0
18,1,39,2,1,0,-1,NA,1,61554572,40,0,Black,1,0
23,1,39,1,0,0,-1,NA,7,53305419,NA,0,White,0,0
19,2,39,1,0,1,1,College,7,56807341,NA,1,White,0,1
23,2,42,1,1,1,1,College,7,47875180,NA,1,White,0,1
24,1,42,1,1,0,-1,NA,1,43245030,40,0,White,1,0
19,1,37,2,0,0,-1,NA,4,49575633,NA,0,Black,0,0
23,1,39,1,1,1,1,College,7,46124607,NA,0,White,0,1
20,1,39,6,0,0,-1,NA,6,59764934,NA,0,Other,0,0
24,1,39,1,1,0,-1,NA,1,57327033,40,0,White,1,0
24,1,44,1,1,0,-1,NA,1,40559782,40,0,White,1,0
18,1,39,2,0,1,1,College,6,65210111,NA,0,Black,0,1
21,1,39,1,0,0,-1,NA,1,67062037,40,0,White,1,0
24,1,39,1,0,0,-1,NA,1,66285139,40,0,White,1,0
23,1,39,1,0,0,-1,NA,1,66285139,40,0,White,1,0
22,1,39,2,0,0,-1,NA,1,43175293,40,0,Black,1,0
22,2,40,1,1,1,2,College,1,70556737,30,1,White,1,1
22,1,39,1,0,1,1,College,1,52231701,12,0,White,1,1
21,1,39,4,0,1,1,College,1,36933318,20,0,Asian,1,1
21,1,39,1,0,1,1,College,7,52231701,NA,0,White,0,1
21,1,39,2,0,1,1,College,1,68526280,20,0,Black,1,1
24,2,43,2,0,0,-1,NA,1,101275773,20,1,Black,1,0
21,1,39,1,1,0,-1,NA,7,44868924,NA,0,White,0,0
20,2,40,1,1,1,1,College,7,45813710,NA,1,White,0,1
21,2,40,1,1,1,1,College,7,45813710,NA,1,White,0,1
19,2,39,1,1,1,1,College,7,49701702,NA,1,White,0,1
21,1,36,1,1,0,-1,NA,1,44156234,40,0,White,1,0
22,1,43,1,0,1,1,College,7,25004134,NA,0,White,0,1
23,2,39,1,0,0,-1,NA,1,24866537,40,1,White,1,0
23,2,39,1,1,0,-1,NA,1,21081988,4,1,White,1,0
19,2,39,1,1,1,1,College,7,16090569,NA,1,White,0,1
19,2,39,1,0,1,1,College,7,19806570,NA,1,White,0,1
22,1,40,1,0,1,1,College,1,28402482,10,0,White,1,1
22,1,39,1,0,0,-1,NA,1,27141238,36,0,White,1,0
23,2,39,2,0,0,-1,NA,7,52301314,NA,1,Black,0,0
22,1,40,1,0,1,1,College,7,46888188,NA,0,White,0,1
18,1,37,2,1,1,1,High school,1,29298684,30,0,Black,1,0
22,1,35,1,0,0,-1,NA,1,44161906,35,0,White,1,0
24,2,39,1,1,0,-1,NA,6,34819051,NA,1,White,0,0
19,1,39,1,0,1,1,College,7,28327458,NA,0,White,0,1
19,2,36,1,1,0,-1,NA,7,39703788,NA,1,White,0,0
18,2,37,2,0,1,1,High school,7,17912539,NA,1,Black,0,0
19,2,42,2,0,1,1,College,7,18880379,NA,1,Black,0,1
18,2,39,2,0,0,-1,NA,4,18880379,NA,1,Black,0,0
22,2,33,2,1,0,-1,NA,7,22072811,NA,1,Black,0,0
18,1,38,1,0,1,1,High school,7,17525299,NA,0,White,0,0
20,1,39,2,0,0,-1,NA,1,31801668,NA,0,Black,1,0
24,2,34,1,0,0,-1,NA,6,10289434,NA,1,White,0,0
22,2,40,2,0,0,-1,NA,1,46425961,40,1,Black,1,0
22,1,39,1,0,0,-1,NA,1,13144888,40,0,White,1,0
19,2,40,1,0,1,1,College,1,11738731,30,1,White,1,1
24,1,43,1,0,0,-1,NA,1,12320140,40,0,White,1,0
23,1,43,2,0,0,-1,NA,1,58298497,40,0,Black,1,0
24,1,43,1,0,0,-1,NA,1,51854152,40,0,White,1,0
19,1,39,1,1,0,-1,NA,7,60247409,NA,0,White,0,0
24,2,39,1,1,1,2,College,5,46802585,NA,1,White,0,1
24,2,43,6,1,0,-1,NA,1,55714201,20,1,Other,1,0
20,1,40,6,1,1,1,College,7,79679064,NA,0,Other,0,1
21,1,40,1,0,1,1,College,1,66300192,20,0,White,1,1
23,2,40,2,0,1,1,College,7,66774711,NA,1,Black,0,1
20,1,41,2,0,0,-1,NA,7,35105364,NA,0,Black,0,0
24,1,39,2,0,0,-1,NA,1,45772064,25,0,Black,1,0
24,1,43,1,0,0,-1,NA,4,71378937,NA,0,White,0,0
22,2,43,1,0,1,1,College,1,64346094,12,1,White,1,1
24,2,43,1,0,1,1,College,1,64346094,20,1,White,1,1
24,2,43,1,0,1,1,College,1,64346094,35,1,White,1,1
23,2,44,4,0,0,-1,NA,1,72985831,35,1,Asian,1,0
23,2,43,1,0,0,-1,NA,4,64346094,NA,1,White,0,0
24,2,43,1,0,0,-1,NA,7,55231824,NA,1,White,0,0
20,2,40,1,0,1,1,College,7,55231824,NA,1,White,0,1
19,1,40,1,0,1,1,College,7,56097753,NA,0,White,0,1
19,1,40,1,0,1,1,College,7,56097753,NA,0,White,0,1
22,1,40,1,0,1,1,College,7,61268503,NA,0,White,0,1
19,2,40,1,1,0,-1,NA,1,72431332,30,1,White,1,0
22,2,39,2,0,0,-1,NA,1,66774711,40,1,Black,1,0
22,1,44,4,0,1,1,College,7,41449572,NA,0,Asian,0,1
21,1,43,4,0,1,1,College,7,41449572,NA,0,Asian,0,1
21,2,39,7,1,0,-1,NA,1,66667101,40,1,Other,1,0
21,1,39,7,1,0,-1,NA,1,57254359,40,0,Other,1,0
24,1,39,2,0,0,-1,NA,1,37271445,35,0,Black,1,0
24,1,39,2,0,0,-1,NA,2,37271445,35,0,Black,1,0
24,1,39,1,0,0,-1,NA,1,63120070,40,0,White,1,0
18,1,39,1,1,0,-1,NA,1,38594252,25,0,White,1,0
23,1,39,1,0,0,-1,NA,7,58087926,NA,0,White,0,0
19,2,40,1,1,1,1,College,7,52991609,NA,1,White,0,1
18,2,37,1,1,1,1,High school,7,58893977,NA,1,White,0,0
18,2,40,1,0,1,1,College,1,48876682,24,1,White,1,1
22,1,43,1,0,0,-1,NA,1,53649663,45,0,White,1,0
24,2,43,1,0,0,-1,NA,1,52619120,20,1,White,1,0
22,1,39,2,0,0,-1,NA,1,100064728,NA,0,Black,1,0
22,2,39,1,0,0,-1,NA,1,52619120,50,1,White,1,0
21,2,43,1,0,0,-1,NA,1,45659920,40,1,White,1,0
21,2,39,1,0,1,1,College,1,45659920,11,1,White,1,1
19,2,39,1,0,0,-1,NA,1,47583486,40,1,White,1,0
24,2,44,4,0,1,1,College,7,38841698,NA,1,Asian,0,1
21,2,40,1,0,1,1,College,1,57135723,30,1,White,1,1
24,1,39,1,0,0,-1,NA,1,68428577,45,0,White,1,0
19,2,37,1,0,1,1,High school,1,47063615,NA,1,White,1,0
20,2,40,1,0,0,-1,NA,1,74724279,40,1,White,1,0
20,1,39,1,0,1,2,College,1,41169601,30,0,White,1,1
22,1,40,1,0,1,1,College,1,43709859,25,0,White,1,1
24,1,39,2,0,0,-1,NA,1,54639625,40,0,Black,1,0
22,2,39,1,0,0,-1,NA,1,57759674,20,1,White,1,0
20,2,40,1,0,0,-1,NA,1,46028433,32,1,White,1,0
21,2,40,1,0,0,-1,NA,7,57759674,NA,1,White,0,0
19,2,40,1,0,1,1,College,7,50916006,NA,1,White,0,1
18,2,39,6,0,1,1,College,1,52695773,24,1,Other,1,1
22,1,36,1,0,1,1,High school,6,53841851,NA,0,White,0,0
21,1,39,1,0,0,-1,NA,1,57639129,40,0,White,1,0
19,2,38,1,0,1,1,College,7,52679672,NA,1,White,0,1
18,2,37,8,0,1,1,High school,1,66972357,12,1,Other,1,0
21,1,39,2,0,1,1,College,1,75313596,40,0,Black,1,1
20,1,39,6,0,0,-1,NA,1,19716826,24,0,Other,1,0
19,2,39,6,0,0,-1,NA,1,20346257,24,1,Other,1,0
19,2,39,6,0,1,1,College,1,20346257,20,1,Other,1,1
18,1,37,6,0,1,1,High school,1,18618469,40,0,Other,1,0
23,2,40,1,0,1,1,College,1,18212743,NA,1,White,1,1
23,2,43,1,0,0,-1,NA,1,34939643,40,1,White,1,0
24,1,44,2,0,0,-1,NA,1,51772004,40,0,Black,1,0
18,2,39,1,0,0,-1,NA,4,56268632,NA,1,White,0,0
23,2,39,1,0,0,-1,NA,1,41797706,40,1,White,1,0
20,2,40,1,0,1,1,College,7,35508395,NA,1,White,0,1
19,2,38,1,0,1,2,High school,7,50787256,NA,1,White,0,0
23,2,43,1,0,0,-1,NA,1,8102068,40,1,White,1,0
24,2,43,1,0,0,-1,NA,1,8102068,60,1,White,1,0
23,2,43,1,0,0,-1,NA,1,8102068,40,1,White,1,0
19,1,39,4,0,1,1,College,7,7003376,NA,0,Asian,0,1
21,2,39,1,0,1,1,College,7,5667084,NA,1,White,0,1
24,2,44,1,0,0,-1,NA,1,59310220,15,1,White,1,0
24,2,43,1,0,0,-1,NA,1,59310220,42,1,White,1,0
22,2,43,1,0,1,1,College,7,50599453,NA,1,White,0,1
21,2,40,4,0,0,-1,NA,1,33325718,20,1,Asian,1,0
24,2,40,1,0,1,1,College,7,46970968,NA,1,White,0,1
20,2,39,1,1,0,-1,NA,7,57082261,NA,1,White,0,0
18,2,37,1,1,1,1,High school,7,51885907,NA,1,White,0,0
19,2,40,1,0,0,-1,NA,1,7094458,20,1,White,1,0
22,2,39,1,0,0,-1,NA,1,6694921,40,1,White,1,0
21,2,39,1,0,0,-1,NA,1,12425018,36,1,White,1,0
24,1,39,4,1,1,1,College,7,9522021,NA,0,Asian,0,1
18,2,37,4,1,1,1,High school,7,10274752,NA,1,Asian,0,0
18,2,37,2,0,1,1,High school,2,32553814,15,1,Black,1,0
22,1,43,1,0,0,-1,NA,1,3578511,40,0,White,1,0
22,1,43,2,0,0,-1,NA,1,6057078,40,0,Black,1,0
24,1,40,1,0,0,-1,NA,1,3802844,50,0,White,1,0
22,1,43,1,0,0,-1,NA,1,45718264,40,0,White,1,0
18,1,39,1,1,1,1,College,7,17133754,NA,0,White,0,1
21,2,42,2,0,1,1,College,7,28945770,NA,1,Black,0,1
23,2,39,1,0,0,-1,NA,1,10982438,22,1,White,1,0
23,2,40,4,0,1,1,College,7,13118412,NA,1,Asian,0,1
23,2,41,1,0,0,-1,NA,1,13322889,40,1,White,1,0
20,1,39,1,0,0,-1,NA,1,11306036,40,0,White,1,0
21,1,42,1,0,0,-1,NA,1,33664500,NA,0,White,1,0
24,2,41,2,0,0,-1,NA,1,69981824,40,1,Black,1,0
22,1,40,1,0,0,-1,NA,1,40446932,40,0,White,1,0
23,1,39,1,0,0,-1,NA,1,7181016,28,0,White,1,0
22,1,39,1,1,0,-1,NA,1,7411517,50,0,White,1,0
19,1,39,1,0,0,-1,NA,1,7112237,40,0,White,1,0
21,1,40,1,0,0,-1,NA,1,8627679,NA,0,White,1,0
23,1,40,1,0,0,-1,NA,1,7799920,40,0,White,1,0
22,1,40,1,0,0,-1,NA,4,8207973,NA,0,White,0,0
19,1,39,1,0,0,-1,NA,1,7515262,40,0,White,1,0
23,1,43,20,0,0,-1,NA,5,9397277,NA,0,Other,0,0
22,1,40,20,0,0,-1,NA,1,9397277,40,0,Other,1,0
18,1,39,20,0,1,2,College,1,8873787,40,0,Other,1,1
24,2,39,1,0,0,-1,NA,7,8278903,NA,1,White,0,0
21,1,39,1,1,1,1,College,7,53012963,NA,0,White,0,1
22,1,37,1,1,0,-1,NA,6,53261748,NA,0,White,0,0
19,2,40,1,1,1,1,College,7,46916895,NA,1,White,0,1
21,1,40,1,1,1,1,College,7,33786364,NA,0,White,0,1
19,2,40,1,1,1,1,College,7,47694538,NA,1,White,0,1
22,2,40,1,1,1,1,College,7,55361849,NA,1,White,0,1
18,1,38,1,1,0,-1,NA,7,74184446,NA,0,White,0,0
18,1,40,2,0,1,2,College,7,63138439,NA,0,Black,0,1
19,1,40,1,1,1,1,College,1,71595090,28,0,White,1,1
24,1,40,1,1,0,-1,NA,1,56549518,40,0,White,1,0
22,1,39,1,1,0,-1,NA,1,56549518,40,0,White,1,0
24,2,43,1,1,0,-1,NA,1,58779255,40,1,White,1,0
18,2,39,1,1,0,-1,NA,7,61619415,NA,1,White,0,0
24,2,43,4,0,1,2,College,1,55847436,40,1,Asian,1,1
19,1,39,1,1,0,-1,NA,6,70515538,NA,0,White,0,0
24,2,40,1,1,1,2,College,1,17439352,40,1,White,1,1
23,1,40,1,1,0,-1,NA,1,11917487,40,0,White,1,0
24,2,40,1,0,0,-1,NA,1,17614375,34,1,White,1,0
19,1,39,1,0,1,1,College,7,10474481,NA,0,White,0,1
24,2,43,1,0,0,-1,NA,1,60148786,40,1,White,1,0
21,1,39,1,1,0,-1,NA,1,41285144,40,0,White,1,0
19,2,39,1,1,1,2,College,1,44701269,27,1,White,1,1
21,1,39,1,0,0,-1,NA,1,54601776,40,0,White,1,0
19,2,38,2,0,1,1,High school,7,62256820,NA,1,Black,0,0
19,2,40,1,1,1,2,College,1,39143278,40,1,White,1,1
24,1,43,4,0,0,-1,NA,1,28455155,80,0,Asian,1,0
24,2,43,1,0,1,1,College,1,35943075,40,1,White,1,1
19,2,39,1,1,1,1,College,1,55716933,40,1,White,1,1
22,1,39,4,0,0,-1,NA,6,53584760,NA,0,Asian,0,0
18,2,38,1,0,1,1,High school,7,44772274,NA,1,White,0,0
19,1,39,1,0,0,-1,NA,1,39119000,NA,0,White,1,0
24,1,43,1,0,0,-1,NA,1,42724752,40,0,White,1,0
24,2,39,2,0,0,-1,NA,1,48513520,40,1,Black,1,0
22,2,39,2,0,0,-1,NA,4,48513520,NA,1,Black,0,0
20,2,39,1,1,0,-1,NA,1,51816675,20,1,White,1,0
23,1,43,1,0,1,1,College,7,42724752,NA,0,White,0,1
18,2,37,1,1,1,1,High school,7,55927011,NA,1,White,0,0
18,1,39,1,0,0,-1,NA,1,60710115,40,0,White,1,0
23,2,36,1,0,1,2,College,7,51448169,NA,1,White,0,1
22,2,36,1,0,1,2,College,1,51448169,25,1,White,1,1
21,1,40,1,1,1,1,College,1,43728336,14,0,White,1,1
19,1,39,1,1,1,1,College,4,47136354,NA,0,White,0,1
18,2,39,1,1,1,1,College,7,66333235,NA,1,White,0,1
20,2,41,1,1,0,-1,NA,1,56090231,40,1,White,1,0
23,1,40,1,0,1,2,College,1,46475680,24,0,White,1,1
21,1,42,2,1,0,-1,NA,1,65487100,50,0,Black,1,0
23,1,39,2,1,0,-1,NA,1,65487100,50,0,Black,1,0
21,1,40,1,1,1,1,College,7,51728181,NA,0,White,0,1
24,1,40,2,0,1,1,College,7,63988579,NA,0,Black,0,1
21,1,39,4,1,0,-1,NA,1,67682474,24,0,Asian,1,0
20,2,39,1,0,0,-1,NA,7,47622737,NA,1,White,0,0
20,2,40,1,0,0,-1,NA,1,47622737,25,1,White,1,0
21,2,39,1,0,0,-1,NA,1,47622737,40,1,White,1,0
24,2,39,1,1,0,-1,NA,1,38809791,40,1,White,1,0
20,2,40,1,1,1,1,College,7,38809791,NA,1,White,0,1
18,1,39,1,1,0,-1,NA,7,50732775,NA,0,White,0,0
18,1,40,1,1,1,1,College,7,50732775,NA,0,White,0,1
24,2,43,1,0,0,-1,NA,1,45605736,35,1,White,1,0
19,1,40,4,0,1,1,College,7,49200400,NA,0,Asian,0,1
22,1,40,1,0,1,1,College,7,47906582,NA,0,White,0,1
20,2,39,8,0,0,-1,NA,1,95576739,30,1,Other,1,0
19,2,40,8,0,1,1,College,7,101771032,NA,1,Other,0,1
23,2,43,8,0,1,1,College,1,95576739,NA,1,Other,1,1
20,1,40,1,0,1,2,College,7,50080247,NA,0,White,0,1
18,1,40,1,0,1,1,College,1,50209332,10,0,White,1,1
19,1,39,1,0,0,-1,NA,7,50913793,NA,0,White,0,0
18,2,39,1,0,0,-1,NA,7,62413409,NA,1,White,0,0
21,2,38,1,1,0,-1,NA,1,46485940,12,1,White,1,0
20,1,39,1,1,0,-1,NA,1,37128788,40,0,White,1,0
24,1,39,1,1,0,-1,NA,1,37128788,40,0,White,1,0
23,1,41,1,1,0,-1,NA,1,33264314,40,0,White,1,0
21,2,39,1,1,0,-1,NA,1,37870061,40,1,White,1,0
24,1,39,1,1,0,-1,NA,7,33264314,NA,0,White,0,0
19,1,39,1,0,0,-1,NA,1,39166255,40,0,White,1,0
18,2,39,1,0,1,1,College,7,50898032,NA,1,White,0,1
24,1,34,1,1,0,-1,NA,1,57936340,40,0,White,1,0
21,1,40,4,0,1,1,College,7,12331978,NA,0,Asian,0,1
22,1,43,9,0,0,-1,NA,1,14539650,40,0,Other,1,0
20,1,40,8,0,1,1,College,7,11889941,NA,0,Other,0,1
21,1,40,4,0,1,1,College,7,8506268,NA,0,Asian,0,1
20,1,37,1,1,0,-1,NA,1,6959372,40,0,White,1,0
23,1,41,1,0,0,-1,NA,1,9338736,22,0,White,1,0
22,2,42,1,0,1,1,College,7,10073501,NA,1,White,0,1
21,2,42,1,0,1,1,College,7,10073501,NA,1,White,0,1
21,2,42,1,0,1,1,College,1,10073501,10,1,White,1,1
21,2,42,1,0,1,1,College,7,10073501,NA,1,White,0,1
24,1,39,1,0,0,-1,NA,1,41446993,40,0,White,1,0
23,2,43,1,0,0,-1,NA,7,50635833,NA,1,White,0,0
21,2,40,1,1,0,-1,NA,1,54366239,37,1,White,1,0
20,2,40,1,1,0,-1,NA,7,54366239,NA,1,White,0,0
22,1,40,1,1,0,-1,NA,1,43843663,40,0,White,1,0
21,1,39,1,1,0,-1,NA,1,43843663,NA,0,White,1,0
21,2,40,1,1,1,1,College,7,56283109,NA,1,White,0,1
24,2,39,1,1,0,-1,NA,1,56283109,40,1,White,1,0
20,1,39,4,0,1,1,College,7,33652409,NA,0,Asian,0,1
20,2,40,1,0,1,1,College,7,53760179,NA,1,White,0,1
21,2,42,1,0,0,-1,NA,1,56950712,40,1,White,1,0
18,2,40,1,0,1,1,College,7,63175498,NA,1,White,0,1
19,2,38,1,1,1,1,College,1,41640323,15,1,White,1,1
19,1,39,1,1,0,-1,NA,1,58373782,40,0,White,1,0
19,2,39,1,0,1,1,College,7,38974649,NA,1,White,0,1
24,1,39,1,1,0,-1,NA,1,37173472,40,0,White,1,0
23,1,39,1,0,0,-1,NA,1,49723722,35,0,White,1,0
22,2,41,1,0,0,-1,NA,1,47300587,40,1,White,1,0
24,2,40,1,0,0,-1,NA,1,43051302,38,1,White,1,0
23,1,41,1,0,0,-1,NA,1,39281865,40,0,White,1,0
21,1,40,1,1,1,1,College,1,19417670,12,0,White,1,1
19,1,40,1,1,1,1,College,1,21113719,30,0,White,1,1
23,1,40,2,0,0,-1,NA,1,38795431,NA,0,Black,1,0
19,1,38,1,0,0,-1,NA,7,28202151,NA,0,White,0,0
23,2,43,1,0,0,-1,NA,1,25379639,50,1,White,1,0
24,2,39,1,0,0,-1,NA,2,22841071,40,1,White,1,0
24,2,43,1,1,0,-1,NA,7,19524300,NA,1,White,0,0
21,1,40,2,0,1,1,College,7,28207249,NA,0,Black,0,1
21,1,40,1,0,1,1,College,1,18987814,30,0,White,1,1
20,2,42,1,0,1,1,College,1,23091650,20,1,White,1,1
22,2,43,1,0,0,-1,NA,1,30016845,45,1,White,1,0
18,2,39,2,0,0,-1,NA,1,63094623,40,1,Black,1,0
22,2,39,2,0,0,-1,NA,7,50520522,NA,1,Black,0,0
21,2,37,2,0,0,-1,NA,7,50520522,NA,1,Black,0,0
19,1,39,2,0,0,-1,NA,6,67374846,NA,0,Black,0,0
18,2,39,6,0,0,-1,NA,1,75561614,25,1,Other,1,0
19,1,39,2,0,0,-1,NA,1,60692532,25,0,Black,1,0
20,2,40,2,1,1,1,College,1,46331586,NA,1,Black,1,1
19,1,39,1,1,0,-1,NA,1,47626898,NA,0,White,1,0
18,2,40,3,0,1,1,College,7,78113124,NA,1,Other,0,1
18,1,37,1,0,1,1,High school,1,40450230,6,0,White,1,0
24,2,44,4,0,0,-1,NA,4,42886753,NA,1,Asian,0,0
20,1,40,4,0,1,1,College,2,52312964,NA,0,Asian,1,1
23,1,35,1,1,0,-1,NA,1,46924703,40,0,White,1,0
23,2,40,1,0,1,1,College,1,7426170,5,1,White,1,1
23,2,40,1,0,1,1,College,1,7426170,35,1,White,1,1
23,2,40,1,0,1,1,College,1,7426170,30,1,White,1,1
24,2,39,1,0,1,1,College,1,11465307,30,1,White,1,1
21,1,41,1,1,0,-1,NA,1,10199214,40,0,White,1,0
24,2,43,1,0,1,1,College,1,18000494,20,1,White,1,1
20,2,40,1,0,1,1,College,7,13895217,NA,1,White,0,1
22,1,39,1,1,1,2,College,1,28248775,40,0,White,1,1
21,2,42,1,1,0,-1,NA,1,25910147,50,1,White,1,0
22,1,40,1,0,1,1,College,7,24554062,NA,0,White,0,1
20,1,40,1,0,0,-1,NA,7,24554062,NA,0,White,0,0
23,1,39,1,0,1,1,College,7,24348363,NA,0,White,0,1
24,1,38,1,1,0,-1,NA,4,38176483,NA,0,White,0,0
21,2,40,1,1,0,-1,NA,7,32077319,NA,1,White,0,0
24,1,39,3,1,0,-1,NA,4,19456690,NA,0,Other,0,0
21,2,39,5,1,1,1,College,1,22002925,24,1,Other,1,1
24,1,43,1,0,0,-1,NA,1,18084600,40,0,White,1,0
24,2,40,1,1,0,-1,NA,1,16061594,40,1,White,1,0
21,1,37,3,1,0,-1,NA,4,18595017,NA,0,Other,0,0
20,2,41,1,0,0,-1,NA,1,31868889,20,1,White,1,0
20,2,41,1,0,0,-1,NA,1,31868889,20,1,White,1,0
18,1,38,7,0,1,1,High school,7,29267623,NA,0,Other,0,0
23,2,43,1,0,0,-1,NA,1,29871167,40,1,White,1,0
23,1,43,1,0,0,-1,NA,1,41997048,40,0,White,1,0
24,2,39,1,0,0,-1,NA,1,23572287,40,1,White,1,0
20,2,39,1,0,0,-1,NA,7,25649476,NA,1,White,0,0
23,1,38,1,0,0,-1,NA,1,38239986,40,0,White,1,0
23,2,39,1,0,0,-1,NA,1,38743261,40,1,White,1,0
21,1,40,1,1,1,1,College,7,25354373,NA,0,White,0,1
18,2,37,1,1,1,1,High school,7,32520893,NA,1,White,0,0
23,1,39,7,0,0,-1,NA,1,35070599,40,0,Other,1,0
22,2,38,1,0,0,-1,NA,7,23572287,NA,1,White,0,0
20,2,40,1,0,1,1,College,7,41072808,NA,1,White,0,1
22,1,37,3,1,0,-1,NA,1,32211171,40,0,Other,1,0
23,2,39,1,0,0,-1,NA,1,40117693,30,1,White,1,0
24,2,39,1,0,0,-1,NA,1,41072808,40,1,White,1,0
23,1,39,1,0,0,-1,NA,1,9145626,38,0,White,1,0
21,1,39,1,0,0,-1,NA,1,7716783,66,0,White,1,0
21,2,39,1,0,0,-1,NA,1,7343138,45,1,White,1,0
21,1,39,1,0,0,-1,NA,1,7716783,40,0,White,1,0
24,2,39,1,0,0,-1,NA,1,6984001,40,1,White,1,0
22,1,43,1,0,0,-1,NA,1,6950205,60,0,White,1,0
23,2,43,1,0,0,-1,NA,1,9759302,40,1,White,1,0
20,1,40,1,1,1,1,College,1,45133412,40,0,White,1,1
24,1,33,1,1,0,-1,NA,1,41523681,36,0,White,1,0
24,2,39,1,1,0,-1,NA,7,47816574,NA,1,White,0,0
24,1,43,2,0,0,-1,NA,1,65068146,50,0,Black,1,0
24,2,44,1,0,0,-1,NA,1,70603025,50,1,White,1,0
19,1,39,1,1,0,-1,NA,7,55634869,NA,0,White,0,0
22,2,39,1,1,0,-1,NA,1,52509775,NA,1,White,1,0
18,1,36,1,1,0,-1,NA,1,59491527,NA,0,White,1,0
21,2,40,2,0,1,1,College,7,95110304,NA,1,Black,0,1
21,2,40,1,1,1,1,College,1,53566924,11,1,White,1,1
18,1,37,1,0,1,1,High school,7,53270311,NA,0,White,0,0
22,2,43,1,0,0,-1,NA,4,61982331,NA,1,White,0,0
19,2,39,1,1,1,1,College,1,54425950,25,1,White,1,1
20,2,42,1,0,1,1,College,1,61982331,26,1,White,1,1
24,1,42,1,0,0,-1,NA,1,58673602,60,0,White,1,0
22,1,39,1,1,0,-1,NA,1,64350766,40,0,White,1,0
22,2,42,1,0,0,-1,NA,1,59521058,32,1,White,1,0
24,2,43,1,0,0,-1,NA,1,63812019,70,1,White,1,0
20,2,40,1,1,1,1,College,7,55685486,NA,1,White,0,1
24,1,39,1,1,1,2,College,1,64350766,40,0,White,1,1
20,1,40,1,1,0,-1,NA,1,57529966,40,0,White,1,0
18,1,39,1,1,0,-1,NA,1,68496995,40,0,White,1,0
21,2,42,1,1,0,-1,NA,1,47576458,40,1,White,1,0
20,2,40,1,0,1,1,College,7,54476692,NA,1,White,0,1
21,2,40,1,0,1,1,College,7,54476692,NA,1,White,0,1
21,2,40,1,0,0,-1,NA,1,54476692,10,1,White,1,0
20,2,40,1,0,1,1,College,7,54476692,NA,1,White,0,1
21,2,40,1,0,1,1,College,7,54476692,NA,1,White,0,1
21,1,39,1,0,0,-1,NA,1,76135660,40,0,White,1,0
20,2,37,1,1,0,-1,NA,1,52582030,40,1,White,1,0
18,1,35,1,1,0,-1,NA,1,56766480,40,0,White,1,0
18,1,39,1,0,0,-1,NA,1,54842824,20,0,White,1,0
19,2,39,1,1,0,-1,NA,1,44031910,35,1,White,1,0
24,1,39,1,1,0,-1,NA,1,48612873,30,0,White,1,0
21,1,33,1,1,0,-1,NA,1,52031329,40,0,White,1,0
22,1,33,1,1,0,-1,NA,1,52031329,40,0,White,1,0
21,1,33,1,1,0,-1,NA,1,52031329,40,0,White,1,0
21,1,33,1,1,0,-1,NA,1,52031329,40,0,White,1,0
18,2,38,1,1,0,-1,NA,7,51955802,NA,1,White,0,0
23,1,43,1,0,0,-1,NA,1,58108361,60,0,White,1,0
23,2,43,1,0,0,-1,NA,1,62161014,40,1,White,1,0
24,2,37,1,0,0,-1,NA,7,51905634,NA,1,White,0,0
24,1,39,1,0,0,-1,NA,1,21656764,40,0,White,1,0
19,2,36,1,1,0,-1,NA,1,29947989,40,1,White,1,0
22,2,42,1,0,0,-1,NA,1,34039844,40,1,White,1,0
24,1,40,1,0,0,-1,NA,1,22988269,45,0,White,1,0
24,2,40,1,1,0,-1,NA,1,22209043,40,1,White,1,0
18,2,39,1,1,1,1,College,4,53450476,NA,1,White,0,1
18,2,39,2,0,1,1,College,4,31764806,NA,1,Black,0,1
18,2,39,1,0,0,-1,NA,1,47345176,40,1,White,1,0
22,2,40,2,0,1,1,College,1,53711257,25,1,Black,1,1
19,2,40,1,1,1,1,College,4,51526344,NA,1,White,0,1
18,2,40,1,1,1,2,College,4,57265507,NA,1,White,0,1
23,2,39,1,1,0,-1,NA,1,36858842,40,1,White,1,0
19,1,39,1,1,1,2,College,1,33791114,35,0,White,1,1
20,1,38,1,0,1,1,High school,7,35860073,NA,0,White,0,0
19,2,36,6,1,0,-1,NA,1,7395494,38,1,Other,1,0
24,2,39,1,1,0,-1,NA,2,6290270,44,1,White,1,0
18,1,38,1,1,0,-1,NA,7,5065892,NA,0,White,0,0
18,1,39,7,0,0,-1,NA,7,6873778,NA,0,Other,0,0
18,1,37,3,0,1,1,High school,7,6873778,NA,0,Other,0,0
18,2,37,3,0,1,1,High school,7,6213772,NA,1,Other,0,0
21,2,39,1,1,1,1,College,7,47001250,NA,1,White,0,1
18,2,37,1,1,1,1,High school,7,58861645,NA,1,White,0,0
18,2,36,1,0,0,-1,NA,7,20223765,NA,1,White,0,0
19,2,36,1,0,0,-1,NA,7,15174700,NA,1,White,0,0
23,2,40,1,0,1,1,College,7,18403552,NA,1,White,0,1
23,1,40,1,0,1,1,College,7,11877373,NA,0,White,0,1
23,2,40,1,0,1,1,College,7,18403552,NA,1,White,0,1
23,2,42,4,0,1,2,College,1,6776578,40,1,Asian,1,1
18,1,37,1,0,1,1,High school,7,7574422,NA,0,White,0,0
18,2,37,1,0,1,1,High school,7,10314089,NA,1,White,0,0
19,2,42,2,0,0,-1,NA,1,26092837,40,1,Black,1,0
22,2,40,1,0,1,1,College,1,9936088,10,1,White,1,1
23,1,39,1,1,0,-1,NA,1,14261638,53,0,White,1,0
19,1,40,1,0,1,1,College,7,12397265,NA,0,White,0,1
18,2,40,1,0,1,1,College,2,12559026,NA,1,White,1,1
19,1,37,1,0,0,-1,NA,7,6742085,NA,0,White,0,0
18,1,38,1,0,1,1,High school,7,6706272,NA,0,White,0,0
23,1,39,1,0,0,-1,NA,1,6799990,70,0,White,1,0
23,1,39,1,0,0,-1,NA,1,32793178,60,0,White,1,0
24,2,39,1,0,0,-1,NA,1,39099774,40,1,White,1,0
24,1,39,1,0,0,-1,NA,1,39220216,40,0,White,1,0
23,2,44,1,0,0,-1,NA,7,7343138,NA,1,White,0,0
22,1,43,1,0,1,1,College,1,6623735,40,0,White,1,1
21,1,39,1,0,0,-1,NA,1,6623735,40,0,White,1,0
21,1,43,1,0,1,1,College,1,6623735,30,0,White,1,1
21,1,43,1,0,1,1,College,1,6623735,25,0,White,1,1
23,1,35,1,1,0,-1,NA,7,4178357,NA,0,White,0,0
19,1,36,1,0,0,-1,NA,1,18656820,40,0,White,1,0
18,1,36,1,0,0,-1,NA,7,20429014,NA,0,White,0,0
22,1,39,1,0,0,-1,NA,1,20376492,40,0,White,1,0
19,2,39,3,0,0,-1,NA,1,26172055,20,1,Other,1,0
24,2,38,1,1,0,-1,NA,7,28883027,NA,1,White,0,0
22,2,43,2,0,1,1,College,7,32517367,NA,1,Black,0,1
24,2,40,2,0,0,-1,NA,1,43477840,35,1,Black,1,0
22,1,40,1,1,1,1,College,1,24893997,6,0,White,1,1
20,2,40,1,0,1,1,College,7,31571189,NA,1,White,0,1
20,2,40,1,0,1,1,College,7,31571189,NA,1,White,0,1
22,1,39,1,0,1,1,College,2,24892663,NA,0,White,1,1
18,1,40,1,1,1,1,College,7,44138665,NA,0,White,0,1
18,2,40,2,0,1,1,College,7,46514300,NA,1,Black,0,1
22,1,42,2,0,0,-1,NA,1,8983074,60,0,Black,1,0
20,2,40,2,0,1,1,College,7,17631852,NA,1,Black,0,1
18,1,38,1,1,1,1,High school,1,9204987,2,0,White,1,0
23,1,39,1,1,0,-1,NA,1,3213746,32,0,White,1,0
23,2,39,1,1,0,-1,NA,1,4456949,23,1,White,1,0
22,1,39,2,0,0,-1,NA,1,3746357,40,0,Black,1,0
23,2,43,1,0,1,1,College,1,4635210,20,1,White,1,1
18,1,38,2,0,1,1,High school,7,6046879,NA,0,Black,0,0
22,1,40,1,0,0,-1,NA,4,4870716,NA,0,White,0,0
24,1,42,3,1,1,2,College,1,85161842,16,0,Other,1,1
23,1,42,11,0,1,1,High school,7,82073581,NA,0,Other,0,0
18,1,38,2,0,0,-1,NA,1,79534408,40,0,Black,1,0
18,1,38,2,0,0,-1,NA,1,79534408,40,0,Black,1,0
18,2,38,2,0,0,-1,NA,1,76117186,20,1,Black,1,0
20,1,39,2,0,0,-1,NA,1,70413482,40,0,Black,1,0
20,1,39,2,0,0,-1,NA,1,70413482,40,0,Black,1,0
20,2,39,2,0,0,-1,NA,1,60947824,20,1,Black,1,0
20,2,39,2,0,1,1,College,7,84782106,NA,1,Black,0,1
24,1,39,1,0,0,-1,NA,1,56732511,40,0,White,1,0
21,2,43,4,0,0,-1,NA,1,44151693,40,1,Asian,1,0
24,2,43,1,1,0,-1,NA,1,55828605,38,1,White,1,0
24,1,39,1,1,0,-1,NA,1,64590389,40,0,White,1,0
20,2,37,1,0,0,-1,NA,4,52461216,NA,1,White,0,0
24,2,39,1,0,0,-1,NA,7,64260242,NA,1,White,0,0
18,2,38,1,1,0,-1,NA,7,61282256,NA,1,White,0,0
24,2,43,2,0,0,-1,NA,1,95800274,40,1,Black,1,0
19,1,40,1,1,1,1,College,7,65340852,NA,0,White,0,1
18,1,40,1,1,1,1,College,7,71547519,NA,0,White,0,1
23,2,42,1,0,0,-1,NA,7,63826356,NA,1,White,0,0
20,1,39,2,0,0,-1,NA,4,46540915,NA,0,Black,0,0
20,2,39,1,0,0,-1,NA,7,62304155,NA,1,White,0,0
24,1,40,1,1,0,-1,NA,1,51567045,45,0,White,1,0
22,2,39,1,0,1,1,College,7,50657207,NA,1,White,0,1
21,1,39,1,1,0,-1,NA,1,43245030,40,0,White,1,0
23,2,40,1,0,1,2,College,1,61165287,38,1,White,1,1
21,1,39,1,0,0,-1,NA,4,78017655,NA,0,White,0,0
23,2,42,1,0,1,1,College,5,58773888,NA,1,White,0,1
19,2,40,1,0,1,1,College,7,55524213,NA,1,White,0,1
18,1,37,1,0,1,1,High school,7,61522763,NA,0,White,0,0
22,1,39,2,0,0,-1,NA,1,72709921,NA,0,Black,1,0
22,1,39,7,1,0,-1,NA,1,66269093,30,0,Other,1,0
21,1,39,4,0,0,-1,NA,1,55294101,20,0,Asian,1,0
19,1,37,1,0,1,1,High school,6,38962516,NA,0,White,0,0
24,1,43,4,0,1,1,College,7,43882248,NA,0,Asian,0,1
19,2,39,1,0,0,-1,NA,4,50126307,NA,1,White,0,0
19,2,39,6,0,1,2,College,1,48768582,36,1,Other,1,1
20,1,39,1,1,0,-1,NA,1,37989289,40,0,White,1,0
19,2,40,1,0,1,1,College,7,42328898,NA,1,White,0,1
23,2,39,1,0,0,-1,NA,1,34941384,40,1,White,1,0
24,1,40,1,0,0,-1,NA,2,54240706,30,0,White,1,0
23,2,39,1,0,0,-1,NA,1,46097105,30,1,White,1,0
22,1,39,1,0,1,2,College,7,54240706,NA,0,White,0,1
19,1,37,1,0,1,1,High school,7,44973639,NA,0,White,0,0
19,1,39,2,0,1,1,College,7,40363824,NA,0,Black,0,1
19,2,39,1,0,1,1,College,7,37384963,NA,1,White,0,1
24,2,39,1,0,0,-1,NA,1,19253627,55,1,White,1,0
20,1,40,2,0,1,1,College,7,30708456,NA,0,Black,0,1
20,2,40,1,0,1,1,College,7,27755388,NA,1,White,0,1
19,2,40,1,0,1,1,College,1,22011291,6,1,White,1,1
20,1,40,1,0,1,1,College,1,21191946,25,0,White,1,1
20,1,39,1,0,0,-1,NA,4,18380204,NA,0,White,0,0
20,2,39,1,0,1,1,College,7,19072991,NA,1,White,0,1
20,2,36,1,0,1,1,High school,7,19072991,NA,1,White,0,0
20,2,31,1,0,1,1,High school,7,19072991,NA,1,White,0,0
24,2,41,1,0,0,-1,NA,1,20253322,40,1,White,1,0
19,2,39,1,0,0,-1,NA,7,26340534,NA,1,White,0,0
22,1,39,1,0,0,-1,NA,1,24855531,20,0,White,1,0
19,2,39,2,0,1,2,College,7,11275696,NA,1,Black,0,1
18,1,39,2,0,1,2,College,7,14318625,NA,0,Black,0,1
23,1,43,1,0,1,1,College,7,55610698,NA,0,White,0,1
24,1,43,2,0,1,1,College,7,46273117,NA,0,Black,0,1
20,1,40,2,0,1,1,College,2,46273117,NA,0,Black,1,1
21,1,40,2,0,0,-1,NA,1,53029653,30,0,Black,1,0
23,1,43,2,0,0,-1,NA,1,20594666,16,0,Black,1,0
24,1,40,2,0,1,1,College,7,20594666,NA,0,Black,0,1
18,2,39,1,0,1,1,College,7,45669339,NA,1,White,0,1
18,2,39,1,0,1,1,College,7,45669339,NA,1,White,0,1
20,1,37,2,0,0,-1,NA,7,32707566,NA,0,Black,0,0
22,2,43,4,0,0,-1,NA,1,31189057,20,1,Asian,1,0
24,2,43,1,0,0,-1,NA,1,31454768,35,1,White,1,0
19,1,39,4,0,1,1,College,1,30494876,18,0,Asian,1,1
23,1,43,1,0,1,1,College,1,33899229,20,0,White,1,1
21,2,39,1,0,0,-1,NA,1,32094227,40,1,White,1,0
20,1,39,2,0,0,-1,NA,7,32278522,NA,0,Black,0,0
20,2,39,2,0,0,-1,NA,1,25286013,40,1,Black,1,0
22,2,40,1,0,1,1,College,7,14599405,NA,1,White,0,1
22,1,40,1,0,1,1,College,7,18426000,NA,0,White,0,1
19,2,40,2,0,1,1,College,7,38552869,NA,1,Black,0,1
22,1,39,1,0,0,-1,NA,1,11306036,40,0,White,1,0
24,1,43,1,0,0,-1,NA,1,15210946,40,0,White,1,0
23,1,40,6,1,0,-1,NA,7,17669512,NA,0,Other,0,0
20,2,39,6,1,0,-1,NA,7,16097625,NA,1,Other,0,0
24,1,40,1,1,0,-1,NA,1,13595352,40,0,White,1,0
19,1,39,1,1,0,-1,NA,4,16198628,NA,0,White,0,0
18,2,39,1,0,0,-1,NA,7,18687634,NA,1,White,0,0
24,1,43,1,0,1,1,College,7,13966549,NA,0,White,0,1
23,2,43,1,1,1,1,College,1,45817771,40,1,White,1,1
20,2,42,1,1,1,1,College,7,61643144,NA,1,White,0,1
24,1,39,1,1,1,1,College,7,43170859,NA,0,White,0,1
23,2,40,1,0,0,-1,NA,1,56819172,37,1,White,1,0
24,2,40,1,1,1,1,College,1,58058963,NA,1,White,1,1
22,2,39,1,0,0,-1,NA,7,54493040,NA,1,White,0,0
24,2,43,1,0,1,1,College,7,74089632,NA,1,White,0,1
23,2,40,4,0,1,1,College,7,52564943,NA,1,Asian,0,1
19,2,39,1,0,1,1,High school,7,64822316,NA,1,White,0,0
21,1,40,1,0,1,1,College,7,63091574,NA,0,White,0,1
20,1,40,1,0,1,1,College,7,63091574,NA,0,White,0,1
21,2,42,1,0,1,2,College,1,45705791,25,1,White,1,1
19,2,39,1,0,1,1,College,7,48203289,NA,1,White,0,1
20,1,39,1,1,0,-1,NA,1,53449607,40,0,White,1,0
18,2,39,1,1,1,1,High school,7,54043247,NA,1,White,0,0
22,2,41,1,0,1,1,College,1,54493040,20,1,White,1,1
21,2,40,1,0,1,1,College,7,67422010,NA,1,White,0,1
23,1,39,6,0,0,-1,NA,7,61772943,NA,0,Other,0,0
23,1,39,1,0,0,-1,NA,1,56034516,40,0,White,1,0
20,2,43,1,0,0,-1,NA,7,73051798,NA,1,White,0,0
21,1,40,1,0,1,1,College,7,65048909,NA,0,White,0,1
18,1,43,1,0,1,1,College,7,53902935,NA,0,White,0,1
18,1,43,1,0,1,1,College,7,53902935,NA,0,White,0,1
18,1,45,1,0,1,1,College,7,53902935,NA,0,White,0,1
18,1,39,1,0,0,-1,NA,6,53762614,NA,0,White,0,0
23,2,43,1,0,0,-1,NA,4,65432871,NA,1,White,0,0
20,1,40,1,1,1,1,College,7,57011496,NA,0,White,0,1
24,2,39,1,1,0,-1,NA,1,49639383,NA,1,White,1,0
21,2,39,1,1,0,-1,NA,6,73366970,NA,1,White,0,0
19,2,39,1,1,0,-1,NA,6,69203856,NA,1,White,0,0
23,1,43,2,0,0,-1,NA,1,35105364,40,0,Black,1,0
23,1,43,4,0,0,-1,NA,1,55234545,25,0,Asian,1,0
22,2,39,2,0,0,-1,NA,7,50855252,NA,1,Black,0,0
18,1,40,2,1,1,1,College,7,56280821,NA,0,Black,0,1
23,2,42,1,1,1,1,College,1,68779946,20,1,White,1,1
24,2,39,1,0,0,-1,NA,1,57282783,40,1,White,1,0
24,1,39,6,0,0,-1,NA,1,86836769,40,0,Other,1,0
23,2,39,1,1,0,-1,NA,7,61550371,NA,1,White,0,0
22,2,39,4,0,0,-1,NA,7,44468144,NA,1,Asian,0,0
22,1,43,2,0,0,-1,NA,7,55119236,NA,0,Black,0,0
22,1,43,2,0,0,-1,NA,7,55119236,NA,0,Black,0,0
22,1,43,2,0,0,-1,NA,7,55119236,NA,0,Black,0,0
22,1,43,2,0,0,-1,NA,7,55119236,NA,0,Black,0,0
22,2,43,2,0,1,1,College,7,67229037,NA,1,Black,0,1
22,2,43,2,0,1,1,College,7,67229037,NA,1,Black,0,1
24,1,42,1,0,1,2,College,1,65048909,17,0,White,1,1
21,2,40,1,0,0,-1,NA,1,65432871,55,1,White,1,0
22,1,35,1,0,0,-1,NA,4,50190403,NA,0,White,0,0
19,1,39,1,1,1,1,College,7,59018148,NA,0,White,0,1
19,1,39,1,1,1,1,College,1,59018148,40,0,White,1,1
20,1,40,1,0,1,1,College,1,65048909,15,0,White,1,1
20,1,38,1,0,1,2,High school,1,53100831,30,0,White,1,0
18,1,38,1,0,1,2,High school,1,49116524,30,0,White,1,0
18,2,38,2,1,1,1,High school,1,52372387,8,1,Black,1,0
19,2,40,1,0,1,2,College,1,45273552,25,1,White,1,1
20,1,40,1,0,1,1,College,7,51981952,NA,0,White,0,1
20,1,40,1,0,1,1,College,1,51981952,NA,0,White,1,1
20,1,39,2,0,0,-1,NA,7,57263879,NA,0,Black,0,0
19,1,39,2,0,0,-1,NA,1,79128110,NA,0,Black,1,0
21,1,39,1,0,0,-1,NA,2,48655998,40,0,White,1,0
18,2,40,1,0,1,1,College,7,54528785,NA,1,White,0,1
18,2,40,1,0,1,1,College,4,62839722,NA,1,White,0,1
21,2,40,2,0,1,1,College,7,54964796,NA,1,Black,0,1
22,1,40,1,0,0,-1,NA,6,56423273,NA,0,White,0,0
22,2,41,1,0,0,-1,NA,1,63964626,40,1,White,1,0
19,1,39,4,0,1,1,College,7,50082036,NA,0,Asian,0,1
19,2,39,4,0,1,1,College,7,48536655,NA,1,Asian,0,1
18,2,36,2,1,1,1,High school,7,86152750,NA,1,Black,0,0
23,1,39,1,0,0,-1,NA,1,61898962,35,0,White,1,0
23,1,43,1,0,0,-1,NA,1,45466424,40,0,White,1,0
19,1,39,1,0,0,-1,NA,7,51562001,NA,0,White,0,0
20,2,39,1,0,0,-1,NA,1,60853504,NA,1,White,1,0
20,1,39,1,0,0,-1,NA,4,69560073,NA,0,White,0,0
23,2,40,1,0,0,-1,NA,1,66367236,30,1,White,1,0
24,1,40,2,0,0,-1,NA,1,114272270,40,0,Black,1,0
23,1,40,1,0,1,1,College,7,53135066,NA,0,White,0,1
21,1,40,1,0,0,-1,NA,7,53135066,NA,0,White,0,0
21,2,39,1,0,0,-1,NA,1,48868492,40,1,White,1,0
24,1,39,1,0,0,-1,NA,1,54288254,48,0,White,1,0
19,1,37,1,0,1,1,High school,7,56103598,NA,0,White,0,0
19,2,40,2,0,1,1,College,4,104630501,NA,1,Black,0,1
18,1,37,1,0,1,1,High school,4,50693575,NA,0,White,0,0
23,2,39,1,0,0,-1,NA,4,56007838,NA,1,White,0,0
23,2,35,1,0,0,-1,NA,1,74406677,30,1,White,1,0
21,1,39,1,0,0,-1,NA,1,74177732,40,0,White,1,0
19,2,39,1,0,0,-1,NA,1,65089150,28,1,White,1,0
20,1,40,1,0,1,1,College,1,67930721,20,0,White,1,1
19,2,39,1,0,0,-1,NA,1,64737344,35,1,White,1,0
24,1,43,1,0,0,-1,NA,1,61195595,40,0,White,1,0
23,1,43,1,0,0,-1,NA,1,61195595,40,0,White,1,0
23,2,39,1,0,0,-1,NA,1,59513139,30,1,White,1,0
22,2,38,1,0,0,-1,NA,1,59513139,20,1,White,1,0
24,2,40,1,0,0,-1,NA,1,42248097,40,1,White,1,0
23,2,40,1,0,0,-1,NA,1,46028433,40,1,White,1,0
20,2,40,1,0,1,1,College,1,46028433,40,1,White,1,1
24,2,39,1,1,1,1,College,1,15823563,NA,1,White,1,1
20,2,40,1,0,1,1,College,1,18212743,5,1,White,1,1
20,2,40,1,0,1,1,College,7,18212743,NA,1,White,0,1
23,2,40,1,0,0,-1,NA,1,19416785,32,1,White,1,0
24,1,42,1,0,0,-1,NA,1,14037369,40,0,White,1,0
23,1,43,1,0,0,-1,NA,1,50009294,40,0,White,1,0
20,1,41,2,0,0,-1,NA,1,28696446,40,0,Black,1,0
19,2,40,4,0,1,1,College,7,41134267,NA,1,Asian,0,1
18,1,39,1,0,1,1,College,7,44329779,NA,0,White,0,1
19,1,39,1,0,0,-1,NA,1,32793876,40,0,White,1,0
24,2,43,1,0,0,-1,NA,1,35718828,40,1,White,1,0
19,1,40,7,0,1,1,College,7,48705452,NA,0,Other,0,1
22,1,39,1,0,0,-1,NA,1,31573473,20,0,White,1,0
24,2,39,1,0,0,-1,NA,1,35718828,40,1,White,1,0
19,1,39,1,1,1,1,College,7,45130320,NA,0,White,0,1
23,1,39,1,1,0,-1,NA,4,37877441,NA,0,White,0,0
19,2,40,1,0,1,1,College,7,44611092,NA,1,White,0,1
20,1,39,1,0,0,-1,NA,1,39513259,40,0,White,1,0
21,2,39,1,0,0,-1,NA,1,46097862,25,1,White,1,0
23,2,42,2,0,0,-1,NA,1,32306325,25,1,Black,1,0
19,2,39,2,0,0,-1,NA,1,40347078,32,1,Black,1,0
20,2,40,2,0,0,-1,NA,1,58170828,40,1,Black,1,0
24,1,43,1,0,0,-1,NA,1,10075371,45,0,White,1,0
24,2,43,1,0,0,-1,NA,1,8139517,45,1,White,1,0
23,2,43,1,0,1,2,College,1,53283695,40,1,White,1,1
24,1,43,1,0,0,-1,NA,1,49647596,40,0,White,1,0
24,2,39,2,0,1,2,College,1,64657474,40,1,Black,1,1
19,2,39,2,0,0,-1,NA,1,69445563,40,1,Black,1,0
19,1,39,1,1,1,1,College,7,49908958,NA,0,White,0,1
22,2,43,1,0,0,-1,NA,1,52167564,40,1,White,1,0
21,1,39,1,0,1,1,College,7,61505445,NA,0,White,0,1
23,2,43,4,1,0,-1,NA,1,62799112,40,1,Asian,1,0
18,1,39,1,0,0,-1,NA,4,48522138,NA,0,White,0,0
18,1,37,1,0,1,1,High school,7,56462573,NA,0,White,0,0
19,1,39,1,0,0,-1,NA,1,49488574,NA,0,White,1,0
20,2,43,1,0,0,-1,NA,1,56608266,NA,1,White,1,0
23,2,40,1,0,1,1,College,1,11807317,40,1,White,1,1
20,2,39,1,0,1,1,College,1,11807317,NA,1,White,1,1
18,1,40,1,0,1,1,College,1,9921703,NA,0,White,1,1
23,2,41,1,0,0,-1,NA,1,7830793,41,1,White,1,0
19,1,39,1,0,0,-1,NA,1,6726604,30,0,White,1,0
20,2,39,1,0,0,-1,NA,1,6883479,40,1,White,1,0
20,1,39,1,0,0,-1,NA,1,9434503,40,0,White,1,0
22,1,39,1,0,0,-1,NA,1,10191837,NA,0,White,1,0
23,1,39,1,0,0,-1,NA,7,27054809,NA,0,White,0,0
21,2,39,1,0,0,-1,NA,7,23427647,NA,1,White,0,0
20,2,39,1,0,0,-1,NA,7,23427647,NA,1,White,0,0
23,2,43,1,0,0,-1,NA,2,28275099,40,1,White,1,0
20,2,40,1,0,1,1,College,1,25583010,20,1,White,1,1
19,2,40,1,0,1,1,College,7,29186451,NA,1,White,0,1
20,2,40,1,0,1,1,College,7,36689298,NA,1,White,0,1
18,2,39,2,0,0,-1,NA,1,32553814,24,1,Black,1,0
18,1,39,1,0,0,-1,NA,1,9865527,40,0,White,1,0
23,2,39,3,1,0,-1,NA,1,10506199,38,1,Other,1,0
21,2,38,2,0,1,1,College,1,5950126,20,1,Black,1,1
23,2,38,2,0,0,-1,NA,7,8406666,NA,1,Black,0,0
21,2,39,1,0,1,1,College,7,4635210,NA,1,White,0,1
23,1,43,1,0,0,-1,NA,1,4870716,40,0,White,1,0
23,2,43,1,0,0,-1,NA,1,4635210,27,1,White,1,0
19,1,39,4,0,0,-1,NA,4,28334855,NA,0,Asian,0,0
21,2,40,4,0,1,1,College,7,46314864,NA,1,Asian,0,1
22,2,39,1,1,0,-1,NA,7,21151858,NA,1,White,0,0
19,1,40,2,0,1,1,College,7,36724033,NA,0,Black,0,1
18,2,36,1,0,1,1,High school,7,24412148,NA,1,White,0,0
22,2,43,1,0,1,1,College,1,20715406,15,1,White,1,1
20,2,39,1,0,0,-1,NA,4,16418139,NA,1,White,0,0
24,1,42,1,0,0,-1,NA,1,20904407,43,0,White,1,0
23,2,40,1,0,1,1,College,1,23417355,40,1,White,1,1
22,1,43,2,0,0,-1,NA,1,24144544,30,0,Black,1,0
18,1,39,4,0,1,1,College,7,21470576,NA,0,Asian,0,1
22,2,39,1,0,0,-1,NA,5,24866537,NA,1,White,0,0
18,2,37,2,0,1,1,High school,7,19019745,NA,1,Black,0,0
19,2,40,1,0,1,1,College,7,16911847,NA,1,White,0,1
19,2,40,1,0,1,1,College,7,16911847,NA,1,White,0,1
18,2,38,2,0,1,1,High school,7,23460484,NA,1,Black,0,0
18,1,39,1,0,0,-1,NA,1,18608569,NA,0,White,1,0
18,1,35,2,0,1,1,High school,7,28349682,NA,0,Black,0,0
22,1,39,1,0,0,-1,NA,4,12320140,NA,0,White,0,0
21,1,40,1,0,1,1,College,7,10994922,NA,0,White,0,1
19,1,39,1,0,0,-1,NA,7,10755784,NA,0,White,0,0
19,2,39,1,0,1,1,College,1,51213771,15,1,White,1,1
23,1,39,1,0,1,1,College,1,51854152,35,0,White,1,1
20,2,39,1,0,1,1,College,1,30114648,10,1,White,1,1
19,2,39,2,0,0,-1,NA,1,33913808,NA,1,Black,1,0
21,1,37,2,0,0,-1,NA,4,39727097,NA,0,Black,0,0
24,1,39,1,0,0,-1,NA,1,4410878,35,0,White,1,0
18,1,39,1,0,0,-1,NA,1,6354502,40,0,White,1,0
19,2,40,4,0,1,1,College,7,6005421,NA,1,Asian,0,1
23,2,41,1,0,0,-1,NA,6,5415658,NA,1,White,0,0
18,1,39,6,0,0,-1,NA,1,9157908,NA,0,Other,1,0
24,1,41,1,0,0,-1,NA,1,11452425,40,0,White,1,0
23,2,39,1,0,0,-1,NA,7,12373851,NA,1,White,0,0
22,2,40,1,0,1,1,College,7,8401434,NA,1,White,0,1
21,1,39,1,0,0,-1,NA,7,7257651,NA,0,White,0,0
24,1,39,1,1,0,-1,NA,1,5021324,40,0,White,1,0
19,2,40,7,0,1,1,College,7,10975016,NA,1,Other,0,1
20,2,40,2,0,1,1,College,7,5692223,NA,1,Black,0,1
20,2,40,1,0,1,2,College,1,59007547,30,1,White,1,1
18,2,39,1,0,1,1,College,7,57367778,NA,1,White,0,1
19,2,38,1,0,1,2,High school,1,49870389,30,1,White,1,0
18,1,39,1,1,0,-1,NA,4,78395841,NA,0,White,0,0
20,1,40,1,1,1,2,College,1,56285377,NA,0,White,1,1
19,1,40,1,1,1,2,College,1,60672041,NA,0,White,1,1
24,2,43,1,0,0,-1,NA,7,49732493,NA,1,White,0,0
24,1,39,1,1,0,-1,NA,1,64214988,45,0,White,1,0
21,2,40,1,1,1,2,College,7,30921850,NA,1,White,0,1
21,1,37,1,0,0,-1,NA,4,11583439,NA,0,White,0,0
20,2,39,4,0,0,-1,NA,7,16883444,NA,1,Asian,0,0
23,2,39,1,0,1,1,College,7,17703174,NA,1,White,0,1
18,1,37,1,0,1,1,High school,1,12077024,10,0,White,1,0
18,1,38,2,0,1,1,College,7,28491681,NA,0,Black,0,1
24,1,41,1,0,0,-1,NA,1,11368050,40,0,White,1,0
19,1,40,1,0,1,1,College,7,11120797,NA,0,White,0,1
21,2,40,1,1,1,1,College,7,17295957,NA,1,White,0,1
18,1,39,2,0,0,-1,NA,1,25576985,35,0,Black,1,0
24,2,39,1,1,1,1,College,6,68546381,NA,1,White,0,1
23,1,39,1,1,1,1,College,7,59541772,NA,0,White,0,1
23,1,43,1,1,0,-1,NA,7,38010054,NA,0,White,0,0
21,2,39,1,1,0,-1,NA,1,52185955,40,1,White,1,0
19,1,40,1,1,1,1,College,1,53833492,NA,0,White,1,1
23,1,39,1,1,1,1,High school,7,34124941,NA,0,White,0,0
20,1,43,1,1,1,2,College,1,39951285,30,0,White,1,1
22,1,39,2,1,0,-1,NA,1,43105698,40,0,Black,1,0
24,2,39,1,1,0,-1,NA,1,48373627,40,1,White,1,0
24,1,39,1,1,0,-1,NA,1,40854917,40,0,White,1,0
18,1,40,1,1,1,1,College,7,48222215,NA,0,White,0,1
19,1,40,1,1,1,1,College,1,37105607,30,0,White,1,1
21,1,40,1,0,1,1,College,7,62061193,NA,0,White,0,1
20,1,40,1,0,1,1,College,7,62061193,NA,0,White,0,1
18,2,37,1,1,1,1,High school,7,47099662,NA,1,White,0,0
21,2,39,1,1,1,1,College,7,51816675,NA,1,White,0,1
22,2,40,1,0,1,1,College,7,50710182,NA,1,White,0,1
21,2,39,1,1,0,-1,NA,1,36065101,35,1,White,1,0
21,1,39,1,1,0,-1,NA,7,51425927,NA,0,White,0,0
21,1,39,1,1,0,-1,NA,7,51425927,NA,0,White,0,0
22,1,43,4,0,0,-1,NA,7,47653214,NA,0,Asian,0,0
23,1,43,1,0,0,-1,NA,1,58677556,40,0,White,1,0
24,1,43,4,0,1,1,College,7,34408642,NA,0,Asian,0,1
18,1,38,1,1,1,1,High school,7,56907334,NA,0,White,0,0
20,1,38,1,0,0,-1,NA,1,45796857,40,0,White,1,0
21,1,39,1,1,0,-1,NA,1,51728181,36,0,White,1,0
22,1,40,1,0,0,-1,NA,1,48294337,38,0,White,1,0
20,2,40,1,0,0,-1,NA,4,58870074,NA,1,White,0,0
20,1,39,1,0,1,1,College,1,47169765,15,0,White,1,1
19,1,39,1,0,1,1,College,1,43188877,15,0,White,1,1
24,1,39,19,0,0,-1,NA,7,70912830,NA,0,Other,0,0
22,1,43,1,0,0,-1,NA,1,50822561,40,0,White,1,0
22,1,43,6,0,0,-1,NA,1,63741905,40,0,Other,1,0
18,1,33,1,1,0,-1,NA,7,50772704,NA,0,White,0,0
20,1,32,1,1,0,-1,NA,1,42643504,40,0,White,1,0
23,2,43,1,0,1,1,College,1,49799484,30,1,White,1,1
22,2,40,1,1,0,-1,NA,7,42816830,NA,1,White,0,0
21,1,39,1,1,0,-1,NA,1,42900688,40,0,White,1,0
22,1,32,1,0,0,-1,NA,6,47588951,NA,0,White,0,0
21,2,39,1,1,0,-1,NA,1,57674594,40,1,White,1,0
22,1,39,1,1,0,-1,NA,1,53148879,20,0,White,1,0
24,1,39,2,0,0,-1,NA,1,54365928,35,0,Black,1,0
18,2,37,1,0,1,1,High school,7,89631172,NA,1,White,0,0
21,2,39,1,0,0,-1,NA,1,48875466,40,1,White,1,0
23,2,40,1,1,0,-1,NA,1,70703932,15,1,White,1,0
19,2,39,1,0,0,-1,NA,7,52038790,NA,1,White,0,0
18,1,40,1,1,1,1,College,7,56900947,NA,0,White,0,1
21,2,42,1,0,1,1,College,1,52352799,40,1,White,1,1
21,1,39,1,1,0,-1,NA,7,57936340,NA,0,White,0,0
18,2,37,1,1,1,1,High school,7,57332228,NA,1,White,0,0
21,2,40,4,0,1,1,College,1,7200867,25,1,Asian,1,1
20,1,40,1,1,1,1,College,1,8477728,NA,0,White,1,1
22,1,40,4,0,1,1,College,1,7639527,10,0,Asian,1,1
21,2,39,5,0,0,-1,NA,1,11255207,NA,1,Other,1,0
20,1,39,4,0,0,-1,NA,1,13724515,30,0,Asian,1,0
18,1,37,4,0,1,1,High school,1,12959970,8,0,Asian,1,0
23,2,40,21,0,0,-1,NA,1,9043104,40,1,Other,1,0
19,1,39,1,0,1,1,College,7,10218318,NA,0,White,0,1
18,1,40,1,0,1,1,College,7,7574422,NA,0,White,0,1
19,1,39,1,0,0,-1,NA,7,7718506,NA,0,White,0,0
18,1,37,1,0,0,-1,NA,1,8451680,40,0,White,1,0
18,1,37,1,0,1,1,High school,7,8451680,NA,0,White,0,0
21,2,40,1,0,0,-1,NA,7,10041368,NA,1,White,0,0
18,1,39,1,0,0,-1,NA,1,10118387,35,0,White,1,0
24,1,45,4,0,1,1,College,7,6911890,NA,0,Asian,0,1
24,2,45,1,0,1,1,College,7,13550656,NA,1,White,0,1
23,2,40,1,0,0,-1,NA,1,13072077,40,1,White,1,0
22,1,39,1,0,0,-1,NA,1,9881009,40,0,White,1,0
24,1,38,8,0,0,-1,NA,7,11062931,NA,0,Other,0,0
22,2,39,3,0,0,-1,NA,1,9543632,40,1,Other,1,0
24,1,40,1,1,0,-1,NA,1,35253391,40,0,White,1,0
23,2,43,4,0,1,1,College,4,50367974,NA,1,Asian,0,1
23,2,43,4,0,0,-1,NA,1,50367974,40,1,Asian,1,0
21,2,40,4,0,1,1,College,7,52549496,NA,1,Asian,0,1
24,1,43,4,0,0,-1,NA,1,39420247,40,0,Asian,1,0
22,2,43,4,0,0,-1,NA,4,42616845,NA,1,Asian,0,0
19,1,40,1,1,1,1,College,7,61569372,NA,0,White,0,1
21,1,41,2,0,0,-1,NA,7,49615590,NA,0,Black,0,0
23,1,39,1,0,0,-1,NA,7,34510149,NA,0,White,0,0
21,1,37,1,0,0,-1,NA,6,34510149,NA,0,White,0,0
23,2,43,1,0,0,-1,NA,1,38632954,40,1,White,1,0
19,1,39,1,0,0,-1,NA,1,35704324,36,0,White,1,0
22,1,43,1,0,0,-1,NA,1,48430978,45,0,White,1,0
19,2,40,1,0,1,1,College,7,55375246,NA,1,White,0,1
19,1,40,1,0,1,1,College,7,40910968,NA,0,White,0,1
18,1,36,1,1,1,1,High school,7,40082142,NA,0,White,0,0
20,1,39,1,0,0,-1,NA,1,40746159,20,0,White,1,0
21,1,39,2,0,1,1,College,7,49615590,NA,0,Black,0,1
21,2,39,2,0,1,1,College,7,130211290,NA,1,Black,0,1
22,1,39,1,0,0,-1,NA,1,47003352,16,0,White,1,0
19,1,39,1,0,1,1,College,7,38368772,NA,0,White,0,1
22,1,39,1,0,0,-1,NA,1,47470551,40,0,White,1,0
23,2,35,1,1,0,-1,NA,1,69116022,32,1,White,1,0
19,1,33,1,1,0,-1,NA,1,45878613,30,0,White,1,0
18,2,39,1,1,0,-1,NA,1,48230546,40,1,White,1,0
24,1,39,1,0,0,-1,NA,1,44488801,NA,0,White,1,0
19,1,39,1,0,0,-1,NA,7,45781873,NA,0,White,0,0
23,2,43,1,0,0,-1,NA,1,50032376,20,1,White,1,0
20,1,40,1,0,1,1,College,1,41703678,24,0,White,1,1
23,2,43,1,0,0,-1,NA,1,28211095,20,1,White,1,0
18,1,39,1,0,0,-1,NA,7,32784931,NA,0,White,0,0
19,1,40,1,0,1,1,College,7,29285335,NA,0,White,0,1
20,1,39,1,0,0,-1,NA,1,23030375,40,0,White,1,0
23,1,39,1,0,0,-1,NA,1,27519466,40,0,White,1,0
24,2,39,2,0,0,-1,NA,1,33057770,40,1,Black,1,0
24,2,39,2,0,0,-1,NA,1,33057770,40,1,Black,1,0
23,2,39,2,0,0,-1,NA,1,33057770,40,1,Black,1,0
23,2,43,1,0,1,1,College,7,28580358,NA,1,White,0,1
22,1,39,1,0,0,-1,NA,1,27495445,50,0,White,1,0
23,2,39,4,0,0,-1,NA,1,25653127,45,1,Asian,1,0
20,2,40,1,0,0,-1,NA,4,29834685,NA,1,White,0,0
22,1,43,1,0,1,1,College,4,27674976,NA,0,White,0,1
19,2,38,1,0,1,1,College,7,32593804,NA,1,White,0,1
20,1,40,1,0,1,1,College,1,27485174,8,0,White,1,1
18,2,40,1,0,0,-1,NA,1,36224202,15,1,White,1,0
24,2,43,1,0,1,1,College,1,23667097,40,1,White,1,1
24,2,43,1,0,0,-1,NA,1,27756261,40,1,White,1,0
19,1,40,1,0,1,1,College,7,41832179,NA,0,White,0,1
23,2,42,1,1,0,-1,NA,1,53987084,40,1,White,1,0
18,1,38,5,0,0,-1,NA,7,70192755,NA,0,Other,0,0
18,1,38,2,0,1,1,High school,1,51969079,20,0,Black,1,0
19,2,40,4,0,1,2,College,7,60467076,NA,1,Asian,0,1
22,2,40,4,0,1,1,College,7,51294291,NA,1,Asian,0,1
21,2,40,1,0,0,-1,NA,1,49951679,NA,1,White,1,0
19,2,37,1,0,0,-1,NA,7,50372091,NA,1,White,0,0
18,1,37,1,0,1,1,High school,7,50487763,NA,0,White,0,0
22,2,43,2,0,1,1,College,1,57489821,24,1,Black,1,1
19,2,43,2,0,1,1,College,7,41506906,NA,1,Black,0,1
24,1,39,1,0,0,-1,NA,1,51859048,40,0,White,1,0
21,1,41,1,0,0,-1,NA,1,55058870,45,0,White,1,0
19,1,39,1,0,0,-1,NA,1,50412181,50,0,White,1,0
19,2,40,1,0,1,1,College,7,66970466,NA,1,White,0,1
18,2,37,1,0,1,1,High school,1,41385494,14,1,White,1,0
21,2,40,4,0,1,1,College,1,45529559,NA,1,Asian,1,1
23,1,43,1,0,0,-1,NA,1,62848437,20,0,White,1,0
21,2,43,1,0,1,1,College,1,57974909,20,1,White,1,1
23,2,43,1,1,0,-1,NA,1,58243916,40,1,White,1,0
24,2,44,1,0,0,-1,NA,1,54373377,40,1,White,1,0
23,1,41,1,0,0,-1,NA,1,41945073,40,0,White,1,0
19,1,41,2,0,1,1,College,7,40874627,NA,0,Black,0,1
21,1,41,2,0,1,1,College,1,51454670,NA,0,Black,1,1
20,1,43,1,0,1,1,College,1,39538221,30,0,White,1,1
20,2,43,1,0,1,1,College,1,41232571,30,1,White,1,1
22,1,40,1,0,1,1,College,7,53910418,NA,0,White,0,1
24,1,39,2,0,0,-1,NA,1,40192475,40,0,Black,1,0
19,1,40,2,0,1,1,College,1,40124796,25,0,Black,1,1
19,1,39,2,0,0,-1,NA,1,40124796,NA,0,Black,1,0
20,2,39,2,0,0,-1,NA,1,50343046,25,1,Black,1,0
19,1,39,1,0,1,1,College,7,55988549,NA,0,White,0,1
19,1,40,1,0,1,2,College,1,7948699,35,0,White,1,1
19,1,40,1,0,1,2,College,1,7948699,35,0,White,1,1
21,1,40,1,0,1,2,College,1,9586573,35,0,White,1,1
23,2,40,1,0,1,1,College,1,9631209,24,1,White,1,1
18,1,39,1,0,0,-1,NA,1,8703739,20,0,White,1,0
19,1,40,1,0,1,1,College,7,9021059,NA,0,White,0,1
19,1,40,1,0,1,1,College,1,5965852,15,0,White,1,1
24,2,39,1,0,0,-1,NA,1,13895217,40,1,White,1,0
19,1,39,1,1,0,-1,NA,1,14528116,40,0,White,1,0
18,2,39,3,0,0,-1,NA,1,18673119,20,1,Other,1,0
24,2,40,1,0,0,-1,NA,1,14898043,40,1,White,1,0
22,1,40,6,0,0,-1,NA,1,20772777,35,0,Other,1,0
21,1,38,6,1,0,-1,NA,7,18568094,NA,0,Other,0,0
20,1,37,6,1,1,1,High school,7,18568094,NA,0,Other,0,0
18,1,35,6,1,1,1,High school,7,18540943,NA,0,Other,0,0
21,2,39,1,0,0,-1,NA,1,15989793,NA,1,White,1,0
23,2,41,1,1,0,-1,NA,4,26646022,NA,1,White,0,0
20,1,40,4,0,1,1,College,7,17362309,NA,0,Asian,0,1
24,1,39,1,0,0,-1,NA,1,34302295,NA,0,White,1,0
21,1,40,6,0,1,1,College,1,23461190,20,0,Other,1,1
20,2,40,1,0,0,-1,NA,1,17581961,15,1,White,1,0
20,2,39,3,0,0,-1,NA,7,14481293,NA,1,Other,0,0
24,2,41,1,0,0,-1,NA,1,13748629,40,1,White,1,0
18,2,39,1,0,1,1,College,7,5547464,NA,1,White,0,1
24,2,39,1,0,0,-1,NA,1,29871167,38,1,White,1,0
22,1,40,1,0,1,1,College,1,23918631,30,0,White,1,1
22,1,40,1,0,1,1,College,1,23918631,30,0,White,1,1
19,2,39,1,0,0,-1,NA,1,40155482,40,1,White,1,0
19,2,39,1,0,0,-1,NA,1,35292505,40,1,White,1,0
21,1,39,1,1,0,-1,NA,1,34372834,40,0,White,1,0
19,2,38,1,1,0,-1,NA,7,37234462,NA,1,White,0,0
18,2,38,1,0,0,-1,NA,1,33764088,40,1,White,1,0
23,2,39,1,0,0,-1,NA,7,35105392,NA,1,White,0,0
21,1,39,1,0,0,-1,NA,1,31346127,20,0,White,1,0
20,2,40,1,0,1,1,College,1,7328228,10,1,White,1,1
23,2,39,1,0,0,-1,NA,1,9060958,24,1,White,1,0
21,1,40,1,0,1,2,College,1,9566647,5,0,White,1,1
22,2,39,1,0,0,-1,NA,1,62183477,40,1,White,1,0
18,2,40,1,0,1,1,College,7,78843960,NA,1,White,0,1
18,1,39,2,0,0,-1,NA,1,57408969,30,0,Black,1,0
20,1,39,2,0,0,-1,NA,7,72268783,NA,0,Black,0,0
23,1,40,1,0,1,1,College,1,71019015,NA,0,White,1,1
22,1,43,1,0,1,2,College,7,54718246,NA,0,White,0,1
19,2,40,1,0,1,1,College,7,51069529,NA,1,White,0,1
21,1,39,2,0,0,-1,NA,4,68057369,NA,0,Black,0,0
20,1,40,1,1,1,1,College,1,48368758,24,0,White,1,1
24,2,43,1,0,0,-1,NA,1,55657677,40,1,White,1,0
19,1,39,1,1,0,-1,NA,1,48829180,40,0,White,1,0
18,1,40,4,0,1,1,College,7,55971166,NA,0,Asian,0,1
21,2,39,1,1,0,-1,NA,1,59121407,40,1,White,1,0
22,1,39,1,1,0,-1,NA,1,53384231,40,0,White,1,0
19,2,39,1,1,1,1,College,1,64618621,NA,1,White,1,1
22,2,40,1,0,1,1,College,1,51905634,25,1,White,1,1
18,2,40,1,0,1,1,College,1,65812430,16,1,White,1,1
18,1,37,1,1,1,1,High school,7,69316610,NA,0,White,0,0
23,2,39,2,0,0,-1,NA,1,82822119,40,1,Black,1,0
19,2,39,1,0,0,-1,NA,1,64315740,NA,1,White,1,0
19,1,39,1,0,0,-1,NA,1,71229122,40,0,White,1,0
20,1,40,1,0,1,1,College,1,57449375,12,0,White,1,1
18,1,40,1,0,1,1,College,7,52158824,NA,0,White,0,1
21,1,39,1,1,0,-1,NA,7,44906769,NA,0,White,0,0
18,2,39,2,0,1,1,College,7,82015210,NA,1,Black,0,1
21,1,39,4,0,0,-1,NA,4,48106081,NA,0,Asian,0,0
20,2,39,4,0,0,-1,NA,4,53474869,NA,1,Asian,0,0
21,2,42,8,0,1,1,College,1,112246860,16,1,Other,1,1
22,2,40,1,1,1,1,College,1,63540317,20,1,White,1,1
21,2,40,6,0,1,1,College,1,112246860,20,1,Other,1,1
24,2,43,1,1,1,1,College,1,40805675,25,1,White,1,1
18,2,40,1,1,1,1,College,7,49199438,NA,1,White,0,1
23,1,40,1,0,1,1,College,1,52433503,NA,0,White,1,1
23,2,43,1,0,0,-1,NA,1,51886884,40,1,White,1,0
22,1,39,5,0,0,-1,NA,1,89629633,37,0,Other,1,0
23,2,39,2,0,0,-1,NA,1,98871899,40,1,Black,1,0
18,2,33,1,1,0,-1,NA,7,59631673,NA,1,White,0,0
18,2,39,1,1,0,-1,NA,1,53739424,30,1,White,1,0
22,2,43,2,0,0,-1,NA,1,95110304,35,1,Black,1,0
22,2,43,2,0,0,-1,NA,1,95110304,40,1,Black,1,0
21,1,43,1,0,0,-1,NA,1,56507462,40,0,White,1,0
23,1,43,1,0,0,-1,NA,1,56507462,40,0,White,1,0
23,1,43,1,1,0,-1,NA,1,47918246,40,0,White,1,0
22,1,44,2,0,0,-1,NA,1,69858451,40,0,Black,1,0
23,2,39,1,1,0,-1,NA,1,62372050,20,1,White,1,0
23,2,40,1,0,1,1,College,1,66020339,10,1,White,1,1
24,1,43,1,1,1,1,College,1,60914454,40,0,White,1,1
18,2,36,16,1,1,1,High school,7,72918233,NA,1,Other,0,0
21,2,43,1,0,1,1,College,1,17283975,3,1,White,1,1
19,1,39,1,1,1,2,College,1,16674687,40,0,White,1,1
23,1,39,1,0,0,-1,NA,1,21656764,15,0,White,1,0
18,2,39,1,0,1,2,College,7,31547783,NA,1,White,0,1
22,1,41,1,0,0,-1,NA,1,21737939,40,0,White,1,0
18,2,40,1,0,1,1,College,7,23643619,NA,1,White,0,1
20,2,40,1,0,0,-1,NA,7,20152214,NA,1,White,0,0
21,1,39,1,0,0,-1,NA,1,20950844,60,0,White,1,0
19,2,39,1,0,1,2,College,7,23880904,NA,1,White,0,1
19,1,39,1,0,0,-1,NA,1,19182699,24,0,White,1,0
18,2,36,6,0,1,2,High school,7,86670327,NA,1,Other,0,0
19,1,40,1,0,0,-1,NA,7,68629292,NA,0,White,0,0
24,2,39,1,1,0,-1,NA,1,45134173,10,1,White,1,0
20,1,39,1,1,0,-1,NA,1,43619735,NA,0,White,1,0
18,1,39,1,1,0,-1,NA,4,47987050,NA,0,White,0,0
20,2,40,1,0,1,1,College,1,51966829,20,1,White,1,1
24,1,43,1,0,0,-1,NA,1,50359156,40,0,White,1,0
18,1,38,1,0,0,-1,NA,1,42267740,45,0,White,1,0
18,1,39,1,0,0,-1,NA,4,44075732,NA,0,White,0,0
18,1,39,1,1,0,-1,NA,7,37340465,NA,0,White,0,0
19,1,40,1,0,0,-1,NA,1,31777513,40,0,White,1,0
22,1,41,1,0,1,1,College,1,37127822,NA,0,White,1,1
22,1,40,1,0,1,1,College,7,37127822,NA,0,White,0,1
22,1,42,1,0,1,1,College,1,37127822,NA,0,White,1,1
21,2,39,1,0,0,-1,NA,7,40116924,NA,1,White,0,0
18,1,39,1,1,1,1,College,1,37000900,16,0,White,1,1
20,2,40,1,0,1,1,College,1,47580522,20,1,White,1,1
19,1,40,1,0,1,1,College,4,48022526,NA,0,White,0,1
21,1,39,1,0,1,1,College,1,43683391,25,0,White,1,1
21,2,40,1,0,1,1,College,1,43517250,38,1,White,1,1
19,2,40,1,0,1,1,College,1,38067831,16,1,White,1,1
19,2,40,1,0,1,1,College,7,46790386,NA,1,White,0,1
20,1,39,2,0,0,-1,NA,1,62944329,40,0,Black,1,0
21,2,40,1,1,1,2,College,1,40650068,8,1,White,1,1
21,2,40,1,0,0,-1,NA,2,52448806,30,1,White,1,0
23,2,39,1,0,0,-1,NA,1,52448806,30,1,White,1,0
23,2,40,1,0,1,2,College,7,76479660,NA,1,White,0,1
24,1,43,1,0,0,-1,NA,1,38495604,60,0,White,1,0
23,1,40,1,0,1,1,College,7,38495604,NA,0,White,0,1
21,1,41,1,0,1,1,College,7,38495604,NA,0,White,0,1
22,2,39,1,0,0,-1,NA,7,4749164,NA,1,White,0,0
24,2,39,1,0,0,-1,NA,1,4749164,40,1,White,1,0
24,2,39,4,0,0,-1,NA,1,4946872,38,1,Asian,1,0
22,2,39,4,0,0,-1,NA,1,4946872,32,1,Asian,1,0
18,2,39,4,0,1,2,College,1,4505852,24,1,Asian,1,1
22,2,39,1,1,0,-1,NA,1,57157706,40,1,White,1,0
24,2,39,1,0,0,-1,NA,1,15075199,40,1,White,1,0
23,1,39,5,0,0,-1,NA,1,11347011,40,0,Other,1,0
22,2,39,5,0,0,-1,NA,1,10487627,40,1,Other,1,0
23,2,43,1,0,0,-1,NA,1,8803413,30,1,White,1,0
18,1,40,1,1,1,1,College,7,22747107,NA,0,White,0,1
24,1,39,1,0,0,-1,NA,1,6515748,40,0,White,1,0
21,2,37,1,0,0,-1,NA,1,6264500,40,1,White,1,0
21,1,40,1,1,1,2,College,1,10654225,25,0,White,1,1
23,2,38,1,0,0,-1,NA,5,28116700,NA,1,White,0,0
23,1,43,1,1,0,-1,NA,1,14858064,40,0,White,1,0
19,2,40,1,1,1,1,College,1,16272994,40,1,White,1,1
18,2,37,1,1,1,1,High school,7,18085530,NA,1,White,0,0
22,1,40,1,1,1,1,College,1,14858064,10,0,White,1,1
21,1,40,1,1,0,-1,NA,1,5101873,NA,0,White,1,0
23,2,39,1,0,0,-1,NA,1,6424296,40,1,White,1,0
24,1,43,1,1,0,-1,NA,1,5925786,40,0,White,1,0
24,2,43,1,1,1,2,College,1,5258125,25,1,White,1,1
23,1,39,1,1,0,-1,NA,1,24288311,40,0,White,1,0
19,1,39,1,1,0,-1,NA,1,26409790,40,0,White,1,0
22,2,42,1,1,1,1,College,1,26036521,NA,1,White,1,1
20,2,39,1,1,0,-1,NA,7,22356780,NA,1,White,0,0
20,1,39,1,0,0,-1,NA,1,23918631,20,0,White,1,0
20,2,40,1,0,0,-1,NA,1,6676640,40,1,White,1,0
18,2,38,1,1,1,1,High school,7,41433193,NA,1,White,0,0
22,2,39,1,0,0,-1,NA,6,4153982,NA,1,White,0,0
24,1,39,1,0,0,-1,NA,1,5017454,40,0,White,1,0
21,2,39,1,0,0,-1,NA,7,4358472,NA,1,White,0,0
23,1,39,1,0,0,-1,NA,1,5045240,40,0,White,1,0
23,1,39,1,1,0,-1,NA,2,4136600,NA,0,White,1,0
23,1,39,2,0,0,-1,NA,1,60426152,40,0,Black,1,0
20,1,39,2,0,0,-1,NA,1,60426152,40,0,Black,1,0
20,1,40,1,1,0,-1,NA,7,42504736,NA,0,White,0,0
21,2,40,1,0,1,2,College,2,80751868,1,1,White,1,1
20,2,40,1,0,1,1,College,1,80751868,12,1,White,1,1
19,2,39,1,0,0,-1,NA,1,67994314,NA,1,White,1,0
19,1,40,1,0,1,2,College,1,59652520,NA,0,White,1,1
23,1,39,1,1,0,-1,NA,1,52315489,40,0,White,1,0
24,2,39,1,1,0,-1,NA,1,45964879,40,1,White,1,0
24,2,39,1,1,0,-1,NA,2,48182223,32,1,White,1,0
23,1,43,1,0,0,-1,NA,1,24855531,40,0,White,1,0
22,2,43,1,0,0,-1,NA,1,23088458,33,1,White,1,0
23,1,43,2,0,1,1,College,7,39253613,NA,0,Black,0,1
20,1,40,8,0,1,1,College,7,76766100,NA,0,Other,0,1
22,1,39,1,0,0,-1,NA,7,14907210,NA,0,White,0,0
24,1,43,1,0,0,-1,NA,1,14662409,40,0,White,1,0
23,1,39,2,1,0,-1,NA,1,51403938,40,0,Black,1,0
24,2,40,2,1,1,2,College,1,49714478,40,1,Black,1,1
21,2,40,2,0,1,1,College,7,70894862,NA,1,Black,0,1
20,2,40,2,0,1,2,College,1,70894862,40,1,Black,1,1
22,2,40,2,0,1,1,College,7,71377221,NA,1,Black,0,1
23,2,39,1,1,0,-1,NA,1,57794599,40,1,White,1,0
20,2,40,4,0,1,1,College,1,53287284,8,1,Asian,1,1
24,2,40,2,0,0,-1,NA,1,67769148,40,1,Black,1,0
23,1,43,1,0,1,1,College,7,3758002,NA,0,White,0,1
23,2,43,1,0,0,-1,NA,1,4689816,40,1,White,1,0
23,2,43,4,0,0,-1,NA,1,3369593,40,1,Asian,1,0
23,2,43,1,0,0,-1,NA,1,5274709,40,1,White,1,0
22,1,38,1,1,0,-1,NA,7,15679436,NA,0,White,0,0
21,2,40,4,0,1,1,College,7,24737859,NA,1,Asian,0,1
20,2,40,4,0,1,1,College,7,24737859,NA,1,Asian,0,1
19,2,40,1,0,1,1,College,7,5016374,NA,1,White,0,1
18,2,37,1,1,1,1,High school,7,53718170,NA,1,White,0,0
22,2,40,1,1,1,1,College,7,43491233,NA,1,White,0,1
21,1,40,1,1,1,1,College,7,43576413,NA,0,White,0,1
22,2,37,1,1,0,-1,NA,1,50222441,20,1,White,1,0
24,2,43,4,0,0,-1,NA,1,50544247,45,1,Asian,1,0
24,2,43,6,0,1,1,College,7,50920034,NA,1,Other,0,1
19,2,39,1,1,1,1,College,7,50652809,NA,1,White,0,1
19,2,40,1,1,1,1,College,7,44777447,NA,1,White,0,1
23,1,39,3,1,0,-1,NA,2,58259063,35,0,Other,1,0
22,2,39,3,1,0,-1,NA,7,55039950,NA,1,Other,0,0
18,1,39,5,0,1,1,College,7,68068623,NA,0,Other,0,1
21,2,40,5,0,1,1,College,1,95971775,15,1,Other,1,1
18,1,39,7,1,0,-1,NA,4,73271070,NA,0,Other,0,0
22,2,33,1,1,0,-1,NA,1,46490445,40,1,White,1,0
21,2,39,1,1,0,-1,NA,1,42419798,40,1,White,1,0
19,2,39,1,1,0,-1,NA,4,46019765,NA,1,White,0,0
21,2,40,1,0,1,1,College,1,33095303,NA,1,White,1,1
21,1,39,1,1,1,1,College,1,31469372,60,0,White,1,1
21,2,39,1,1,1,1,College,1,39513682,NA,1,White,1,1
18,1,39,1,0,0,-1,NA,7,43924886,NA,0,White,0,0
22,2,43,1,0,0,-1,NA,1,42708578,40,1,White,1,0
22,2,43,1,0,0,-1,NA,1,42708578,40,1,White,1,0
18,2,39,1,1,0,-1,NA,1,11070254,15,1,White,1,0
18,2,40,2,0,0,-1,NA,7,56939734,NA,1,Black,0,0
22,1,39,2,1,0,-1,NA,1,65731296,40,0,Black,1,0
19,1,40,1,0,1,1,College,7,52762285,NA,0,White,0,1
22,2,39,1,0,0,-1,NA,1,58911105,40,1,White,1,0
22,1,40,1,0,1,2,College,1,48970351,40,0,White,1,1
22,2,39,1,0,0,-1,NA,1,68033871,NA,1,White,1,0
18,2,39,1,0,0,-1,NA,1,66929746,35,1,White,1,0
18,2,39,1,0,0,-1,NA,2,9143299,16,1,White,1,0
20,2,40,1,0,1,1,College,1,10073501,20,1,White,1,1
20,2,39,1,0,0,-1,NA,1,13507433,40,1,White,1,0
20,1,39,1,0,0,-1,NA,1,10904292,50,0,White,1,0
21,2,40,4,0,1,1,College,7,71429935,NA,1,Asian,0,1
19,2,40,4,0,1,1,College,7,57011609,NA,1,Asian,0,1
18,2,39,1,0,1,2,College,1,63074219,20,1,White,1,1
18,2,39,2,0,1,1,College,7,103212134,NA,1,Black,0,1
22,1,43,1,1,0,-1,NA,1,57720585,40,0,White,1,0
19,1,40,1,1,1,1,College,7,57991184,NA,0,White,0,1
21,2,40,1,0,1,1,College,7,56570052,NA,1,White,0,1
19,1,39,2,0,1,1,College,7,21879027,NA,0,Black,0,1
20,2,39,1,0,1,1,College,7,89054746,NA,1,White,0,1
22,1,40,1,0,1,1,College,1,58160745,25,0,White,1,1
21,1,41,1,0,1,2,College,1,55216876,40,0,White,1,1
18,1,39,1,0,1,1,College,7,48508964,NA,0,White,0,1
23,2,40,1,0,0,-1,NA,1,13361323,20,1,White,1,0
23,1,39,1,0,0,-1,NA,1,16863408,40,0,White,1,0
19,1,40,1,0,1,1,College,1,15440222,25,0,White,1,1
21,2,40,2,0,1,1,College,1,27444977,25,1,Black,1,1
19,2,40,1,0,1,1,College,7,19658886,NA,1,White,0,1
19,1,39,1,0,1,1,College,1,14467489,16,0,White,1,1
19,2,39,1,1,0,-1,NA,7,27651778,NA,1,White,0,0
19,2,39,1,1,1,1,College,7,30257133,NA,1,White,0,1
20,2,39,1,0,0,-1,NA,7,57857083,NA,1,White,0,0
22,2,39,1,1,0,-1,NA,3,16061594,NA,1,White,0,0
22,1,40,1,1,1,2,College,1,14570080,4,0,White,1,1
20,1,40,1,1,1,2,College,4,14570080,NA,0,White,0,1
24,2,42,1,0,0,-1,NA,7,64873243,NA,1,White,0,0
24,2,39,1,1,0,-1,NA,7,63962387,NA,1,White,0,0
19,2,43,1,0,1,1,College,7,64663785,NA,1,White,0,1
24,1,39,1,0,0,-1,NA,1,65517495,27,0,White,1,0
22,1,39,1,0,0,-1,NA,7,49645182,NA,0,White,0,0
19,1,39,1,0,0,-1,NA,7,48565405,NA,0,White,0,0
21,2,39,1,0,0,-1,NA,7,62510214,NA,1,White,0,0
20,1,39,4,0,0,-1,NA,7,33318951,NA,0,Asian,0,0
19,2,39,4,0,0,-1,NA,1,39074923,24,1,Asian,1,0
22,1,42,1,0,1,1,College,1,69866792,16,0,White,1,1
19,2,39,1,1,0,-1,NA,1,17577222,6,1,White,1,0
22,1,40,2,0,1,1,College,1,34438207,16,0,Black,1,1
18,1,39,2,0,1,1,College,1,34380218,30,0,Black,1,1
22,1,40,1,1,0,-1,NA,1,41523681,40,0,White,1,0
21,1,39,1,1,0,-1,NA,1,41523681,40,0,White,1,0
24,1,43,4,0,0,-1,NA,1,55828330,38,0,Asian,1,0
23,1,42,4,0,0,-1,NA,1,55828330,40,0,Asian,1,0
19,1,39,4,0,0,-1,NA,1,52718326,40,0,Asian,1,0
21,1,39,1,1,0,-1,NA,1,45057867,40,0,White,1,0
18,2,40,1,1,1,1,College,1,62559436,20,1,White,1,1
23,2,40,1,1,0,-1,NA,1,20216438,40,1,White,1,0
24,1,38,1,1,0,-1,NA,1,16799978,40,0,White,1,0
22,2,43,1,0,0,-1,NA,1,5503283,40,1,White,1,0
24,2,44,1,1,0,-1,NA,1,52981618,35,1,White,1,0
24,1,39,1,1,0,-1,NA,1,40883375,40,0,White,1,0
24,2,39,1,1,0,-1,NA,1,5961142,48,1,White,1,0
23,1,40,1,1,0,-1,NA,1,5313011,48,0,White,1,0
18,1,38,1,1,1,1,High school,1,6931677,20,0,White,1,0
20,1,36,2,0,0,-1,NA,1,7215759,30,0,Black,1,0
19,2,40,2,0,1,1,College,1,9007604,20,1,Black,1,1
22,1,43,1,0,1,1,College,7,10319799,NA,0,White,0,1
20,1,42,1,0,1,1,College,7,10319799,NA,0,White,0,1
18,1,39,1,0,1,1,College,7,9369441,NA,0,White,0,1
20,2,40,1,0,1,1,College,1,20428141,25,1,White,1,1
21,1,39,1,0,0,-1,NA,1,25004134,40,0,White,1,0
24,2,39,6,0,0,-1,NA,1,34147192,25,1,Other,1,0
20,1,34,1,1,0,-1,NA,4,14514961,NA,0,White,0,0
22,2,39,1,1,0,-1,NA,1,17920499,25,1,White,1,0
22,2,39,1,1,0,-1,NA,7,17920499,NA,1,White,0,0
23,2,39,1,0,1,1,College,1,14690598,40,1,White,1,1
24,2,43,1,0,0,-1,NA,1,32399250,40,1,White,1,0
20,1,39,1,0,1,1,High school,7,12358265,NA,0,White,0,0
21,2,39,1,0,0,-1,NA,1,31868889,40,1,White,1,0
23,1,39,1,0,0,-1,NA,1,31454912,33,0,White,1,0
24,2,41,1,0,0,-1,NA,1,38920305,40,1,White,1,0
24,1,39,2,0,0,-1,NA,1,45077611,40,0,Black,1,0
23,2,39,1,0,0,-1,NA,1,8434023,40,1,White,1,0
18,1,38,1,0,0,-1,NA,7,7396013,NA,0,White,0,0
